key,vehicle_id,series_label,series_code,model_name,type_code,body,market,prod_start,prod_end
11AA-EUR--,,X1 F48 LCI,,X1 18i,11AA,SUV,EUR,,
12FZ-EUR--,,3 Series G21 Touring LCI,,318d,12FZ,Touring,EUR,,
1A10-BRA--,,1 Series F20,,116i,1A10,5 doors,BRA,,
20FU-EUR--,,3 Series G20 Sedan LCI,,318d,20FU,Sedan,EUR,,
22FU-EUR--,,3 Series G20 Sedan LCI,,318d,22FU,Sedan,EUR,,
22HJ-EUR--,,3 Series G80 M3 LCI,,M3 Competition,22HJ,Sedan,EUR,,
31AB-EUR--,,X1 F48 LCI,,X1 25iX,31AB,SUV,EUR,,
3441-EUR--,,2.5CS-3.0CSL,,3.0CSi,3441,Coupe,EUR,,
3A10-BRA--,,3 Series F30,,316i,3A10,Sedan,BRA,,
42FY-EUR--,,3 Series G21 Touring LCI,,320e,42FY,Touring,EUR,,
42FZ-EUR--,,3 Series G21 Touring LCI,,330d,42FZ,Touring,EUR,,
50CD-EUR--,,3 Series G20 Sedan LCI,,330d,50CD,Sedan,EUR,,
50FU-EUR--,,3 Series G20 Sedan LCI,,330dX,50FU,Sedan,EUR,,
52FU-EUR--,,3 Series G20 Sedan LCI,,330dX,52FU,Sedan,EUR,,
52FZ-EUR--,,3 Series G21 Touring LCI,,330dX,52FZ,Touring,EUR,,
52GK-EUR--,,3 Series G20 Sedan LCI,,330eX,52GK,Sedan,EUR,,
5Y92-EUR--,,3 Series G20 Sedan,,320e,5Y92,Sedan,EUR,,
62FR-EUR--,,4 Series G26 Gran Coupé LCI,,430dX,62FR,Gran Coupé,EUR,,
6X92-EUR--,,2 Series F46 Gran Tourer LCI,,216d,6X92,Gran Tourer,EUR,,
72FF-EUR--,,3 Series G20 Sedan LCI,,320iX,72FF,Sedan,EUR,,
7P31-EUR--,,2 Series F46 Gran Tourer LCI,,220d,7P31,Gran Tourer,EUR,,
7P32-EUR--,,2 Series F46 Gran Tourer LCI,,220d,7P32,Gran Tourer,EUR,,
8E39-RUS--,,3 Series F30 LCI,,318i,8E39,Sedan,RUS,,
8F12-EUR--,,3 Series F30 LCI,,325d,8F12,Sedan,EUR,,
8K52-EUR--,,3 Series F31 LCI,,325d,8K52,Touring,EUR,,
8N10-BRA--,,3 Series F30,,316i,8N10,Sedan,BRA,,
8N50-BRA--,,3 Series F30,,328i,8N50,Sedan,BRA,,
8X78-MYS--,,3 Series F34 GT LCI,,330i,8X78,Gran Turismo,MYS,,
9001-USA--,,MS BMW Motorsport,,F82 M4 GT4,9001,Coupe,USA,,
9002-EUR--,,MS BMW Motorsport,,M4 GT3,9002,Coupe,EUR,,
9020-EUR--,,BMW Classic Motorsport,,E36 318iS Class 2,9020,Sedan,EUR,,
9063-USA--,,MS BMW Motorsport,,M235i Racing,9063,Coupe,USA,,
9080-EUR--,,MS BMW Motorsport,,M235i Racing,9080,Coupe,EUR,,
9082-EUR--,,MS BMW Motorsport,,M6 GT3,9082,Coupe,EUR,,
9884-USA--,,A15,,A15 (9884),9884,,USA,,
9X01-EUR--,,A40,,"A40 (9X01, 9X02)",9X01,,EUR,,
9X02-USA--,,A40,,"A40 (9X01, 9X02)",9X02,,USA,,
9X10-EUR--,,A73,,A73 (9X10),9X10,,EUR,,
AF68-ZA--,,3 Series E30,,318i,AF68,Coupe,ZA,,
AH72-EUR--,,3 Series E30,,320i,AH72,Touring,EUR,,
AH82-EUR--,,3 Series E30,,320i,AH82,Touring,EUR,,
JJ51-EUR--,,X1 F48,,X1 18i,JJ51,SUV,EUR,,
JJ71-EUR--,,X1 F48,,X1 20i,JJ71,SUV,EUR,,
JJ91-EUR--,,X1 F48,,X1 25iX,JJ91,SUV,EUR,,
KS07-IND--,,X5 F15,,X5 25d,KS07,SUV,IND,,
VM10-BRA--,,X1 E84,,X1 28iX,VM10,SUV,BRA,,
WX90-BRA--,,X3 F25,,X3 28iX,WX90,SUV,BRA,,
XG37-IND--,,5 Series F10,,528i,XG37,Sedan,IND,,
YK92-EUR--,,X2 F39,,X2 20d,YK92,SAC,EUR,,
ST01-EUR-01-1928,ST01-EUR-01-1928-CMSP-BMW-E30_M3_GrN,BMW Classic Motorsport,CMSP,E30 M3 Gr.N,ST01,Coupe,EUR,1928-01,1932-09
ST02-EUR-01-1930,ST02-EUR-01-1930-CMSP-BMW-E30_M3_GrA_DTM,BMW Classic Motorsport,CMSP,E30 M3 Gr.A/DTM,ST02,Coupe,EUR,1930-01,1931-09
ST03-EUR-01-1932,ST03-EUR-01-1932-CMSP-BMW-E36_320i_STC_'95,BMW Classic Motorsport,CMSP,E36 320i STC '95,ST03,Sedan,EUR,1932-01,1934-09
ST04-EUR-01-1933,ST04-EUR-01-1933-CMSP-BMW-E36_M3_GrN,BMW Classic Motorsport,CMSP,E36 M3 Gr.N,ST04,Coupe,EUR,1933-01,1937-09
ST05-EUR-01-1933,ST05-EUR-01-1933-CMSP-BMW-E36_M3_GrA,BMW Classic Motorsport,CMSP,E36 M3 Gr.A,ST05,Coupe,EUR,1933-01,1937-09
ST06-EUR-01-1933,ST06-EUR-01-1933-VET-BMW-315,Veteranen,VET,315,ST06,Coupe,EUR,1933-01,1937-09
ST07-EUR-01-1933,ST07-EUR-01-1933-VET-BMW-319,Veteranen,VET,319,ST07,Coupe,EUR,1933-01,1937-09
ST08-EUR-01-1934,ST08-EUR-01-1934-VET-BMW-315,Veteranen,VET,315,ST08,Convertible,EUR,1934-01,1937-09
ST09-EUR-01-1934,ST09-EUR-01-1934-VET-BMW-319,Veteranen,VET,319,ST09,Convertible,EUR,1934-01,1937-09
ST39-EUR-01-1935,ST39-EUR-01-1935-VET-BMW-319_1,Veteranen,VET,319/1,ST39,Roadster,EUR,1935-01,1936-09
ST40-EUR-01-1935,ST40-EUR-01-1935-VET-BMW-315_1,Veteranen,VET,315/1,ST40,Roadster,EUR,1935-01,1936-09
ST41-EUR-01-1936,ST41-EUR-01-1936-VET-BMW-328,Veteranen,VET,328,ST41,Roadster,EUR,1936-01,1940-09
ST42-EUR-01-1936,ST42-EUR-01-1936-VET-BMW-326,Veteranen,VET,326,ST42,Sedan,EUR,1936-01,1941-09
ST43-EUR-01-1936,ST43-EUR-01-1936-VET-BMW-329,Veteranen,VET,329,ST43,Convertible,EUR,1936-01,1937-09
ST53-EUR-01-1936,ST53-EUR-01-1936-VET-BMW-326,Veteranen,VET,326,ST53,Convertible 4-door,EUR,1936-01,1941-12
ST44-EUR-01-1937,ST44-EUR-01-1937-VET-BMW-320,Veteranen,VET,320,ST44,Coupe,EUR,1937-01,1938-09
ST46-EUR-01-1937,ST46-EUR-01-1937-VET-BMW-327,Veteranen,VET,327,ST46,Coupe,EUR,1937-01,1941-09
ST47-EUR-01-1937,ST47-EUR-01-1937-VET-BMW-327,Veteranen,VET,327,ST47,Coupe,EUR,1937-01,1940-09
ST56-EUR-01-1937,ST56-EUR-01-1937-VET-BMW-327,Veteranen,VET,327,ST56,Convertible,EUR,1937-01,1941-12
ST45-EUR-01-1939,ST45-EUR-01-1939-VET-BMW-321,Veteranen,VET,321,ST45,Coupe,EUR,1939-01,1941-09
ST48-EUR-01-1939,ST48-EUR-01-1939-VET-BMW-335,Veteranen,VET,335,ST48,Sedan,EUR,1939-01,1941-09
ST34-EUR-01-1952,ST34-EUR-01-1952-V8-BMW-501,V8,V8,501,ST34,Sedan,EUR,1952-01,1964-09
ST38-EUR-01-1954,ST38-EUR-01-1954-V8-BMW-502,V8,V8,502,ST38,Sedan,EUR,1954-01,1963-09
ST54-EUR-01-1954,ST54-EUR-01-1954-V8-BMW-502,V8,V8,502,ST54,Convertible,EUR,1954-01,1963-12
ST26-EUR-01-1955,ST26-EUR-01-1955-ISE-BMW-Isetta_250,Isetta,ISE,Isetta 250,ST26,Motocoupé,EUR,1955-01,1962-09
ST27-EUR-01-1955,ST27-EUR-01-1955-ISE-BMW-Isetta_300,Isetta,ISE,Isetta 300,ST27,Motocoupé,EUR,1955-01,1962-09
ST36-EUR-01-1955,ST36-EUR-01-1955-V8-BMW-503,V8,V8,503,ST36,Coupe,EUR,1955-01,1963-09
ST37-EUR-01-1955,ST37-EUR-01-1955-V8-BMW-507,V8,V8,507,ST37,Roadster,EUR,1955-01,1959-09
ST55-EUR-01-1955,ST55-EUR-01-1955-V8-BMW-503,V8,V8,503,ST55,Convertible,EUR,1955-01,1963-12
ST28-USA-01-1956,ST28-USA-01-1956-ISE-BMW-Isetta_300,Isetta,ISE,Isetta 300,ST28,Motocoupé,USA,1956-01,1958-09
ST29-EUR-01-1957,ST29-EUR-01-1957-ISE-BMW-Isetta_300,Isetta,ISE,Isetta 300,ST29,Motocoupé,EUR,1957-01,1957-09
ST31-EUR-01-1957,ST31-EUR-01-1957-ISE-BMW-Isetta_600,Isetta,ISE,Isetta 600,ST31,Moto coupé 4-seat,EUR,1957-01,1959-09
ST30-EUR-01-1958,ST30-EUR-01-1958-ISE-BMW-Isetta_300_Dreirad,Isetta,ISE,Isetta 300 Dreirad,ST30,Motocoupé,EUR,1958-01,1960-09
ST32-USA-01-1958,ST32-USA-01-1958-ISE-BMW-Isetta_600,Isetta,ISE,Isetta 600,ST32,Moto coupé 4-seat,USA,1958-01,1959-09
ST50-EUR-01-1959,ST50-EUR-01-1959-700-BMW-700,700,700,700,ST50,Coupe,EUR,1959-01,1964-09
ST52-EUR-01-1959,ST52-EUR-01-1959-700-BMW-700,700,700,700,ST52,Coupe,EUR,1959-01,1962-09
1543-EUR-01-1960,1543-EUR-01-1960-700-BMW-700,700,700,700,1543,Coupe,EUR,1960-01,1964-09
1544-USA-01-1960,1544-USA-01-1960-700-BMW-700,700,700,700,1544,Coupe,USA,1960-01,1962-09
ST51-USA-01-1960,ST51-USA-01-1960-700-BMW-700,700,700,700,ST51,Coupe,USA,1960-01,1962-09
1513-EUR-01-1961,1513-EUR-01-1961-700-BMW-700L,700,700,700L,1513,Sedan,EUR,1961-01,1962-09
1514-EUR-01-1961,1514-EUR-01-1961-700-BMW-700L,700,700,700L,1514,Sedan,EUR,1961-01,1962-09
1545-EUR-01-1961,1545-EUR-01-1961-700-BMW-700,700,700,700,1545,Coupe,EUR,1961-01,1964-09
ST49-EUR-01-1961,ST49-EUR-01-1961-700-BMW-700,700,700,700,ST49,Convertible,EUR,1961-01,1964-09
1572-USA-01-1962,1572-USA-01-1962-700-BMW-700,700,700,700,1572,Sedan,USA,1962-01,1962-12
1611-EUR-01-1962,1611-EUR-01-1962-700-BMW-700LS,700,700,700LS,1611,Sedan,EUR,1962-01,1964-09
1612-EUR-01-1962,1612-EUR-01-1962-700-BMW-700LSL,700,700,700LSL,1612,Sedan,EUR,1962-01,1965-09
1613-USA-01-1962,1613-USA-01-1962-700-BMW-700LSL,700,700,700LSL,1613,Sedan,USA,1962-01,1963-09
1614-EUR-01-1962,1614-EUR-01-1962-700-BMW-700LS,700,700,700LS,1614,Sedan,EUR,1962-01,1964-09
ST35-EUR-01-1962,ST35-EUR-01-1962-V8-BMW-3200CS,V8,V8,3200CS,ST35,Coupe,EUR,1962-01,1965-09
3011-EUR-02-1962,3011-EUR-02-1962-NK-BMW-1500,1500-2000CS,NK,1500,3011,Sedan,EUR,1962-02,1964-12
3211-EUR-09-1963,3211-EUR-09-1963-NK-BMW-1800,1500-2000CS,NK,1800,3211,Sedan,EUR,1963-09,1968-07
1631-EUR-01-1964,1631-EUR-01-1964-700-BMW-700LS,700,700,700LS,1631,Coupe,EUR,1964-01,1965-09
3212-EUR-01-1964,3212-EUR-01-1964-NK-BMW-1800ti,1500-2000CS,NK,1800ti,3212,Sedan,EUR,1964-01,1966-01
3214-EUR-03-1964,3214-EUR-03-1964-NK-BMW-1800ti,1500-2000CS,NK,1800ti,3214,Sedan,EUR,1964-03,1968-12
3012-EUR-04-1964,3012-EUR-04-1964-NK-BMW-1500,1500-2000CS,NK,1500,3012,Sedan,EUR,1964-04,1964-10
3111-EUR-04-1964,3111-EUR-04-1964-NK-BMW-1600,1500-2000CS,NK,1600,3111,Sedan,EUR,1964-04,1966-04
3215-EUR-04-1964,3215-EUR-04-1964-NK-BMW-1800ti,1500-2000CS,NK,1800ti,3215,Sedan,EUR,1964-04,1966-01
3213-EUR-02-1965,3213-EUR-02-1965-NK-BMW-1800tiSA,1500-2000CS,NK,1800tiSA,3213,Sedan,EUR,1965-02,1965-06
3216-EUR-02-1965,3216-EUR-02-1965-NK-BMW-1800,1500-2000CS,NK,1800,3216,Sedan,EUR,1965-02,1968-07
3332-EUR-09-1965,3332-EUR-09-1965-NK-BMW-2000CS,1500-2000CS,NK,2000CS,3332,Coupe,EUR,1965-09,1970-02
3311-EUR-01-1966,3311-EUR-01-1966-NK-BMW-2000,1500-2000CS,NK,2000,3311,Sedan,EUR,1966-01,1968-07
3312-EUR-01-1966,3312-EUR-01-1966-NK-BMW-2000ti,1500-2000CS,NK,2000ti,3312,Sedan,EUR,1966-01,1968-03
3313-EUR-02-1966,3313-EUR-02-1966-NK-BMW-2000,1500-2000CS,NK,2000,3313,Sedan,EUR,1966-02,1968-11
2511-EUR-03-1966,2511-EUR-03-1966-114-BMW-1600,1502-2002tii,114,1600,2511,Sedan,EUR,1966-03,1971-03
3315-EUR-03-1966,3315-EUR-03-1966-NK-BMW-2000ti,1500-2000CS,NK,2000ti,3315,Sedan,EUR,1966-03,1968-05
3333-EUR-03-1966,3333-EUR-03-1966-NK-BMW-2000C,1500-2000CS,NK,2000C,3333,Coupe,EUR,1966-03,1970-02
ST33-EUR-04-1966,ST33-EUR-04-1966-NK-BMW-1800,1500-2000CS,NK,1800,ST33,Sedan,EUR,1966-04,1966-10
3316-EUR-09-1966,3316-EUR-09-1966-NK-BMW-2000tilux,1500-2000CS,NK,2000tilux,3316,Sedan,EUR,1966-09,1968-07
3317-EUR-10-1966,3317-EUR-10-1966-NK-BMW-2000tilux,1500-2000CS,NK,2000tilux,3317,Sedan,EUR,1966-10,1968-06
2512-EUR-04-1967,2512-EUR-04-1967-114-BMW-1602,1502-2002tii,114,1602,2512,Sedan,EUR,1967-04,1971-04
3217-EUR-04-1967,3217-EUR-04-1967-NK-BMW-1800,1500-2000CS,NK,1800,3217,Sedan,EUR,1967-04,1967-10
3314-EUR-04-1967,3314-EUR-04-1967-NK-BMW-2000,1500-2000CS,NK,2000,3314,Sedan,EUR,1967-04,1968-04
3318-EUR-04-1967,3318-EUR-04-1967-NK-BMW-2000,1500-2000CS,NK,2000,3318,Sedan,EUR,1967-04,1968-05
3331-EUR-05-1967,3331-EUR-05-1967-NK-BMW-2000C,1500-2000CS,NK,2000C,3331,Coupe,EUR,1967-05,1968-09
2513-EUR-09-1967,2513-EUR-09-1967-114-BMW-1600ti,1502-2002tii,114,1600ti,2513,Sedan,EUR,1967-09,1968-12
2515-USA-09-1967,2515-USA-09-1967-114-BMW-1602,1502-2002tii,114,1602,2515,Sedan,USA,1967-09,1971-03
8611-EUR-09-1967,8611-EUR-09-1967-114-BMW-1600GT,1502-2002tii,114,1600GT,8611,Coupe,EUR,1967-09,1968-08
2528-EUR-01-1968,2528-EUR-01-1968-114-BMW-1600,1502-2002tii,114,1600,2528,Convertible,EUR,1968-01,1971-06
2551-EUR-01-1968,2551-EUR-01-1968-114-BMW-2002,1502-2002tii,114,2002,2551,Sedan,EUR,1968-01,1971-03
2553-EUR-01-1968,2553-EUR-01-1968-114-BMW-2002,1502-2002tii,114,2002,2553,Sedan,EUR,1968-01,1971-03
2552-USA-02-1968,2552-USA-02-1968-114-BMW-2002,1502-2002tii,114,2002,2552,Sedan,USA,1968-02,1971-03
3231-EUR-07-1968,3231-EUR-07-1968-NK-BMW-1800,1500-2000CS,NK,1800,3231,Sedan,EUR,1968-07,1971-01
3236-EUR-07-1968,3236-EUR-07-1968-NK-BMW-1800,1500-2000CS,NK,1800,3236,Sedan,EUR,1968-07,1971-03
3351-EUR-07-1968,3351-EUR-07-1968-NK-BMW-2000,1500-2000CS,NK,2000,3351,Sedan,EUR,1968-07,1971-10
3353-EUR-07-1968,3353-EUR-07-1968-NK-BMW-2000,1500-2000CS,NK,2000,3353,Sedan,EUR,1968-07,1971-08
3356-EUR-07-1968,3356-EUR-07-1968-NK-BMW-2000tilux,1500-2000CS,NK,2000tilux,3356,Sedan,EUR,1968-07,1970-03
4310-EUR-08-1968,4310-EUR-08-1968-E3-BMW-2500,2500-3.3Li,E3,2500,4310,Sedan,EUR,1968-08,1971-05
2554-EUR-09-1968,2554-EUR-09-1968-114-BMW-2002ti,1502-2002tii,114,2002ti,2554,Sedan,EUR,1968-09,1972-04
3421-EUR-12-1968,3421-EUR-12-1968-E9-BMW-2800CS,2.5CS-3.0CSL,E9,2800CS,3421,Coupe,EUR,1968-12,1971-03
4311-USA-01-1969,4311-USA-01-1969-E3-BMW-2500,2500-3.3Li,E3,2500,4311,Sedan,USA,1969-01,1970-07
3234-EUR-02-1969,3234-EUR-02-1969-NK-BMW-1800,1500-2000CS,NK,1800,3234,Sedan,EUR,1969-02,1971-01
3237-EUR-02-1969,3237-EUR-02-1969-NK-BMW-1800,1500-2000CS,NK,1800,3237,Sedan,EUR,1969-02,1969-10
3354-EUR-02-1969,3354-EUR-02-1969-NK-BMW-2000,1500-2000CS,NK,2000,3354,Sedan,EUR,1969-02,1972-01
3357-EUR-02-1969,3357-EUR-02-1969-NK-BMW-2000tilux,1500-2000CS,NK,2000tilux,3357,Sedan,EUR,1969-02,1971-02
3358-EUR-02-1969,3358-EUR-02-1969-NK-BMW-2000,1500-2000CS,NK,2000,3358,Sedan,EUR,1969-02,1971-01
3371-USA-02-1969,3371-USA-02-1969-NK-BMW-2000,1500-2000CS,NK,2000,3371,Sedan,USA,1969-02,1969-08
3372-USA-02-1969,3372-USA-02-1969-NK-BMW-2000,1500-2000CS,NK,2000,3372,Sedan,USA,1969-02,1969-08
4330-EUR-02-1969,4330-EUR-02-1969-E3-BMW-2500,2500-3.3Li,E3,2500,4330,Sedan,EUR,1969-02,1971-05
4331-USA-02-1969,4331-USA-02-1969-E3-BMW-2500,2500-3.3Li,E3,2500,4331,Sedan,USA,1969-02,1970-07
4410-EUR-04-1969,4410-EUR-04-1969-E3-BMW-2800,2500-3.3Li,E3,2800,4410,Sedan,EUR,1969-04,1971-05
2556-EUR-05-1969,2556-EUR-05-1969-114-BMW-2002,1502-2002tii,114,2002,2556,Sedan,EUR,1969-05,1971-03
2558-USA-05-1969,2558-USA-05-1969-114-BMW-2002,1502-2002tii,114,2002,2558,Sedan,USA,1969-05,1970-06
4430-EUR-05-1969,4430-EUR-05-1969-E3-BMW-2800,2500-3.3Li,E3,2800,4430,Sedan,EUR,1969-05,1971-05
2557-EUR-06-1969,2557-EUR-06-1969-114-BMW-2002,1502-2002tii,114,2002,2557,Sedan,EUR,1969-06,1972-01
3422-EUR-06-1969,3422-EUR-06-1969-E9-BMW-2800CS,2.5CS-3.0CSL,E9,2800CS,3422,Coupe,EUR,1969-06,1971-03
4411-USA-06-1969,4411-USA-06-1969-E3-BMW-2800,2500-3.3Li,E3,2800,4411,Sedan,USA,1969-06,1970-10
4431-USA-06-1969,4431-USA-06-1969-E3-BMW-2800,2500-3.3Li,E3,2800,4431,Sedan,USA,1969-06,1970-10
4320-EUR-07-1969,4320-EUR-07-1969-E3-BMW-2500,2500-3.3Li,E3,2500,4320,Sedan,EUR,1969-07,1971-05
4340-EUR-07-1969,4340-EUR-07-1969-E3-BMW-2500,2500-3.3Li,E3,2500,4340,Sedan,EUR,1969-07,1971-05
4420-EUR-07-1969,4420-EUR-07-1969-E3-BMW-2800,2500-3.3Li,E3,2800,4420,Sedan,EUR,1969-07,1971-05
3425-USA-08-1969,3425-USA-08-1969-E9-BMW-2800CS,2.5CS-3.0CSL,E9,2800CS,3425,Coupe,USA,1969-08,1971-03
3426-USA-08-1969,3426-USA-08-1969-E9-BMW-2800CS,2.5CS-3.0CSL,E9,2800CS,3426,Coupe,USA,1969-08,1971-03
4440-EUR-08-1969,4440-EUR-08-1969-E3-BMW-2800,2500-3.3Li,E3,2800,4440,Sedan,EUR,1969-08,1971-05
3381-EUR-01-1970,3381-EUR-01-1970-NK-BMW-2000tii,1500-2000CS,NK,2000tii,3381,Sedan,EUR,1970-01,1971-08
3251-EUR-12-1970,3251-EUR-12-1970-NK-BMW-1800,1500-2000CS,NK,1800,3251,Sedan,EUR,1970-12,1971-12
4412-USA-12-1970,4412-USA-12-1970-E3-BMW-2800Bav,2500-3.3Li,E3,2800Bav,4412,Sedan,USA,1970-12,1971-04
4432-USA-12-1970,4432-USA-12-1970-E3-BMW-2800Bav,2500-3.3Li,E3,2800Bav,4432,Sedan,USA,1970-12,1971-04
2578-EUR-01-1971,2578-EUR-01-1971-114-BMW-2002,1502-2002tii,114,2002,2578,Convertible,EUR,1971-01,1971-06
ST19-EUR-03-1971,ST19-EUR-03-1971-114-BMW-1602,1502-2002tii,114,1602,ST19,Sedan,EUR,1971-03,1971-04
2531-EUR-04-1971,2531-EUR-04-1971-114-BMW-1802,1502-2002tii,114,1802,2531,Sedan,EUR,1971-04,1973-08
2581-EUR-04-1971,2581-EUR-04-1971-114-BMW-2002tii,1502-2002tii,114,2002tii,2581,Sedan,EUR,1971-04,1973-08
2611-EUR-04-1971,2611-EUR-04-1971-114-BMW-1602,1502-2002tii,114,1602,2611,Touring,EUR,1971-04,1973-08
2631-EUR-04-1971,2631-EUR-04-1971-114-BMW-2000,1502-2002tii,114,2000,2631,Touring,EUR,1971-04,1973-08
2661-EUR-04-1971,2661-EUR-04-1971-114-BMW-2000tii,1502-2002tii,114,2000tii,2661,Touring,EUR,1971-04,1973-08
3431-EUR-04-1971,3431-EUR-04-1971-E9-BMW-30CS,2.5CS-3.0CSL,E9,3.0CS,3431,Coupe,EUR,1971-04,1973-10
3435-USA-04-1971,3435-USA-04-1971-E9-BMW-30CS,2.5CS-3.0CSL,E9,3.0CS,3435,Coupe,USA,1971-04,1973-07
ST11-EUR-04-1971,ST11-EUR-04-1971-114-BMW-2002,1502-2002tii,114,2002,ST11,Sedan,EUR,1971-04,1973-08
ST12-USA-04-1971,ST12-USA-04-1971-114-BMW-2002,1502-2002tii,114,2002,ST12,Sedan,USA,1971-04,1973-08
ST13-EUR-04-1971,ST13-EUR-04-1971-114-BMW-2002,1502-2002tii,114,2002,ST13,Sedan,EUR,1971-04,1973-08
ST14-EUR-04-1971,ST14-EUR-04-1971-114-BMW-2002,1502-2002tii,114,2002,ST14,Sedan,EUR,1971-04,1973-08
ST17-EUR-04-1971,ST17-EUR-04-1971-114-BMW-1602,1502-2002tii,114,1602,ST17,Sedan,EUR,1971-04,1973-08
ST18-EUR-04-1971,ST18-EUR-04-1971-114-BMW-1602,1502-2002tii,114,1602,ST18,Sedan,EUR,1971-04,1972-08
2636-EUR-05-1971,2636-EUR-05-1971-114-BMW-2000,1502-2002tii,114,2000,2636,Touring,EUR,1971-05,1972-09
4401-EUR-05-1971,4401-EUR-05-1971-E3-BMW-2800,2500-3.3Li,E3,2800,4401,Sedan,EUR,1971-05,1973-09
4402-EUR-05-1971,4402-EUR-05-1971-E3-BMW-2800,2500-3.3Li,E3,2800,4402,Sedan,EUR,1971-05,1973-09
4510-EUR-05-1971,4510-EUR-05-1971-E3-BMW-30S,2500-3.3Li,E3,3.0S,4510,Sedan,EUR,1971-05,1973-09
ST20-EUR-05-1971,ST20-EUR-05-1971-E3-BMW-2500,2500-3.3Li,E3,2500,ST20,Sedan,EUR,1971-05,1973-09
ST21-EUR-05-1971,ST21-EUR-05-1971-E3-BMW-2500,2500-3.3Li,E3,2500,ST21,Sedan,EUR,1971-05,1973-09
ST22-EUR-05-1971,ST22-EUR-05-1971-E3-BMW-2500,2500-3.3Li,E3,2500,ST22,Sedan,EUR,1971-05,1973-09
ST23-EUR-05-1971,ST23-EUR-05-1971-E3-BMW-2500,2500-3.3Li,E3,2500,ST23,Sedan,EUR,1971-05,1973-09
ST24-USA-05-1971,ST24-USA-05-1971-E3-BMW-2800Bav,2500-3.3Li,E3,2800Bav,ST24,Sedan,USA,1971-05,1971-07
ST25-USA-05-1971,ST25-USA-05-1971-E3-BMW-2800Bav,2500-3.3Li,E3,2800Bav,ST25,Sedan,USA,1971-05,1971-07
2582-EUR-06-1971,2582-EUR-06-1971-114-BMW-2002tii,1502-2002tii,114,2002tii,2582,Sedan,EUR,1971-06,1973-08
4520-EUR-06-1971,4520-EUR-06-1971-E3-BMW-30S,2500-3.3Li,E3,3.0S,4520,Sedan,EUR,1971-06,1972-09
2577-EUR-07-1971,2577-EUR-07-1971-114-BMW-2002,1502-2002tii,114,2002,2577,Convertible,EUR,1971-07,1973-07
4512-USA-07-1971,4512-USA-07-1971-E3-BMW-30SBav,2500-3.3Li,E3,3.0SBav,4512,Sedan,USA,1971-07,1973-07
2583-USA-08-1971,2583-USA-08-1971-114-BMW-2002tii,1502-2002tii,114,2002tii,2583,Sedan,USA,1971-08,1973-08
4530-EUR-08-1971,4530-EUR-08-1971-E3-BMW-30S,2500-3.3Li,E3,3.0S,4530,Sedan,EUR,1971-08,1973-09
2632-EUR-09-1971,2632-EUR-09-1971-114-BMW-2000,1502-2002tii,114,2000,2632,Touring,EUR,1971-09,1973-08
2651-EUR-09-1971,2651-EUR-09-1971-114-BMW-1802,1502-2002tii,114,1802,2651,Touring,EUR,1971-09,1973-08
3432-EUR-09-1971,3432-EUR-09-1971-E9-BMW-30CS,2.5CS-3.0CSL,E9,3.0CS,3432,Coupe,EUR,1971-09,1973-10
3436-USA-09-1971,3436-USA-09-1971-E9-BMW-30CS,2.5CS-3.0CSL,E9,3.0CS,3436,Coupe,USA,1971-09,1973-07
4532-USA-09-1971,4532-USA-09-1971-E3-BMW-30SBav,2500-3.3Li,E3,3.0SBav,4532,Sedan,USA,1971-09,1973-07
4540-EUR-09-1971,4540-EUR-09-1971-E3-BMW-30S,2500-3.3Li,E3,3.0S,4540,Sedan,EUR,1971-09,1973-09
4560-EUR-09-1971,4560-EUR-09-1971-E3-BMW-30Si,2500-3.3Li,E3,3.0Si,4560,Sedan,EUR,1971-09,1973-09
4570-EUR-09-1971,4570-EUR-09-1971-E3-BMW-30Si,2500-3.3Li,E3,3.0Si,4570,Sedan,EUR,1971-09,1973-09
ST15-EUR-01-1972,ST15-EUR-01-1972-114-BMW-2002,1502-2002tii,114,2002,ST15,Sedan,EUR,1972-01,1973-08
ST16-USA-01-1972,ST16-USA-01-1972-114-BMW-2002,1502-2002tii,114,2002,ST16,Sedan,USA,1972-01,1973-08
3442-EUR-02-1972,3442-EUR-02-1972-E9-BMW-30CSi,2.5CS-3.0CSL,E9,3.0CSi,3442,Coupe,EUR,1972-02,1972-02
3711-EUR-02-1972,3711-EUR-02-1972-E12-BMW-520,5 Series E12,E12,520,3711,Sedan,EUR,1972-02,1976-08
3721-EUR-03-1972,3721-EUR-03-1972-E12-BMW-520,5 Series E12,E12,520,3721,Sedan,EUR,1972-03,1976-08
3731-EUR-03-1972,3731-EUR-03-1972-E12-BMW-520i,5 Series E12,E12,520i,3731,Sedan,EUR,1972-03,1976-08
3451-EUR-09-1972,3451-EUR-09-1972-E9-BMW-30CSL,2.5CS-3.0CSL,E9,3.0CSL,3451,Coupe,EUR,1972-09,1973-06
3452-EUR-09-1972,3452-EUR-09-1972-E9-BMW-30CSL,2.5CS-3.0CSL,E9,3.0CSL,3452,Coupe,EUR,1972-09,1973-01
3712-EUR-11-1972,3712-EUR-11-1972-E12-BMW-520,5 Series E12,E12,520,3712,Sedan,EUR,1972-11,1976-08
2573-EUR-01-1973,2573-EUR-01-1973-114-BMW-2002,1502-2002tii,114,2002,2573,Convertible,EUR,1973-01,1973-06
3722-EUR-01-1973,3722-EUR-01-1973-E12-BMW-520,5 Series E12,E12,520,3722,Sedan,EUR,1973-01,1976-08
3732-EUR-03-1973,3732-EUR-03-1973-E12-BMW-520i,5 Series E12,E12,520i,3732,Sedan,EUR,1973-03,1976-08
2111-EUR-06-1973,2111-EUR-06-1973-114-BMW-1802,1502-2002tii,114,1802,2111,Sedan,EUR,1973-06,1975-05
2211-EUR-06-1973,2211-EUR-06-1973-114-BMW-2002,1502-2002tii,114,2002,2211,Sedan,EUR,1973-06,1975-06
2231-EUR-06-1973,2231-EUR-06-1973-114-BMW-2002tii,1502-2002tii,114,2002tii,2231,Sedan,EUR,1973-06,1975-06
3811-EUR-06-1973,3811-EUR-06-1973-E12-BMW-525,5 Series E12,E12,525,3811,Sedan,EUR,1973-06,1976-08
2011-EUR-07-1973,2011-EUR-07-1973-114-BMW-1602,1502-2002tii,114,1602,2011,Sedan,EUR,1973-07,1975-06
2221-EUR-07-1973,2221-EUR-07-1973-114-BMW-2002,1502-2002tii,114,2002,2221,Sedan,EUR,1973-07,1975-06
2291-EUR-07-1973,2291-EUR-07-1973-114-BMW-2002turbo,1502-2002tii,114,2002turbo,2291,Sedan,EUR,1973-07,1975-07
3821-EUR-07-1973,3821-EUR-07-1973-E12-BMW-525,5 Series E12,E12,525,3821,Sedan,EUR,1973-07,1976-08
6011-EUR-07-1973,6011-EUR-07-1973-E3-BMW-2500,2500-3.3Li,E3,2500,6011,Sedan,EUR,1973-07,1977-02
6111-EUR-07-1973,6111-EUR-07-1973-E3-BMW-2800,2500-3.3Li,E3,2800,6111,Sedan,EUR,1973-07,1975-02
6211-EUR-07-1973,6211-EUR-07-1973-E3-BMW-30S,2500-3.3Li,E3,3.0S,6211,Sedan,EUR,1973-07,1977-02
6231-EUR-07-1973,6231-EUR-07-1973-E3-BMW-30Si,2500-3.3Li,E3,3.0Si,6231,Sedan,EUR,1973-07,1977-02
2212-EUR-08-1973,2212-EUR-08-1973-114-BMW-2002,1502-2002tii,114,2002,2212,Sedan,EUR,1973-08,1975-11
2222-EUR-08-1973,2222-EUR-08-1973-114-BMW-2002,1502-2002tii,114,2002,2222,Sedan,EUR,1973-08,1975-11
2232-EUR-08-1973,2232-EUR-08-1973-114-BMW-2002tii,1502-2002tii,114,2002tii,2232,Sedan,EUR,1973-08,1975-11
2251-EUR-08-1973,2251-EUR-08-1973-114-BMW-2002,1502-2002tii,114,2002,2251,Convertible,EUR,1973-08,1975-12
2311-EUR-08-1973,2311-EUR-08-1973-114-BMW-1802,1502-2002tii,114,1802,2311,Touring,EUR,1973-08,1974-04
2411-EUR-08-1973,2411-EUR-08-1973-114-BMW-2002,1502-2002tii,114,2002,2411,Touring,EUR,1973-08,1974-04
2412-EUR-08-1973,2412-EUR-08-1973-114-BMW-2002,1502-2002tii,114,2002,2412,Touring,EUR,1973-08,1974-04
2431-EUR-08-1973,2431-EUR-08-1973-114-BMW-2002tii,1502-2002tii,114,2002tii,2431,Touring,EUR,1973-08,1974-04
6121-EUR-08-1973,6121-EUR-08-1973-E3-BMW-2800,2500-3.3Li,E3,2800,6121,Sedan,EUR,1973-08,1975-02
2213-USA-09-1973,2213-USA-09-1973-114-BMW-2002,1502-2002tii,114,2002,2213,Sedan,USA,1973-09,1974-07
2223-USA-09-1973,2223-USA-09-1973-114-BMW-2002,1502-2002tii,114,2002,2223,Sedan,USA,1973-09,1974-07
2233-USA-09-1973,2233-USA-09-1973-114-BMW-2002tii,1502-2002tii,114,2002tii,2233,Sedan,USA,1973-09,1974-12
2252-EUR-09-1973,2252-EUR-09-1973-114-BMW-2002,1502-2002tii,114,2002,2252,Convertible,EUR,1973-09,1974-01
6012-EUR-09-1973,6012-EUR-09-1973-E3-BMW-2500,2500-3.3Li,E3,2500,6012,Sedan,EUR,1973-09,1977-02
6021-EUR-09-1973,6021-EUR-09-1973-E3-BMW-2500,2500-3.3Li,E3,2500,6021,Sedan,EUR,1973-09,1977-02
6213-USA-09-1973,6213-USA-09-1973-E3-BMW-30SBav,2500-3.3Li,E3,3.0SBav,6213,Sedan,USA,1973-09,1974-07
6214-USA-09-1973,6214-USA-09-1973-E3-BMW-30S,2500-3.3Li,E3,3.0S,6214,Sedan,USA,1973-09,1974-07
6221-EUR-09-1973,6221-EUR-09-1973-E3-BMW-30S,2500-3.3Li,E3,3.0S,6221,Sedan,EUR,1973-09,1977-02
6223-USA-09-1973,6223-USA-09-1973-E3-BMW-30SBav,2500-3.3Li,E3,3.0SBav,6223,Sedan,USA,1973-09,1974-06
6224-USA-09-1973,6224-USA-09-1973-E3-BMW-30S,2500-3.3Li,E3,3.0S,6224,Sedan,USA,1973-09,1974-07
7011-EUR-09-1973,7011-EUR-09-1973-E9-BMW-30CS,2.5CS-3.0CSL,E9,3.0CS,7011,Coupe,EUR,1973-09,1975-11
7031-EUR-09-1973,7031-EUR-09-1973-E9-BMW-30CSi,2.5CS-3.0CSL,E9,3.0CSi,7031,Coupe,EUR,1973-09,1975-11
6022-EUR-10-1973,6022-EUR-10-1973-E3-BMW-2500,2500-3.3Li,E3,2500,6022,Sedan,EUR,1973-10,1977-02
6222-EUR-10-1973,6222-EUR-10-1973-E3-BMW-30S,2500-3.3Li,E3,3.0S,6222,Sedan,EUR,1973-10,1976-04
6232-EUR-10-1973,6232-EUR-10-1973-E3-BMW-30Si,2500-3.3Li,E3,3.0Si,6232,Sedan,EUR,1973-10,1977-02
6292-EUR-10-1973,6292-EUR-10-1973-E3-BMW-33L,2500-3.3Li,E3,3.3L,6292,Sedan,EUR,1973-10,1975-08
7021-EUR-10-1973,7021-EUR-10-1973-E9-BMW-30CS,2.5CS-3.0CSL,E9,3.0CS,7021,Coupe,EUR,1973-10,1975-11
7022-EUR-10-1973,7022-EUR-10-1973-E9-BMW-30CS,2.5CS-3.0CSL,E9,3.0CS,7022,Coupe,EUR,1973-10,1975-11
7023-USA-10-1973,7023-USA-10-1973-E9-BMW-30CS,2.5CS-3.0CSL,E9,3.0CS,7023,Coupe,USA,1973-10,1974-12
7032-EUR-10-1973,7032-EUR-10-1973-E9-BMW-30CSi,2.5CS-3.0CSL,E9,3.0CSi,7032,Coupe,EUR,1973-10,1975-11
3812-EUR-11-1973,3812-EUR-11-1973-E12-BMW-525,5 Series E12,E12,525,3812,Sedan,EUR,1973-11,1976-08
7013-USA-11-1973,7013-USA-11-1973-E9-BMW-30CS,2.5CS-3.0CSL,E9,3.0CS,7013,Coupe,USA,1973-11,1974-12
3822-EUR-12-1973,3822-EUR-12-1973-E12-BMW-525,5 Series E12,E12,525,3822,Sedan,EUR,1973-12,1976-08
6294-EUR-01-1974,6294-EUR-01-1974-E3-BMW-33L,2500-3.3Li,E3,3.3L,6294,Sedan,EUR,1974-01,1975-06
7071-EUR-01-1974,7071-EUR-01-1974-E9-BMW-30CSiL,2.5CS-3.0CSL,E9,3.0CSiL,7071,Coupe,EUR,1974-01,1975-11
2012-EUR-04-1974,2012-EUR-04-1974-114-BMW-1602,1502-2002tii,114,1602,2012,Sedan,EUR,1974-04,1975-10
6291-EUR-04-1974,6291-EUR-04-1974-E3-BMW-33L,2500-3.3Li,E3,3.3L,6291,Sedan,EUR,1974-04,1975-07
3611-EUR-05-1974,3611-EUR-05-1974-E12-BMW-518,5 Series E12,E12,518,3611,Sedan,EUR,1974-05,1976-08
6293-EUR-05-1974,6293-EUR-05-1974-E3-BMW-33L,2500-3.3Li,E3,3.3L,6293,Sedan,EUR,1974-05,1975-05
7001-EUR-05-1974,7001-EUR-05-1974-E9-BMW-25CS,2.5CS-3.0CSL,E9,2.5CS,7001,Coupe,EUR,1974-05,1975-11
7003-EUR-06-1974,7003-EUR-06-1974-E9-BMW-25CS,2.5CS-3.0CSL,E9,2.5CS,7003,Coupe,EUR,1974-06,1975-11
2121-EUR-07-1974,2121-EUR-07-1974-114-BMW-1802,1502-2002tii,114,1802,2121,Sedan,EUR,1974-07,1974-09
2214-USA-07-1974,2214-USA-07-1974-114-BMW-2002,1502-2002tii,114,2002,2214,Sedan,USA,1974-07,1975-07
2224-USA-07-1974,2224-USA-07-1974-114-BMW-2002,1502-2002tii,114,2002,2224,Sedan,USA,1974-07,1975-06
3833-USA-07-1974,3833-USA-07-1974-E12-BMW-530i,5 Series E12,E12,530i,3833,Sedan,USA,1974-07,1975-07
3843-USA-07-1974,3843-USA-07-1974-E12-BMW-530i,5 Series E12,E12,530i,3843,Sedan,USA,1974-07,1975-07
3621-EUR-09-1974,3621-EUR-09-1974-E12-BMW-518,5 Series E12,E12,518,3621,Sedan,EUR,1974-09,1975-11
6234-USA-09-1974,6234-USA-09-1974-E3-BMW-30Si,2500-3.3Li,E3,3.0Si,6234,Sedan,USA,1974-09,1975-07
6244-USA-09-1974,6244-USA-09-1974-E3-BMW-30Si,2500-3.3Li,E3,3.0Si,6244,Sedan,USA,1974-09,1975-08
2001-EUR-11-1974,2001-EUR-11-1974-114-BMW-1502,1502-2002tii,114,1502,2001,Sedan,EUR,1974-11,1977-07
3911-EUR-11-1974,3911-EUR-11-1974-E12-BMW-528,5 Series E12,E12,528,3911,Sedan,EUR,1974-11,1976-08
3921-EUR-11-1974,3921-EUR-11-1974-E12-BMW-528,5 Series E12,E12,528,3921,Sedan,EUR,1974-11,1976-08
6101-EUR-12-1974,6101-EUR-12-1974-E3-BMW-28L,2500-3.3Li,E3,2.8L,6101,Sedan,EUR,1974-12,1977-02
6201-EUR-12-1974,6201-EUR-12-1974-E3-BMW-30L,2500-3.3Li,E3,3.0L,6201,Sedan,EUR,1974-12,1977-01
6202-EUR-12-1974,6202-EUR-12-1974-E3-BMW-30L,2500-3.3Li,E3,3.0L,6202,Sedan,EUR,1974-12,1977-02
3912-EUR-01-1975,3912-EUR-01-1975-E12-BMW-528,5 Series E12,E12,528,3912,Sedan,EUR,1975-01,1976-08
6103-EUR-01-1975,6103-EUR-01-1975-E3-BMW-28L,2500-3.3Li,E3,2.8L,6103,Sedan,EUR,1975-01,1977-02
6204-EUR-01-1975,6204-EUR-01-1975-E3-BMW-30L,2500-3.3Li,E3,3.0L,6204,Sedan,EUR,1975-01,1977-02
2711-EUR-02-1975,2711-EUR-02-1975-E21-BMW-316,3 Series E21,E21,316,2711,Sedan,EUR,1975-02,1977-09
2911-EUR-02-1975,2911-EUR-02-1975-E21-BMW-320,3 Series E21,E21,320,2911,Sedan,EUR,1975-02,1977-09
3612-EUR-02-1975,3612-EUR-02-1975-E12-BMW-518,5 Series E12,E12,518,3612,Sedan,EUR,1975-02,1976-08
3922-EUR-02-1975,3922-EUR-02-1975-E12-BMW-528,5 Series E12,E12,528,3922,Sedan,EUR,1975-02,1976-08
2811-EUR-03-1975,2811-EUR-03-1975-E21-BMW-318,3 Series E21,E21,318,2811,Sedan,EUR,1975-03,1977-08
2921-EUR-03-1975,2921-EUR-03-1975-E21-BMW-320,3 Series E21,E21,320,2921,Sedan,EUR,1975-03,1977-08
2931-EUR-03-1975,2931-EUR-03-1975-E21-BMW-320i,3 Series E21,E21,320i,2931,Sedan,EUR,1975-03,1977-08
2821-EUR-04-1975,2821-EUR-04-1975-E21-BMW-318,3 Series E21,E21,318,2821,Sedan,EUR,1975-04,1977-07
3933-USA-07-1975,3933-USA-07-1975-E12-BMW-530i,5 Series E12,E12,530i,3933,Sedan,USA,1975-07,1976-07
6305-EUR-07-1975,6305-EUR-07-1975-E3-BMW-33Li,2500-3.3Li,E3,3.3Li,6305,Sedan,EUR,1975-07,1977-02
2215-USA-08-1975,2215-USA-08-1975-114-BMW-2002,1502-2002tii,114,2002,2215,Sedan,USA,1975-08,1976-07
3943-USA-08-1975,3943-USA-08-1975-E12-BMW-530i,5 Series E12,E12,530i,3943,Sedan,USA,1975-08,1976-07
2002-EUR-09-1975,2002-EUR-09-1975-114-BMW-1502,1502-2002tii,114,1502,2002,Sedan,EUR,1975-09,1976-12
2225-USA-09-1975,2225-USA-09-1975-114-BMW-2002,1502-2002tii,114,2002,2225,Sedan,USA,1975-09,1976-07
2712-EUR-09-1975,2712-EUR-09-1975-E21-BMW-316,3 Series E21,E21,316,2712,Sedan,EUR,1975-09,1977-07
2912-EUR-09-1975,2912-EUR-09-1975-E21-BMW-320,3 Series E21,E21,320,2912,Sedan,EUR,1975-09,1977-07
2922-EUR-09-1975,2922-EUR-09-1975-E21-BMW-320,3 Series E21,E21,320,2922,Sedan,EUR,1975-09,1977-09
6235-USA-09-1975,6235-USA-09-1975-E3-BMW-30Si,2500-3.3Li,E3,3.0Si,6235,Sedan,USA,1975-09,1976-07
6241-EUR-09-1975,6241-EUR-09-1975-E3-BMW-30Si,2500-3.3Li,E3,3.0Si,6241,Sedan,EUR,1975-09,1977-02
6245-USA-09-1975,6245-USA-09-1975-E3-BMW-30Si,2500-3.3Li,E3,3.0Si,6245,Sedan,USA,1975-09,1976-07
6307-EUR-09-1975,6307-EUR-09-1975-E3-BMW-33Li,2500-3.3Li,E3,3.3Li,6307,Sedan,EUR,1975-09,1977-02
5111-EUR-10-1975,5111-EUR-10-1975-E24-BMW-630CS,6 Series E24,E24,630CS,5111,Coupe,EUR,1975-10,1979-08
5231-EUR-10-1975,5231-EUR-10-1975-E24-BMW-633CSi,6 Series E24,E24,633CSi,5231,Coupe,EUR,1975-10,1981-12
6308-EUR-10-1975,6308-EUR-10-1975-E3-BMW-33Li,2500-3.3Li,E3,3.3Li,6308,Sedan,EUR,1975-10,1977-02
2932-EUR-11-1975,2932-EUR-11-1975-E21-BMW-320i,3 Series E21,E21,320i,2932,Sedan,EUR,1975-11,1977-07
5121-EUR-12-1975,5121-EUR-12-1975-E24-BMW-630CS,6 Series E24,E24,630CS,5121,Coupe,EUR,1975-12,1979-07
2934-USA-03-1976,2934-USA-03-1976-E21-BMW-320i,3 Series E21,E21,320i,2934,Sedan,USA,1976-03,1977-08
2944-USA-03-1976,2944-USA-03-1976-E21-BMW-320i,3 Series E21,E21,320i,2944,Sedan,USA,1976-03,1977-08
3951-EUR-03-1976,3951-EUR-03-1976-E12-BMW-528,5 Series E12,E12,528,3951,Sedan,EUR,1976-03,1977-08
2933-USA-04-1976,2933-USA-04-1976-E21-BMW-320i,3 Series E21,E21,320i,2933,Sedan,USA,1976-04,1977-08
2943-USA-04-1976,2943-USA-04-1976-E21-BMW-320i,3 Series E21,E21,320i,2943,Sedan,USA,1976-04,1977-08
3651-EUR-04-1976,3651-EUR-04-1976-E12-BMW-518,5 Series E12,E12,518,3651,Sedan,EUR,1976-04,1980-09
3771-EUR-04-1976,3771-EUR-04-1976-E12-BMW-520i,5 Series E12,E12,520i,3771,Sedan,EUR,1976-04,1979-07
3751-EUR-05-1976,3751-EUR-05-1976-E12-BMW-520,5 Series E12,E12,520,3751,Sedan,EUR,1976-05,1979-03
3851-EUR-05-1976,3851-EUR-05-1976-E12-BMW-525,5 Series E12,E12,525,3851,Sedan,EUR,1976-05,1981-06
3861-EUR-05-1976,3861-EUR-05-1976-E12-BMW-525,5 Series E12,E12,525,3861,Sedan,EUR,1976-05,1981-06
3984-USA-06-1976,3984-USA-06-1976-E12-BMW-530i,5 Series E12,E12,530i,3984,Sedan,USA,1976-06,1977-08
5133-USA-06-1976,5133-USA-06-1976-E24-BMW-630CSi,6 Series E24,E24,630CSi,5133,Coupe,USA,1976-06,1977-07
5134-USA-06-1976,5134-USA-06-1976-E24-BMW-630CSi,6 Series E24,E24,630CSi,5134,Coupe,USA,1976-06,1977-08
5143-USA-06-1976,5143-USA-06-1976-E24-BMW-630CSi,6 Series E24,E24,630CSi,5143,Coupe,USA,1976-06,1977-07
5241-EUR-06-1976,5241-EUR-06-1976-E24-BMW-633CSi,6 Series E24,E24,633CSi,5241,Coupe,EUR,1976-06,1981-12
3961-EUR-07-1976,3961-EUR-07-1976-E12-BMW-528,5 Series E12,E12,528,3961,Sedan,EUR,1976-07,1977-08
3973-USA-07-1976,3973-USA-07-1976-E12-BMW-530i,5 Series E12,E12,530i,3973,Sedan,USA,1976-07,1977-07
3974-USA-07-1976,3974-USA-07-1976-E12-BMW-530i,5 Series E12,E12,530i,3974,Sedan,USA,1976-07,1977-09
3983-USA-07-1976,3983-USA-07-1976-E12-BMW-530i,5 Series E12,E12,530i,3983,Sedan,USA,1976-07,1977-09
3989-JAP-07-1976,3989-JAP-07-1976-E12-BMW-530i,5 Series E12,E12,530i,3989,Sedan,JAP,1976-07,1978-03
5144-USA-07-1976,5144-USA-07-1976-E24-BMW-630CSi,6 Series E24,E24,630CSi,5144,Coupe,USA,1976-07,1977-09
5242-EUR-07-1976,5242-EUR-07-1976-E24-BMW-633CSi,6 Series E24,E24,633CSi,5242,Coupe,EUR,1976-07,1979-12
3761-EUR-08-1976,3761-EUR-08-1976-E12-BMW-520,5 Series E12,E12,520,3761,Sedan,EUR,1976-08,1979-03
5232-EUR-08-1976,5232-EUR-08-1976-E24-BMW-633CSi,6 Series E24,E24,633CSi,5232,Coupe,EUR,1976-08,1978-07
2939-JAP-09-1976,2939-JAP-09-1976-E21-BMW-320i,3 Series E21,E21,320i,2939,Sedan,JAP,1976-09,1977-07
3652-EUR-09-1976,3652-EUR-09-1976-E12-BMW-518,5 Series E12,E12,518,3652,Sedan,EUR,1976-09,1980-09
3752-EUR-09-1976,3752-EUR-09-1976-E12-BMW-520,5 Series E12,E12,520,3752,Sedan,EUR,1976-09,1977-09
3762-EUR-09-1976,3762-EUR-09-1976-E12-BMW-520,5 Series E12,E12,520,3762,Sedan,EUR,1976-09,1977-09
3772-EUR-09-1976,3772-EUR-09-1976-E12-BMW-520i,5 Series E12,E12,520i,3772,Sedan,EUR,1976-09,1978-07
3852-EUR-09-1976,3852-EUR-09-1976-E12-BMW-525,5 Series E12,E12,525,3852,Sedan,EUR,1976-09,1981-05
3862-EUR-09-1976,3862-EUR-09-1976-E12-BMW-525,5 Series E12,E12,525,3862,Sedan,EUR,1976-09,1981-06
3952-EUR-09-1976,3952-EUR-09-1976-E12-BMW-528,5 Series E12,E12,528,3952,Sedan,EUR,1976-09,1977-08
3962-EUR-09-1976,3962-EUR-09-1976-E12-BMW-528,5 Series E12,E12,528,3962,Sedan,EUR,1976-09,1977-09
2949-JAP-10-1976,2949-JAP-10-1976-E21-BMW-320i,3 Series E21,E21,320i,2949,Sedan,JAP,1976-10,1977-09
6611-EUR-10-1976,6611-EUR-10-1976-E23-BMW-730,7 Series E23,E23,730,6611,Sedan,EUR,1976-10,1979-08
6741-EUR-10-1976,6741-EUR-10-1976-E23-BMW-733i,7 Series E23,E23,733i,6741,Sedan,EUR,1976-10,1979-08
6731-EUR-11-1976,6731-EUR-11-1976-E23-BMW-733i,7 Series E23,E23,733i,6731,Sedan,EUR,1976-11,1979-08
3981-EUR-01-1977,3981-EUR-01-1977-E12-BMW-528i,5 Series E12,E12,528i,3981,Sedan,EUR,1977-01,1981-05
6518-ZA-01-1977,6518-ZA-01-1977-E23-BMW-728,7 Series E23,E23,728,6518,Sedan,ZA,1977-01,1979-07
6528-ZA-01-1977,6528-ZA-01-1977-E23-BMW-728,7 Series E23,E23,728,6528,Sedan,ZA,1977-01,1979-07
6607-ZA-01-1977,6607-ZA-01-1977-E23-BMW-730,7 Series E23,E23,730,6607,Sedan,ZA,1977-01,1977-12
6628-ZA-01-1977,6628-ZA-01-1977-E23-BMW-730,7 Series E23,E23,730,6628,Sedan,ZA,1977-01,1979-08
6748-ZA-01-1977,6748-ZA-01-1977-E23-BMW-733i,7 Series E23,E23,733i,6748,Sedan,ZA,1977-01,1979-08
3971-EUR-02-1977,3971-EUR-02-1977-E12-BMW-528i,5 Series E12,E12,528i,3971,Sedan,EUR,1977-02,1981-06
6621-EUR-02-1977,6621-EUR-02-1977-E23-BMW-730,7 Series E23,E23,730,6621,Sedan,EUR,1977-02,1979-07
2951-EUR-03-1977,2951-EUR-03-1977-E21-BMW-320,3 Series E21,E21,320,2951,Sedan,EUR,1977-03,1979-08
4711-EUR-03-1977,4711-EUR-03-1977-E12-BMW-520,5 Series E12,E12,520,4711,Sedan,EUR,1977-03,1981-06
4721-EUR-03-1977,4721-EUR-03-1977-E12-BMW-520,5 Series E12,E12,520,4721,Sedan,EUR,1977-03,1981-06
3972-EUR-04-1977,3972-EUR-04-1977-E12-BMW-528i,5 Series E12,E12,528i,3972,Sedan,EUR,1977-04,1981-05
3982-EUR-04-1977,3982-EUR-04-1977-E12-BMW-528i,5 Series E12,E12,528i,3982,Sedan,EUR,1977-04,1981-06
6511-EUR-04-1977,6511-EUR-04-1977-E23-BMW-728,7 Series E23,E23,728,6511,Sedan,EUR,1977-04,1979-08
6521-EUR-04-1977,6521-EUR-04-1977-E23-BMW-728,7 Series E23,E23,728,6521,Sedan,EUR,1977-04,1979-08
2751-EUR-05-1977,2751-EUR-05-1977-E21-BMW-316,3 Series E21,E21,316,2751,Sedan,EUR,1977-05,1979-08
2851-EUR-05-1977,2851-EUR-05-1977-E21-BMW-318,3 Series E21,E21,318,2851,Sedan,EUR,1977-05,1979-08
2861-EUR-06-1977,2861-EUR-06-1977-E21-BMW-318,3 Series E21,E21,318,2861,Sedan,EUR,1977-06,1979-08
2961-EUR-06-1977,2961-EUR-06-1977-E21-BMW-320,3 Series E21,E21,320,2961,Sedan,EUR,1977-06,1979-08
6512-EUR-06-1977,6512-EUR-06-1977-E23-BMW-728,7 Series E23,E23,728,6512,Sedan,EUR,1977-06,1979-08
6522-EUR-06-1977,6522-EUR-06-1977-E23-BMW-728,7 Series E23,E23,728,6522,Sedan,EUR,1977-06,1979-09
6612-EUR-06-1977,6612-EUR-06-1977-E23-BMW-730,7 Series E23,E23,730,6612,Sedan,EUR,1977-06,1979-08
6622-EUR-06-1977,6622-EUR-06-1977-E23-BMW-730,7 Series E23,E23,730,6622,Sedan,EUR,1977-06,1979-09
6732-EUR-06-1977,6732-EUR-06-1977-E23-BMW-733i,7 Series E23,E23,733i,6732,Sedan,EUR,1977-06,1979-08
6742-EUR-06-1977,6742-EUR-06-1977-E23-BMW-733i,7 Series E23,E23,733i,6742,Sedan,EUR,1977-06,1979-09
2752-EUR-07-1977,2752-EUR-07-1977-E21-BMW-316,3 Series E21,E21,316,2752,Sedan,EUR,1977-07,1979-07
2952-EUR-07-1977,2952-EUR-07-1977-E21-BMW-320,3 Series E21,E21,320,2952,Sedan,EUR,1977-07,1979-07
2962-EUR-07-1977,2962-EUR-07-1977-E21-BMW-320,3 Series E21,E21,320,2962,Sedan,EUR,1977-07,1979-08
3071-EUR-07-1977,3071-EUR-07-1977-E21-BMW-323i,3 Series E21,E21,323i,3071,Sedan,EUR,1977-07,1979-08
3151-EUR-07-1977,3151-EUR-07-1977-E21-BMW-320,3 Series E21,E21,320,3151,Sedan,EUR,1977-07,1979-07
3172-EUR-07-1977,3172-EUR-07-1977-E21-BMW-320i,3 Series E21,E21,320i,3172,Sedan,EUR,1977-07,1978-08
3173-USA-07-1977,3173-USA-07-1977-E21-BMW-320i,3 Series E21,E21,320i,3173,Sedan,USA,1977-07,1979-07
3184-USA-07-1977,3184-USA-07-1977-E21-BMW-320i,3 Series E21,E21,320i,3184,Sedan,USA,1977-07,1979-07
6541-EUR-07-1977,6541-EUR-07-1977-E23-BMW-728i,7 Series E23,E23,728i,6541,Sedan,EUR,1977-07,1982-09
3162-EUR-08-1977,3162-EUR-08-1977-E21-BMW-320,3 Series E21,E21,320,3162,Sedan,EUR,1977-08,1979-07
3171-EUR-08-1977,3171-EUR-08-1977-E21-BMW-320i,3 Series E21,E21,320i,3171,Sedan,EUR,1977-08,1978-07
3179-JAP-08-1977,3179-JAP-08-1977-E21-BMW-320i,3 Series E21,E21,320i,3179,Sedan,JAP,1977-08,1979-07
3183-USA-08-1977,3183-USA-08-1977-E21-BMW-320i,3 Series E21,E21,320i,3183,Sedan,USA,1977-08,1979-07
3189-JAP-08-1977,3189-JAP-08-1977-E21-BMW-320i,3 Series E21,E21,320i,3189,Sedan,JAP,1977-08,1979-07
3975-USA-08-1977,3975-USA-08-1977-E12-BMW-530i,5 Series E12,E12,530i,3975,Sedan,USA,1977-08,1978-06
3976-USA-08-1977,3976-USA-08-1977-E12-BMW-530i,5 Series E12,E12,530i,3976,Sedan,USA,1977-08,1978-08
3985-USA-08-1977,3985-USA-08-1977-E12-BMW-530i,5 Series E12,E12,530i,3985,Sedan,USA,1977-08,1978-06
3986-USA-08-1977,3986-USA-08-1977-E12-BMW-530i,5 Series E12,E12,530i,3986,Sedan,USA,1977-08,1978-08
4712-EUR-08-1977,4712-EUR-08-1977-E12-BMW-520,5 Series E12,E12,520,4712,Sedan,EUR,1977-08,1981-06
4722-EUR-08-1977,4722-EUR-08-1977-E12-BMW-520,5 Series E12,E12,520,4722,Sedan,EUR,1977-08,1981-04
3161-EUR-09-1977,3161-EUR-09-1977-E21-BMW-320,3 Series E21,E21,320,3161,Sedan,EUR,1977-09,1979-05
3174-USA-09-1977,3174-USA-09-1977-E21-BMW-320i,3 Series E21,E21,320i,3174,Sedan,USA,1977-09,1979-08
3661-EUR-09-1977,3661-EUR-09-1977-E12-BMW-518,5 Series E12,E12,518,3661,Sedan,EUR,1977-09,1979-07
3662-EUR-09-1977,3662-EUR-09-1977-E12-BMW-518,5 Series E12,E12,518,3662,Sedan,EUR,1977-09,1978-12
5234-USA-09-1977,5234-USA-09-1977-E24-BMW-633CSi,6 Series E24,E24,633CSi,5234,Coupe,USA,1977-09,1979-05
5244-USA-09-1977,5244-USA-09-1977-E24-BMW-633CSi,6 Series E24,E24,633CSi,5244,Coupe,USA,1977-09,1979-05
6734-USA-09-1977,6734-USA-09-1977-E23-BMW-733i,7 Series E23,E23,733i,6734,Sedan,USA,1977-09,1979-08
3072-EUR-10-1977,3072-EUR-10-1977-E21-BMW-323i,3 Series E21,E21,323i,3072,Sedan,EUR,1977-10,1979-07
5243-USA-10-1977,5243-USA-10-1977-E24-BMW-633CSi,6 Series E24,E24,633CSi,5243,Coupe,USA,1977-10,1979-03
6744-USA-10-1977,6744-USA-10-1977-E23-BMW-733i,7 Series E23,E23,733i,6744,Sedan,USA,1977-10,1979-08
5233-USA-11-1977,5233-USA-11-1977-E24-BMW-633CSi,6 Series E24,E24,633CSi,5233,Coupe,USA,1977-11,1979-03
6411-EUR-11-1977,6411-EUR-11-1977-E23-BMW-728,7 Series E23,E23,728,6411,Sedan,EUR,1977-11,1979-04
6501-EUR-11-1977,6501-EUR-11-1977-E23-BMW-728,7 Series E23,E23,728,6501,Sedan,EUR,1977-11,1978-05
6503-EUR-11-1977,6503-EUR-11-1977-E23-BMW-728,7 Series E23,E23,728,6503,Sedan,EUR,1977-11,1978-09
6733-USA-11-1977,6733-USA-11-1977-E23-BMW-733i,7 Series E23,E23,733i,6733,Sedan,USA,1977-11,1979-08
6743-USA-11-1977,6743-USA-11-1977-E23-BMW-733i,7 Series E23,E23,733i,6743,Sedan,USA,1977-11,1979-08
5331-EUR-12-1977,5331-EUR-12-1977-E24-BMW-635CSi,6 Series E24,E24,635CSi,5331,Coupe,EUR,1977-12,1982-04
6421-EUR-01-1978,6421-EUR-01-1978-E23-BMW-728,7 Series E23,E23,728,6421,Sedan,EUR,1978-01,1979-05
5249-JAP-02-1978,5249-JAP-02-1978-E24-BMW-633CSi,6 Series E24,E24,633CSi,5249,Coupe,JAP,1978-02,1979-08
6749-JAP-03-1978,6749-JAP-03-1978-E23-BMW-733i,7 Series E23,E23,733i,6749,Sedan,JAP,1978-03,1979-08
3081-EUR-07-1978,3081-EUR-07-1978-E21-BMW-323i,3 Series E21,E21,323i,3081,Sedan,EUR,1978-07,1979-06
3991-USA-07-1978,3991-USA-07-1978-E12-BMW-528i,5 Series E12,E12,528i,3991,Sedan,USA,1978-07,1979-08
3993-USA-07-1978,3993-USA-07-1978-E12-BMW-528i,5 Series E12,E12,528i,3993,Sedan,USA,1978-07,1979-07
5332-EUR-07-1978,5332-EUR-07-1978-E24-BMW-635CSi,6 Series E24,E24,635CSi,5332,Coupe,EUR,1978-07,1982-02
3082-EUR-10-1978,3082-EUR-10-1978-E21-BMW-323i,3 Series E21,E21,323i,3082,Sedan,EUR,1978-10,1979-07
6403-EUR-02-1979,6403-EUR-02-1979-E23-BMW-730,7 Series E23,E23,730,6403,Sedan,EUR,1979-02,1979-02
2791-EUR-04-1979,2791-EUR-04-1979-E21-BMW-316,3 Series E21,E21,316,2791,Sedan,EUR,1979-04,1980-09
1811-EUR-05-1979,1811-EUR-05-1979-E21-BMW-320,3 Series E21,E21,320,1811,Sedan,EUR,1979-05,1982-10
1821-EUR-05-1979,1821-EUR-05-1979-E21-BMW-320,3 Series E21,E21,320,1821,Sedan,EUR,1979-05,1982-10
1831-EUR-05-1979,1831-EUR-05-1979-E21-BMW-323i,3 Series E21,E21,323i,1831,Sedan,EUR,1979-05,1982-10
2891-EUR-05-1979,2891-EUR-05-1979-E21-BMW-318,3 Series E21,E21,318,2891,Sedan,EUR,1979-05,1980-07
6531-EUR-05-1979,6531-EUR-05-1979-E23-BMW-728i,7 Series E23,E23,728i,6531,Sedan,EUR,1979-05,1983-02
6641-EUR-05-1979,6641-EUR-05-1979-E23-BMW-732i,7 Series E23,E23,732i,6641,Sedan,EUR,1979-05,1982-09
6831-EUR-05-1979,6831-EUR-05-1979-E23-BMW-735i,7 Series E23,E23,735i,6831,Sedan,EUR,1979-05,1982-09
6841-EUR-05-1979,6841-EUR-05-1979-E23-BMW-735i,7 Series E23,E23,735i,6841,Sedan,EUR,1979-05,1982-09
1733-USA-06-1979,1733-USA-06-1979-E21-BMW-320i,3 Series E21,E21,320i,1733,Sedan,USA,1979-06,1982-12
1841-EUR-06-1979,1841-EUR-06-1979-E21-BMW-323i,3 Series E21,E21,323i,1841,Sedan,EUR,1979-06,1982-10
3995-USA-06-1979,3995-USA-06-1979-E12-BMW-528i,5 Series E12,E12,528i,3995,Sedan,USA,1979-06,1981-06
4631-EUR-06-1979,4631-EUR-06-1979-E12-BMW-518i,5 Series E12,E12,518i,4631,Sedan,EUR,1979-06,1981-06
5131-EUR-06-1979,5131-EUR-06-1979-E24-BMW-628CSi,6 Series E24,E24,628CSi,5131,Coupe,EUR,1979-06,1982-02
5141-EUR-06-1979,5141-EUR-06-1979-E24-BMW-628CSi,6 Series E24,E24,628CSi,5141,Coupe,EUR,1979-06,1982-02
5341-EUR-06-1979,5341-EUR-06-1979-E24-BMW-635CSi,6 Series E24,E24,635CSi,5341,Coupe,EUR,1979-06,1982-02
6631-EUR-06-1979,6631-EUR-06-1979-E23-BMW-732i,7 Series E23,E23,732i,6631,Sedan,EUR,1979-06,1982-07
1731-EUR-07-1979,1731-EUR-07-1979-E21-BMW-318i,3 Series E21,E21,318i,1731,Sedan,EUR,1979-07,1983-12
1741-EUR-07-1979,1741-EUR-07-1979-E21-BMW-318i,3 Series E21,E21,318i,1741,Sedan,EUR,1979-07,1982-12
1742-EUR-07-1979,1742-EUR-07-1979-E21-BMW-318i,3 Series E21,E21,318i,1742,Sedan,EUR,1979-07,1982-06
1743-USA-07-1979,1743-USA-07-1979-E21-BMW-320i,3 Series E21,E21,320i,1743,Sedan,USA,1979-07,1982-11
1832-EUR-07-1979,1832-EUR-07-1979-E21-BMW-323i,3 Series E21,E21,323i,1832,Sedan,EUR,1979-07,1982-10
1842-EUR-07-1979,1842-EUR-07-1979-E21-BMW-323i,3 Series E21,E21,323i,1842,Sedan,EUR,1979-07,1982-10
2792-EUR-07-1979,2792-EUR-07-1979-E21-BMW-316,3 Series E21,E21,316,2792,Sedan,EUR,1979-07,1980-07
3997-USA-07-1979,3997-USA-07-1979-E12-BMW-528i,5 Series E12,E12,528i,3997,Sedan,USA,1979-07,1981-07
5235-USA-07-1979,5235-USA-07-1979-E24-BMW-633CSi,6 Series E24,E24,633CSi,5235,Coupe,USA,1979-07,1981-07
5245-USA-07-1979,5245-USA-07-1979-E24-BMW-633CSi,6 Series E24,E24,633CSi,5245,Coupe,USA,1979-07,1981-07
5342-EUR-07-1979,5342-EUR-07-1979-E24-BMW-635CSi,6 Series E24,E24,635CSi,5342,Coupe,EUR,1979-07,1982-03
6633-USA-07-1979,6633-USA-07-1979-E23-BMW-733i,7 Series E23,E23,733i,6633,Sedan,USA,1979-07,1981-10
6643-USA-07-1979,6643-USA-07-1979-E23-BMW-733i,7 Series E23,E23,733i,6643,Sedan,USA,1979-07,1981-10
6842-EUR-07-1979,6842-EUR-07-1979-E23-BMW-735i,7 Series E23,E23,735i,6842,Sedan,EUR,1979-07,1982-07
2893-EUR-08-1979,2893-EUR-08-1979-E21-BMW-318,3 Series E21,E21,318,2893,Sedan,EUR,1979-08,1980-07
1812-EUR-09-1979,1812-EUR-09-1979-E21-BMW-320,3 Series E21,E21,320,1812,Sedan,EUR,1979-09,1982-10
1822-EUR-09-1979,1822-EUR-09-1979-E21-BMW-320,3 Series E21,E21,320,1822,Sedan,EUR,1979-09,1982-10
6532-EUR-09-1979,6532-EUR-09-1979-E23-BMW-728i,7 Series E23,E23,728i,6532,Sedan,EUR,1979-09,1982-07
6542-EUR-09-1979,6542-EUR-09-1979-E23-BMW-728i,7 Series E23,E23,728i,6542,Sedan,EUR,1979-09,1982-09
6632-EUR-09-1979,6632-EUR-09-1979-E23-BMW-732i,7 Series E23,E23,732i,6632,Sedan,EUR,1979-09,1982-07
6642-EUR-09-1979,6642-EUR-09-1979-E23-BMW-732i,7 Series E23,E23,732i,6642,Sedan,EUR,1979-09,1982-07
6832-EUR-09-1979,6832-EUR-09-1979-E23-BMW-735i,7 Series E23,E23,735i,6832,Sedan,EUR,1979-09,1982-07
6745-EUR-10-1979,6745-EUR-10-1979-E23-BMW-733i,7 Series E23,E23,733i,6745,Sedan,EUR,1979-10,1982-07
6746-EUR-10-1979,6746-EUR-10-1979-E23-BMW-733i,7 Series E23,E23,733i,6746,Sedan,EUR,1979-10,1982-07
1739-JAP-11-1979,1739-JAP-11-1979-E21-BMW-318i,3 Series E21,E21,318i,1739,Sedan,JAP,1979-11,1982-11
1749-JAP-11-1979,1749-JAP-11-1979-E21-BMW-318i,3 Series E21,E21,318i,1749,Sedan,JAP,1979-11,1982-11
3999-JAP-11-1979,3999-JAP-11-1979-E12-BMW-528i,5 Series E12,E12,528i,3999,Sedan,JAP,1979-11,1981-07
4649-JAP-11-1979,4649-JAP-11-1979-E12-BMW-518i,5 Series E12,E12,518i,4649,Sedan,JAP,1979-11,1981-06
5209-JAP-11-1979,5209-JAP-11-1979-E24-BMW-633CSi,6 Series E24,E24,633CSi,5209,Coupe,JAP,1979-11,1981-07
6649-JAP-11-1979,6649-JAP-11-1979-E23-BMW-733i,7 Series E23,E23,733i,6649,Sedan,JAP,1979-11,1981-09
6931-EUR-11-1979,6931-EUR-11-1979-E23-BMW-745i,7 Series E23,E23,745i,6931,Sedan,EUR,1979-11,1980-01
1732-EUR-01-1980,1732-EUR-01-1980-E21-BMW-318i,3 Series E21,E21,318i,1732,Sedan,EUR,1980-01,1982-06
6538-ZA-01-1980,6538-ZA-01-1980-E23-BMW-728i,7 Series E23,E23,728i,6538,Sedan,ZA,1980-01,1986-12
6548-ZA-01-1980,6548-ZA-01-1980-E23-BMW-728i,7 Series E23,E23,728i,6548,Sedan,ZA,1980-01,1987-08
6638-ZA-01-1980,6638-ZA-01-1980-E23-BMW-733i,7 Series E23,E23,733i,6638,Sedan,ZA,1980-01,1984-12
6648-ZA-01-1980,6648-ZA-01-1980-E23-BMW-733i,7 Series E23,E23,733i,6648,Sedan,ZA,1980-01,1987-06
6941-EUR-01-1980,6941-EUR-01-1980-E23-BMW-745i,7 Series E23,E23,745i,6941,Sedan,EUR,1980-01,1982-09
1711-EUR-04-1980,1711-EUR-04-1980-E21-BMW-316,3 Series E21,E21,316,1711,Sedan,EUR,1980-04,1982-12
4701-EUR-04-1980,4701-EUR-04-1980-E12-BMW-535i,5 Series E12,E12,535i,4701,Sedan,EUR,1980-04,1981-05
1721-EUR-05-1980,1721-EUR-05-1980-E21-BMW-316,3 Series E21,E21,316,1721,Sedan,EUR,1980-05,1982-12
4611-EUR-05-1980,4611-EUR-05-1980-E12-BMW-518,5 Series E12,E12,518,4611,Sedan,EUR,1980-05,1981-05
4738-ZA-06-1980,4738-ZA-06-1980-E28-BMW-520i,5 Series E28,E28,520i,4738,Sedan,ZA,1980-06,1988-12
5991-EUR-06-1980,5991-EUR-06-1980-E26-BMW-M1,M1 E26,E26,M1,5991,Coupe,EUR,1980-06,1981-07
4702-EUR-07-1980,4702-EUR-07-1980-E12-BMW-535i,5 Series E12,E12,535i,4702,Sedan,EUR,1980-07,1981-05
1712-EUR-09-1980,1712-EUR-09-1980-E21-BMW-316,3 Series E21,E21,316,1712,Sedan,EUR,1980-09,1983-08
1722-EUR-09-1980,1722-EUR-09-1980-E21-BMW-316,3 Series E21,E21,316,1722,Sedan,EUR,1980-09,1983-09
4171-EUR-09-1980,4171-EUR-09-1980-E28-BMW-528i,5 Series E28,E28,528i,4171,Sedan,EUR,1980-09,1987-12
4612-EUR-09-1980,4612-EUR-09-1980-E12-BMW-518,5 Series E12,E12,518,4612,Sedan,EUR,1980-09,1981-05
5132-EUR-09-1980,5132-EUR-09-1980-E24-BMW-628CSi,6 Series E24,E24,628CSi,5132,Coupe,EUR,1980-09,1982-02
5142-EUR-09-1980,5142-EUR-09-1980-E24-BMW-628CSi,6 Series E24,E24,628CSi,5142,Coupe,EUR,1980-09,1982-02
1701-EUR-11-1980,1701-EUR-11-1980-E21-BMW-315,3 Series E21,E21,315,1701,Sedan,EUR,1980-11,1983-12
4011-EUR-11-1980,4011-EUR-11-1980-E28-BMW-518,5 Series E28,E28,518,4011,Sedan,EUR,1980-11,1984-09
4071-EUR-11-1980,4071-EUR-11-1980-E28-BMW-520i,5 Series E28,E28,520i,4071,Sedan,EUR,1980-11,1982-09
4081-EUR-12-1980,4081-EUR-12-1980-E28-BMW-520i,5 Series E28,E28,520i,4081,Sedan,EUR,1980-12,1982-09
4181-EUR-12-1980,4181-EUR-12-1980-E28-BMW-528i,5 Series E28,E28,528i,4181,Sedan,EUR,1980-12,1987-11
4708-ZA-01-1981,4708-ZA-01-1981-E28-BMW-535i,5 Series E28,E28,535i,4708,Sedan,ZA,1981-01,1981-07
4709-ZA-01-1981,4709-ZA-01-1981-E28-BMW-535i,5 Series E28,E28,535i,4709,Sedan,ZA,1981-01,1985-06
4748-ZA-01-1981,4748-ZA-01-1981-E28-BMW-520i,5 Series E28,E28,520i,4748,Sedan,ZA,1981-01,1985-07
6838-ZA-01-1981,6838-ZA-01-1981-E23-BMW-735i,7 Series E23,E23,735i,6838,Sedan,ZA,1981-01,1985-08
6848-ZA-01-1981,6848-ZA-01-1981-E23-BMW-735i,7 Series E23,E23,735i,6848,Sedan,ZA,1981-01,1989-11
4131-EUR-02-1981,4131-EUR-02-1981-E28-BMW-525i,5 Series E28,E28,525i,4131,Sedan,EUR,1981-02,1987-11
4141-EUR-02-1981,4141-EUR-02-1981-E28-BMW-525i,5 Series E28,E28,525i,4141,Sedan,EUR,1981-02,1987-11
6431-EUR-03-1981,6431-EUR-03-1981-E23-BMW-728iS,7 Series E23,E23,728iS,6431,Sedan,EUR,1981-03,1982-07
1702-EUR-04-1981,1702-EUR-04-1981-E21-BMW-315,3 Series E21,E21,315,1702,Sedan,EUR,1981-04,1982-12
4012-EUR-05-1981,4012-EUR-05-1981-E28-BMW-518,5 Series E28,E28,518,4012,Sedan,EUR,1981-05,1984-09
4035-EUR-05-1981,4035-EUR-05-1981-E28-BMW-518i,5 Series E28,E28,518i,4035,Sedan,EUR,1981-05,1983-12
4073-USA-05-1981,4073-USA-05-1981-E28-BMW-528e,5 Series E28,E28,528e,4073,Sedan,USA,1981-05,1987-12
4083-USA-05-1981,4083-USA-05-1981-E28-BMW-528e,5 Series E28,E28,528e,4083,Sedan,USA,1981-05,1987-12
4132-EUR-07-1981,4132-EUR-07-1981-E28-BMW-525i,5 Series E28,E28,525i,4132,Sedan,EUR,1981-07,1987-09
4172-EUR-07-1981,4172-EUR-07-1981-E28-BMW-528i,5 Series E28,E28,528i,4172,Sedan,EUR,1981-07,1987-12
4182-EUR-07-1981,4182-EUR-07-1981-E28-BMW-528i,5 Series E28,E28,528i,4182,Sedan,EUR,1981-07,1987-11
5236-USA-07-1981,5236-USA-07-1981-E24-BMW-633CSi,6 Series E24,E24,633CSi,5236,Coupe,USA,1981-07,1982-04
5246-USA-07-1981,5246-USA-07-1981-E24-BMW-633CSi,6 Series E24,E24,633CSi,5246,Coupe,USA,1981-07,1982-04
6634-USA-07-1981,6634-USA-07-1981-E23-BMW-733i,7 Series E23,E23,733i,6634,Sedan,USA,1981-07,1982-09
6644-USA-07-1981,6644-USA-07-1981-E23-BMW-733i,7 Series E23,E23,733i,6644,Sedan,USA,1981-07,1982-09
4072-EUR-09-1981,4072-EUR-09-1981-E28-BMW-520i,5 Series E28,E28,520i,4072,Sedan,EUR,1981-09,1982-09
4082-EUR-09-1981,4082-EUR-09-1981-E28-BMW-520i,5 Series E28,E28,520i,4082,Sedan,EUR,1981-09,1982-09
4142-EUR-09-1981,4142-EUR-09-1981-E28-BMW-525i,5 Series E28,E28,525i,4142,Sedan,EUR,1981-09,1987-10
4049-JAP-11-1981,4049-JAP-11-1981-E28-BMW-518i,5 Series E28,E28,518i,4049,Sedan,JAP,1981-11,1983-01
4089-JAP-11-1981,4089-JAP-11-1981-E28-BMW-528e,5 Series E28,E28,528e,4089,Sedan,JAP,1981-11,1987-12
5207-JAP-11-1981,5207-JAP-11-1981-E24-BMW-633CSi,6 Series E24,E24,633CSi,5207,Coupe,JAP,1981-11,1982-04
1171-EUR-12-1981,1171-EUR-12-1981-E30-BMW-323i,3 Series E30,E30,323i,1171,Coupe,EUR,1981-12,1986-09
5171-EUR-12-1981,5171-EUR-12-1981-E24-BMW-628CSi,6 Series E24,E24,628CSi,5171,Coupe,EUR,1981-12,1987-05
5371-EUR-12-1981,5371-EUR-12-1981-E24-BMW-635CSi,6 Series E24,E24,635CSi,5371,Coupe,EUR,1981-12,1989-01
6441-EUR-12-1981,6441-EUR-12-1981-E23-BMW-728iS,7 Series E23,E23,728iS,6441,Sedan,EUR,1981-12,1982-07
6647-JAP-12-1981,6647-JAP-12-1981-E23-BMW-733i,7 Series E23,E23,733i,6647,Sedan,JAP,1981-12,1982-09
1141-EUR-01-1982,1141-EUR-01-1982-E30-BMW-320i,3 Series E30,E30,320i,1141,Coupe,EUR,1982-01,1991-01
6678-ZA-01-1982,6678-ZA-01-1982-E23-BMW-733i,7 Series E23,E23,733i,6678,Sedan,ZA,1982-01,1985-03
6688-ZA-01-1982,6688-ZA-01-1982-E23-BMW-733i,7 Series E23,E23,733i,6688,Sedan,ZA,1982-01,1986-07
6878-ZA-01-1982,6878-ZA-01-1982-E23-BMW-735i,7 Series E23,E23,735i,6878,Sedan,ZA,1982-01,1985-12
6888-ZA-01-1982,6888-ZA-01-1982-E23-BMW-735i,7 Series E23,E23,735i,6888,Sedan,ZA,1982-01,1986-08
5181-EUR-02-1982,5181-EUR-02-1982-E24-BMW-628CSi,6 Series E24,E24,628CSi,5181,Coupe,EUR,1982-02,1987-05
5381-EUR-02-1982,5381-EUR-02-1982-E24-BMW-635CSi,6 Series E24,E24,635CSi,5381,Coupe,EUR,1982-02,1989-01
1051-EUR-03-1982,1051-EUR-03-1982-E30-BMW-316,3 Series E30,E30,316,1051,Coupe,EUR,1982-03,1988-07
1071-EUR-03-1982,1071-EUR-03-1982-E30-BMW-318i,3 Series E30,E30,318i,1071,Coupe,EUR,1982-03,1983-12
1081-EUR-03-1982,1081-EUR-03-1982-E30-BMW-318i,3 Series E30,E30,318i,1081,Coupe,EUR,1982-03,1983-08
1131-EUR-03-1982,1131-EUR-03-1982-E30-BMW-320i,3 Series E30,E30,320i,1131,Coupe,EUR,1982-03,1990-12
1181-EUR-03-1982,1181-EUR-03-1982-E30-BMW-323i,3 Series E30,E30,323i,1181,Coupe,EUR,1982-03,1986-07
5172-EUR-03-1982,5172-EUR-03-1982-E24-BMW-628CSi,6 Series E24,E24,628CSi,5172,Coupe,EUR,1982-03,1987-04
5274-USA-03-1982,5274-USA-03-1982-E24-BMW-633CSi,6 Series E24,E24,633CSi,5274,Coupe,USA,1982-03,1984-09
5284-USA-03-1982,5284-USA-03-1982-E24-BMW-633CSi,6 Series E24,E24,633CSi,5284,Coupe,USA,1982-03,1984-09
5372-EUR-03-1982,5372-EUR-03-1982-E24-BMW-635CSi,6 Series E24,E24,635CSi,5372,Coupe,EUR,1982-03,1989-02
5182-EUR-04-1982,5182-EUR-04-1982-E24-BMW-628CSi,6 Series E24,E24,628CSi,5182,Coupe,EUR,1982-04,1987-05
5382-EUR-04-1982,5382-EUR-04-1982-E24-BMW-635CSi,6 Series E24,E24,635CSi,5382,Coupe,EUR,1982-04,1989-04
6671-EUR-04-1982,6671-EUR-04-1982-E23-BMW-732i,7 Series E23,E23,732i,6671,Sedan,EUR,1982-04,1986-04
6871-EUR-04-1982,6871-EUR-04-1982-E23-BMW-735i,7 Series E23,E23,735i,6871,Sedan,EUR,1982-04,1986-04
1052-EUR-05-1982,1052-EUR-05-1982-E30-BMW-316,3 Series E30,E30,316,1052,Coupe,EUR,1982-05,1988-07
1061-EUR-05-1982,1061-EUR-05-1982-E30-BMW-316,3 Series E30,E30,316,1061,Coupe,EUR,1982-05,1988-06
1074-USA-05-1982,1074-USA-05-1982-E30-BMW-318i,3 Series E30,E30,318i,1074,Coupe,USA,1982-05,1985-08
1084-USA-05-1982,1084-USA-05-1982-E30-BMW-318i,3 Series E30,E30,318i,1084,Coupe,USA,1982-05,1985-08
1142-EUR-05-1982,1142-EUR-05-1982-E30-BMW-320i,3 Series E30,E30,320i,1142,Coupe,EUR,1982-05,1988-07
4051-EUR-05-1982,4051-EUR-05-1982-E28-BMW-520i,5 Series E28,E28,520i,4051,Sedan,EUR,1982-05,1987-12
6571-EUR-05-1982,6571-EUR-05-1982-E23-BMW-728i,7 Series E23,E23,728i,6571,Sedan,EUR,1982-05,1986-04
6684-USA-05-1982,6684-USA-05-1982-E23-BMW-733i,7 Series E23,E23,733i,6684,Sedan,USA,1982-05,1984-09
1172-EUR-06-1982,1172-EUR-06-1982-E30-BMW-323i,3 Series E30,E30,323i,1172,Coupe,EUR,1982-06,1986-05
4061-EUR-06-1982,4061-EUR-06-1982-E28-BMW-520i,5 Series E28,E28,520i,4061,Sedan,EUR,1982-06,1987-12
4274-USA-06-1982,4274-USA-06-1982-E28-BMW-533i,5 Series E28,E28,533i,4274,Sedan,USA,1982-06,1984-09
6471-EUR-06-1982,6471-EUR-06-1982-E23-BMW-728iS,7 Series E23,E23,728iS,6471,Sedan,EUR,1982-06,1986-04
6674-USA-06-1982,6674-USA-06-1982-E23-BMW-733i,7 Series E23,E23,733i,6674,Sedan,USA,1982-06,1984-09
1132-EUR-07-1982,1132-EUR-07-1982-E30-BMW-320i,3 Series E30,E30,320i,1132,Coupe,EUR,1982-07,1988-08
1182-EUR-07-1982,1182-EUR-07-1982-E30-BMW-323i,3 Series E30,E30,323i,1182,Coupe,EUR,1982-07,1986-04
4052-EUR-07-1982,4052-EUR-07-1982-E28-BMW-520i,5 Series E28,E28,520i,4052,Sedan,EUR,1982-07,1987-12
4284-USA-07-1982,4284-USA-07-1982-E28-BMW-533i,5 Series E28,E28,533i,4284,Sedan,USA,1982-07,1984-09
6572-EUR-07-1982,6572-EUR-07-1982-E23-BMW-728i,7 Series E23,E23,728i,6572,Sedan,EUR,1982-07,1986-04
6581-EUR-07-1982,6581-EUR-07-1982-E23-BMW-728i,7 Series E23,E23,728i,6581,Sedan,EUR,1982-07,1986-05
6672-EUR-07-1982,6672-EUR-07-1982-E23-BMW-732i,7 Series E23,E23,732i,6672,Sedan,EUR,1982-07,1986-02
6681-EUR-07-1982,6681-EUR-07-1982-E23-BMW-732i,7 Series E23,E23,732i,6681,Sedan,EUR,1982-07,1986-04
6872-EUR-07-1982,6872-EUR-07-1982-E23-BMW-735i,7 Series E23,E23,735i,6872,Sedan,EUR,1982-07,1986-02
6881-EUR-07-1982,6881-EUR-07-1982-E23-BMW-735i,7 Series E23,E23,735i,6881,Sedan,EUR,1982-07,1986-05
6981-EUR-07-1982,6981-EUR-07-1982-E23-BMW-745i,7 Series E23,E23,745i,6981,Sedan,EUR,1982-07,1983-04
4062-EUR-09-1982,4062-EUR-09-1982-E28-BMW-520i,5 Series E28,E28,520i,4062,Sedan,EUR,1982-09,1987-12
6582-EUR-09-1982,6582-EUR-09-1982-E23-BMW-728i,7 Series E23,E23,728i,6582,Sedan,EUR,1982-09,1986-05
6682-EUR-09-1982,6682-EUR-09-1982-E23-BMW-732i,7 Series E23,E23,732i,6682,Sedan,EUR,1982-09,1986-05
6882-EUR-09-1982,6882-EUR-09-1982-E23-BMW-735i,7 Series E23,E23,735i,6882,Sedan,EUR,1982-09,1986-06
4221-EUR-10-1982,4221-EUR-10-1982-E28-BMW-524td,5 Series E28,E28,524td,4221,Sedan,EUR,1982-10,1987-11
5289-JAP-10-1982,5289-JAP-10-1982-E24-BMW-633CSi,6 Series E24,E24,633CSi,5289,Coupe,JAP,1982-10,1984-04
6689-JAP-10-1982,6689-JAP-10-1982-E23-BMW-733i,7 Series E23,E23,733i,6689,Sedan,JAP,1982-10,1984-09
1032-EUR-11-1982,1032-EUR-11-1982-E30-BMW-318i,3 Series E30,E30,318i,1032,Coupe,EUR,1982-11,1987-07
1042-EUR-11-1982,1042-EUR-11-1982-E30-BMW-318i,3 Series E30,E30,318i,1042,Coupe,EUR,1982-11,1987-07
1072-EUR-11-1982,1072-EUR-11-1982-E30-BMW-318i,3 Series E30,E30,318i,1072,Coupe,EUR,1982-11,1983-11
4211-EUR-11-1982,4211-EUR-11-1982-E28-BMW-524td,5 Series E28,E28,524td,4211,Sedan,EUR,1982-11,1987-12
4251-EUR-11-1982,4251-EUR-11-1982-E28-BMW-525e,5 Series E28,E28,525e,4251,Sedan,EUR,1982-11,1987-10
4261-EUR-11-1982,4261-EUR-11-1982-E28-BMW-525e,5 Series E28,E28,525e,4261,Sedan,EUR,1982-11,1987-12
4289-JAP-11-1982,4289-JAP-11-1982-E28-BMW-533i,5 Series E28,E28,533i,4289,Sedan,JAP,1982-11,1984-08
6481-EUR-11-1982,6481-EUR-11-1982-E23-BMW-728iS,7 Series E23,E23,728iS,6481,Sedan,EUR,1982-11,1986-04
1062-EUR-12-1982,1062-EUR-12-1982-E30-BMW-316,3 Series E30,E30,316,1062,Coupe,EUR,1982-12,1988-07
1082-EUR-12-1982,1082-EUR-12-1982-E30-BMW-318i,3 Series E30,E30,318i,1082,Coupe,EUR,1982-12,1983-12
4252-EUR-12-1982,4252-EUR-12-1982-E28-BMW-525e,5 Series E28,E28,525e,4252,Sedan,EUR,1982-12,1987-06
4262-EUR-12-1982,4262-EUR-12-1982-E28-BMW-525e,5 Series E28,E28,525e,4262,Sedan,EUR,1982-12,1987-12
1038-ZA-01-1983,1038-ZA-01-1983-E30-BMW-318i,3 Series E30,E30,318i,1038,Coupe,ZA,1983-01,1991-12
1048-ZA-01-1983,1048-ZA-01-1983-E30-BMW-318i,3 Series E30,E30,318i,1048,Coupe,ZA,1983-01,1989-07
1079-JAP-01-1983,1079-JAP-01-1983-E30-BMW-318i,3 Series E30,E30,318i,1079,Coupe,JAP,1983-01,1984-08
1089-JAP-01-1983,1089-JAP-01-1983-E30-BMW-318i,3 Series E30,E30,318i,1089,Coupe,JAP,1983-01,1986-11
1138-ZA-01-1983,1138-ZA-01-1983-E30-BMW-320i,3 Series E30,E30,320i,1138,Coupe,ZA,1983-01,1989-07
1148-ZA-01-1983,1148-ZA-01-1983-E30-BMW-320i,3 Series E30,E30,320i,1148,Coupe,ZA,1983-01,1989-07
1178-ZA-01-1983,1178-ZA-01-1983-E30-BMW-323i,3 Series E30,E30,323i,1178,Coupe,ZA,1983-01,1986-05
1188-ZA-01-1983,1188-ZA-01-1983-E30-BMW-323i,3 Series E30,E30,323i,1188,Coupe,ZA,1983-01,1986-04
1378-ZA-01-1983,1378-ZA-01-1983-E30-BMW-318i,3 Series E30,E30,318i,1378,Sedan,ZA,1983-01,1994-02
1388-ZA-01-1983,1388-ZA-01-1983-E30-BMW-318i,3 Series E30,E30,318i,1388,Sedan,ZA,1983-01,1989-10
1431-EUR-01-1983,1431-EUR-01-1983-E30-BMW-320i,3 Series E30,E30,320i,1431,Sedan,EUR,1983-01,1990-11
1438-ZA-01-1983,1438-ZA-01-1983-E30-BMW-320i,3 Series E30,E30,320i,1438,Sedan,ZA,1983-01,1992-01
1448-ZA-01-1983,1448-ZA-01-1983-E30-BMW-320i,3 Series E30,E30,320i,1448,Sedan,ZA,1983-01,1991-10
1471-EUR-01-1983,1471-EUR-01-1983-E30-BMW-323i,3 Series E30,E30,323i,1471,Sedan,EUR,1983-01,1986-09
1478-ZA-01-1983,1478-ZA-01-1983-E30-BMW-323i,3 Series E30,E30,323i,1478,Sedan,ZA,1983-01,1986-04
1488-ZA-01-1983,1488-ZA-01-1983-E30-BMW-323i,3 Series E30,E30,323i,1488,Sedan,ZA,1983-01,1986-02
4099-JAP-01-1983,4099-JAP-01-1983-E28-BMW-518i,5 Series E28,E28,518i,4099,Sedan,JAP,1983-01,1986-07
6578-ZA-01-1983,6578-ZA-01-1983-E23-BMW-728i,7 Series E23,E23,728i,6578,Sedan,ZA,1983-01,1986-03
6588-ZA-01-1983,6588-ZA-01-1983-E23-BMW-728i,7 Series E23,E23,728i,6588,Sedan,ZA,1983-01,1986-09
6991-EUR-01-1983,6991-EUR-01-1983-E23-BMW-745i,7 Series E23,E23,745i,6991,Sedan,EUR,1983-01,1986-05
1371-EUR-02-1983,1371-EUR-02-1983-E30-BMW-318i,3 Series E30,E30,318i,1371,Sedan,EUR,1983-02,1987-07
1372-EUR-02-1983,1372-EUR-02-1983-E30-BMW-318i,3 Series E30,E30,318i,1372,Sedan,EUR,1983-02,1987-07
1441-EUR-02-1983,1441-EUR-02-1983-E30-BMW-320i,3 Series E30,E30,320i,1441,Sedan,EUR,1983-02,1990-11
1442-EUR-02-1983,1442-EUR-02-1983-E30-BMW-320i,3 Series E30,E30,320i,1442,Sedan,EUR,1983-02,1988-08
1472-EUR-02-1983,1472-EUR-02-1983-E30-BMW-323i,3 Series E30,E30,323i,1472,Sedan,EUR,1983-02,1986-03
1351-EUR-03-1983,1351-EUR-03-1983-E30-BMW-316,3 Series E30,E30,316,1351,Sedan,EUR,1983-03,1988-07
1381-EUR-03-1983,1381-EUR-03-1983-E30-BMW-318i,3 Series E30,E30,318i,1381,Sedan,EUR,1983-03,1987-07
1481-EUR-03-1983,1481-EUR-03-1983-E30-BMW-323i,3 Series E30,E30,323i,1481,Sedan,EUR,1983-03,1986-07
4214-USA-03-1983,4214-USA-03-1983-E28-BMW-524td,5 Series E28,E28,524td,4214,Sedan,USA,1983-03,1984-02
4224-USA-03-1983,4224-USA-03-1983-E28-BMW-524td,5 Series E28,E28,524td,4224,Sedan,USA,1983-03,1985-12
1031-EUR-05-1983,1031-EUR-05-1983-E30-BMW-318i,3 Series E30,E30,318i,1031,Coupe,EUR,1983-05,1987-07
1041-EUR-06-1983,1041-EUR-06-1983-E30-BMW-318i,3 Series E30,E30,318i,1041,Coupe,EUR,1983-06,1987-07
1352-EUR-06-1983,1352-EUR-06-1983-E30-BMW-316,3 Series E30,E30,316,1352,Sedan,EUR,1983-06,1988-07
1361-EUR-06-1983,1361-EUR-06-1983-E30-BMW-316,3 Series E30,E30,316,1361,Sedan,EUR,1983-06,1988-06
1432-EUR-06-1983,1432-EUR-06-1983-E30-BMW-320i,3 Series E30,E30,320i,1432,Sedan,EUR,1983-06,1988-09
1482-EUR-06-1983,1482-EUR-06-1983-E30-BMW-323i,3 Series E30,E30,323i,1482,Sedan,EUR,1983-06,1986-05
1264-USA-07-1983,1264-USA-07-1983-E30-BMW-325e,3 Series E30,E30,325e,1264,Coupe,USA,1983-07,1988-06
1254-USA-09-1983,1254-USA-09-1983-E30-BMW-325e,3 Series E30,E30,325e,1254,Coupe,USA,1983-09,1988-06
5531-EUR-10-1983,5531-EUR-10-1983-E24-BMW-M635CSi,6 Series E24,E24,M635CSi,5531,Coupe,EUR,1983-10,1988-12
1362-EUR-11-1983,1362-EUR-11-1983-E30-BMW-316,3 Series E30,E30,316,1362,Sedan,EUR,1983-11,1988-07
1382-EUR-11-1983,1382-EUR-11-1983-E30-BMW-318i,3 Series E30,E30,318i,1382,Sedan,EUR,1983-11,1987-07
4091-EUR-11-1983,4091-EUR-11-1983-E28-BMW-518i,5 Series E28,E28,518i,4091,Sedan,EUR,1983-11,1987-12
1569-JAP-12-1983,1569-JAP-12-1983-E30-BMW-325e,3 Series E30,E30,325e,1569,Sedan,JAP,1983-12,1986-09
4058-ZA-01-1984,4058-ZA-01-1984-E28-BMW-520i,5 Series E28,E28,520i,4058,Sedan,ZA,1984-01,1988-12
4068-ZA-01-1984,4068-ZA-01-1984-E28-BMW-520i,5 Series E28,E28,520i,4068,Sedan,ZA,1984-01,1988-12
4178-ZA-01-1984,4178-ZA-01-1984-E28-BMW-528i,5 Series E28,E28,528i,4178,Sedan,ZA,1984-01,1988-12
4188-ZA-01-1984,4188-ZA-01-1984-E28-BMW-528i,5 Series E28,E28,528i,4188,Sedan,ZA,1984-01,1988-12
6918-ZA-01-1984,6918-ZA-01-1984-E23-BMW-745i,7 Series E23,E23,745i,6918,Sedan,ZA,1984-01,1986-01
6928-ZA-01-1984,6928-ZA-01-1984-E23-BMW-745i,7 Series E23,E23,745i,6928,Sedan,ZA,1984-01,1987-04
1374-USA-07-1984,1374-USA-07-1984-E30-BMW-318i,3 Series E30,E30,318i,1374,Sedan,USA,1984-07,1985-08
1384-USA-07-1984,1384-USA-07-1984-E30-BMW-318i,3 Series E30,E30,318i,1384,Sedan,USA,1984-07,1985-09
DC71-EUR-07-1984,DC71-EUR-07-1984-E28-BMW-M535i,5 Series E28,E28,M535i,DC71,Sedan,EUR,1984-07,1987-12
DC72-EUR-07-1984,DC72-EUR-07-1984-E28-BMW-M535i,5 Series E28,E28,M535i,DC72,Sedan,EUR,1984-07,1987-10
1554-USA-08-1984,1554-USA-08-1984-E30-BMW-325e,3 Series E30,E30,325e,1554,Sedan,USA,1984-08,1988-07
1564-USA-08-1984,1564-USA-08-1984-E30-BMW-325e,3 Series E30,E30,325e,1564,Sedan,USA,1984-08,1988-06
5374-USA-08-1984,5374-USA-08-1984-E24-BMW-635CSi,6 Series E24,E24,635CSi,5374,Coupe,USA,1984-08,1989-04
5384-USA-08-1984,5384-USA-08-1984-E24-BMW-635CSi,6 Series E24,E24,635CSi,5384,Coupe,USA,1984-08,1989-04
6874-USA-08-1984,6874-USA-08-1984-E23-BMW-735i,7 Series E23,E23,735i,6874,Sedan,USA,1984-08,1986-04
6884-USA-08-1984,6884-USA-08-1984-E23-BMW-735i,7 Series E23,E23,735i,6884,Sedan,USA,1984-08,1986-06
4241-EUR-09-1984,4241-EUR-09-1984-E28-BMW-525e,5 Series E28,E28,525e,4241,Sedan,EUR,1984-09,1987-12
5532-EUR-09-1984,5532-EUR-09-1984-E24-BMW-M635CSi,6 Series E24,E24,M635CSi,5532,Coupe,EUR,1984-09,1989-02
6999-JAP-09-1984,6999-JAP-09-1984-E23-BMW-745i,7 Series E23,E23,745i,6999,Sedan,JAP,1984-09,1986-06
DC74-USA-09-1984,DC74-USA-09-1984-E28-BMW-535i,5 Series E28,E28,535i,DC74,Sedan,USA,1984-09,1987-12
DC81-EUR-09-1984,DC81-EUR-09-1984-E28-BMW-M535i,5 Series E28,E28,M535i,DC81,Sedan,EUR,1984-09,1987-09
DC84-USA-09-1984,DC84-USA-09-1984-E28-BMW-535i,5 Series E28,E28,535i,DC84,Sedan,USA,1984-09,1987-12
1011-EUR-10-1984,1011-EUR-10-1984-E30-BMW-318i,3 Series E30,E30,318i,1011,Coupe,EUR,1984-10,1987-07
1092-JAP-10-1984,1092-JAP-10-1984-E30-BMW-318i,3 Series E30,E30,318i,1092,Coupe,JAP,1984-10,1985-11
1331-EUR-10-1984,1331-EUR-10-1984-E30-BMW-318i,3 Series E30,E30,318i,1331,Sedan,EUR,1984-10,1987-07
4092-EUR-10-1984,4092-EUR-10-1984-E28-BMW-518i,5 Series E28,E28,518i,4092,Sedan,EUR,1984-10,1987-12
4231-EUR-10-1984,4231-EUR-10-1984-E28-BMW-525e,5 Series E28,E28,525e,4231,Sedan,EUR,1984-10,1987-12
6861-EUR-10-1984,6861-EUR-10-1984-E23-BMW-735i,7 Series E23,E23,735i,6861,Sedan,EUR,1984-10,1986-05
DC89-JAP-10-1984,DC89-JAP-10-1984-E28-BMW-M535i,5 Series E28,E28,M535i,DC89,Sedan,JAP,1984-10,1987-09
DC91-EUR-10-1984,DC91-EUR-10-1984-E28-BMW-M5,5 Series E28,E28,M5,DC91,Sedan,EUR,1984-10,1987-09
1021-EUR-11-1984,1021-EUR-11-1984-E30-BMW-318i,3 Series E30,E30,318i,1021,Coupe,EUR,1984-11,1987-07
1094-JAP-11-1984,1094-JAP-11-1984-E30-BMW-318i,3 Series E30,E30,318i,1094,Coupe,JAP,1984-11,1987-03
1341-EUR-11-1984,1341-EUR-11-1984-E30-BMW-318i,3 Series E30,E30,318i,1341,Sedan,EUR,1984-11,1987-07
1341-JAP-11-1984,1341-JAP-11-1984-E30-BMW-318i,3 Series E30,E30,318i,1341,Sedan,JAP,1984-11,1987-07
1394-JAP-11-1984,1394-JAP-11-1984-E30-BMW-318i,3 Series E30,E30,318i,1394,Sedan,JAP,1984-11,1987-05
4093-EUR-11-1984,4093-EUR-11-1984-E28-BMW-518i,5 Series E28,E28,518i,4093,Sedan,EUR,1984-11,1987-11
5389-JAP-11-1984,5389-JAP-11-1984-E24-BMW-635CSi,6 Series E24,E24,635CSi,5389,Coupe,JAP,1984-11,1988-11
6889-JAP-12-1984,6889-JAP-12-1984-E23-BMW-735i,7 Series E23,E23,735i,6889,Sedan,JAP,1984-12,1986-06
DC41-EUR-12-1984,DC41-EUR-12-1984-E28-BMW-535i,5 Series E28,E28,535i,DC41,Sedan,EUR,1984-12,1987-09
1058-ZA-01-1985,1058-ZA-01-1985-E30-BMW-316i,3 Series E30,E30,316i,1058,Coupe,ZA,1985-01,1990-01
1238-ZA-01-1985,1238-ZA-01-1985-E30-BMW-325i,3 Series E30,E30,325i,1238,Coupe,ZA,1985-01,1992-02
1248-ZA-01-1985,1248-ZA-01-1985-E30-BMW-325i,3 Series E30,E30,325i,1248,Coupe,ZA,1985-01,1991-12
1251-EUR-01-1985,1251-EUR-01-1985-E30-BMW-325e,3 Series E30,E30,325e,1251,Coupe,EUR,1985-01,1987-09
1261-EUR-01-1985,1261-EUR-01-1985-E30-BMW-325e,3 Series E30,E30,325e,1261,Coupe,EUR,1985-01,1987-09
1261-JAP-01-1985,1261-JAP-01-1985-E30-BMW-325e,3 Series E30,E30,325e,1261,Coupe,JAP,1985-01,1987-09
1358-ZA-01-1985,1358-ZA-01-1985-E30-BMW-316,3 Series E30,E30,316,1358,Sedan,ZA,1985-01,1988-05
1538-ZA-01-1985,1538-ZA-01-1985-E30-BMW-325i,3 Series E30,E30,325i,1538,Sedan,ZA,1985-01,1992-02
1548-ZA-01-1985,1548-ZA-01-1985-E30-BMW-325i,3 Series E30,E30,325i,1548,Sedan,ZA,1985-01,1991-12
1551-EUR-01-1985,1551-EUR-01-1985-E30-BMW-325e,3 Series E30,E30,325e,1551,Sedan,EUR,1985-01,1987-08
1561-EUR-01-1985,1561-EUR-01-1985-E30-BMW-325e,3 Series E30,E30,325e,1561,Sedan,EUR,1985-01,1987-08
5351-EUR-01-1985,5351-EUR-01-1985-E24-BMW-635CSi,6 Series E24,E24,635CSi,5351,Coupe,EUR,1985-01,1989-03
5361-EUR-01-1985,5361-EUR-01-1985-E24-BMW-635CSi,6 Series E24,E24,635CSi,5361,Coupe,EUR,1985-01,1989-04
6851-EUR-01-1985,6851-EUR-01-1985-E23-BMW-735i,7 Series E23,E23,735i,6851,Sedan,EUR,1985-01,1986-04
DC11-EUR-01-1985,DC11-EUR-01-1985-E28-BMW-535i,5 Series E28,E28,535i,DC11,Sedan,EUR,1985-01,1987-11
DC21-EUR-01-1985,DC21-EUR-01-1985-E28-BMW-535i,5 Series E28,E28,535i,DC21,Sedan,EUR,1985-01,1987-12
DC29-JAP-01-1985,DC29-JAP-01-1985-E28-BMW-535i,5 Series E28,E28,535i,DC29,Sedan,JAP,1985-01,1987-09
DC31-EUR-01-1985,DC31-EUR-01-1985-E28-BMW-535i,5 Series E28,E28,535i,DC31,Sedan,EUR,1985-01,1987-11
DC32-EUR-01-1985,DC32-EUR-01-1985-E28-BMW-535i,5 Series E28,E28,535i,DC32,Sedan,EUR,1985-01,1987-10
DC78-ZA-01-1985,DC78-ZA-01-1985-E28-BMW-535i,5 Series E28,E28,535i,DC78,Sedan,ZA,1985-01,1990-08
DC82-EUR-01-1985,DC82-EUR-01-1985-E28-BMW-M535i,5 Series E28,E28,M535i,DC82,Sedan,EUR,1985-01,1987-11
1271-EUR-02-1985,1271-EUR-02-1985-E30-BMW-325ix,3 Series E30,E30,325ix,1271,Coupe,EUR,1985-02,1989-09
DC42-EUR-02-1985,DC42-EUR-02-1985-E28-BMW-535i,5 Series E28,E28,535i,DC42,Sedan,EUR,1985-02,1987-11
1231-EUR-03-1985,1231-EUR-03-1985-E30-BMW-325i,3 Series E30,E30,325i,1231,Coupe,EUR,1985-03,1989-09
1241-EUR-03-1985,1241-EUR-03-1985-E30-BMW-325i,3 Series E30,E30,325i,1241,Coupe,EUR,1985-03,1989-09
1531-EUR-03-1985,1531-EUR-03-1985-E30-BMW-325i,3 Series E30,E30,325i,1531,Sedan,EUR,1985-03,1989-09
DC51-EUR-03-1985,DC51-EUR-03-1985-E28-BMW-M535i,5 Series E28,E28,M535i,DC51,Sedan,EUR,1985-03,1987-09
DC61-EUR-03-1985,DC61-EUR-03-1985-E28-BMW-M535i,5 Series E28,E28,M535i,DC61,Sedan,EUR,1985-03,1987-09
1511-EUR-04-1985,1511-EUR-04-1985-E30-BMW-324d,3 Series E30,E30,324d,1511,Sedan,EUR,1985-04,1990-12
1521-EUR-04-1985,1521-EUR-04-1985-E30-BMW-324d,3 Series E30,E30,324d,1521,Sedan,EUR,1985-04,1990-11
6781-EUR-05-1985,6781-EUR-05-1985-E23-BMW-735i,7 Series E23,E23,735i,6781,Sedan,EUR,1985-05,1986-04
6961-EUR-05-1985,6961-EUR-05-1985-E23-BMW-745i,7 Series E23,E23,745i,6961,Sedan,EUR,1985-05,1986-04
1541-EUR-06-1985,1541-EUR-06-1985-E30-BMW-325i,3 Series E30,E30,325i,1541,Sedan,EUR,1985-06,1989-07
6724-USA-06-1985,6724-USA-06-1985-E23-BMW-735i,7 Series E23,E23,735i,6724,Sedan,USA,1985-06,1986-06
1001-EUR-07-1985,1001-EUR-07-1985-E30-BMW-M3,3 Series E30,E30,M3,1001,Coupe,EUR,1985-07,1989-07
1232-EUR-07-1985,1232-EUR-07-1985-E30-BMW-325i,3 Series E30,E30,325i,1232,Coupe,EUR,1985-07,1988-08
1252-EUR-07-1985,1252-EUR-07-1985-E30-BMW-325e,3 Series E30,E30,325e,1252,Coupe,EUR,1985-07,1987-06
1532-EUR-07-1985,1532-EUR-07-1985-E30-BMW-325i,3 Series E30,E30,325i,1532,Sedan,EUR,1985-07,1988-08
1542-EUR-07-1985,1542-EUR-07-1985-E30-BMW-325i,3 Series E30,E30,325i,1542,Sedan,EUR,1985-07,1988-08
1562-EUR-07-1985,1562-EUR-07-1985-E30-BMW-325e,3 Series E30,E30,325e,1562,Sedan,EUR,1985-07,1987-06
4242-EUR-07-1985,4242-EUR-07-1985-E28-BMW-525e,5 Series E28,E28,525e,4242,Sedan,EUR,1985-07,1987-11
6969-JAP-07-1985,6969-JAP-07-1985-E23-BMW-745i,7 Series E23,E23,745i,6969,Sedan,JAP,1985-07,1986-05
BB31-EUR-07-1985,BB31-EUR-07-1985-E30-BMW-325i,3 Series E30,E30,325i,BB31,Convertible,EUR,1985-07,1989-10
DC12-EUR-07-1985,DC12-EUR-07-1985-E28-BMW-535i,5 Series E28,E28,535i,DC12,Sedan,EUR,1985-07,1985-07
DC22-EUR-07-1985,DC22-EUR-07-1985-E28-BMW-535i,5 Series E28,E28,535i,DC22,Sedan,EUR,1985-07,1987-09
1022-EUR-09-1985,1022-EUR-09-1985-E30-BMW-318i,3 Series E30,E30,318i,1022,Coupe,EUR,1985-09,1986-11
1242-EUR-09-1985,1242-EUR-09-1985-E30-BMW-325i,3 Series E30,E30,325i,1242,Coupe,EUR,1985-09,1988-08
1262-EUR-09-1985,1262-EUR-09-1985-E30-BMW-325e,3 Series E30,E30,325e,1262,Coupe,EUR,1985-09,1987-02
1332-EUR-09-1985,1332-EUR-09-1985-E30-BMW-318i,3 Series E30,E30,318i,1332,Sedan,EUR,1985-09,1987-07
1552-EUR-09-1985,1552-EUR-09-1985-E30-BMW-325e,3 Series E30,E30,325e,1552,Sedan,EUR,1985-09,1987-07
4232-EUR-09-1985,4232-EUR-09-1985-E28-BMW-525e,5 Series E28,E28,525e,4232,Sedan,EUR,1985-09,1987-09
6721-EUR-09-1985,6721-EUR-09-1985-E23-BMW-735i,7 Series E23,E23,735i,6721,Sedan,EUR,1985-09,1986-04
BB41-EUR-09-1985,BB41-EUR-09-1985-E30-BMW-325i,3 Series E30,E30,325i,BB41,Convertible,EUR,1985-09,1989-11
DC52-EUR-09-1985,DC52-EUR-09-1985-E28-BMW-M535i,5 Series E28,E28,M535i,DC52,Sedan,EUR,1985-09,1987-03
1012-EUR-10-1985,1012-EUR-10-1985-E30-BMW-318i,3 Series E30,E30,318i,1012,Coupe,EUR,1985-10,1987-07
1342-EUR-10-1985,1342-EUR-10-1985-E30-BMW-318i,3 Series E30,E30,318i,1342,Sedan,EUR,1985-10,1987-07
GB51-EUR-10-1985,GB51-EUR-10-1985-E32-BMW-735i,7 Series E32,E32,735i,GB51,Sedan,EUR,1985-10,1988-12
GB61-EUR-10-1985,GB61-EUR-10-1985-E32-BMW-735i,7 Series E32,E32,735i,GB61,Sedan,EUR,1985-10,1988-11
1571-EUR-11-1985,1571-EUR-11-1985-E30-BMW-325ix,3 Series E30,E30,325ix,1571,Sedan,EUR,1985-11,1989-09
4258-ZA-01-1986,4258-ZA-01-1986-E28-BMW-525e,5 Series E28,E28,525e,4258,Sedan,ZA,1986-01,1989-01
4268-ZA-01-1986,4268-ZA-01-1986-E28-BMW-525e,5 Series E28,E28,525e,4268,Sedan,ZA,1986-01,1989-01
5352-EUR-01-1986,5352-EUR-01-1986-E24-BMW-635CSi,6 Series E24,E24,635CSi,5352,Coupe,EUR,1986-01,1987-05
5362-EUR-01-1986,5362-EUR-01-1986-E24-BMW-635CSi,6 Series E24,E24,635CSi,5362,Coupe,EUR,1986-01,1989-01
DC88-ZA-01-1986,DC88-ZA-01-1986-E28-BMW-535i,5 Series E28,E28,535i,DC88,Sedan,ZA,1986-01,1990-08
1005-EUR-02-1986,1005-EUR-02-1986-E30-BMW-M3,3 Series E30,E30,M3,1005,Coupe,EUR,1986-02,1990-12
1005-JAP-02-1986,1005-JAP-02-1986-E30-BMW-M3,3 Series E30,E30,M3,1005,Coupe,JAP,1986-02,1990-12
GB41-EUR-02-1986,GB41-EUR-02-1986-E32-BMW-735i,7 Series E32,E32,735i,GB41,Sedan,EUR,1986-02,1992-07
GB41-JAP-02-1986,GB41-JAP-02-1986-E32-BMW-735i,7 Series E32,E32,735i,GB41,Sedan,JAP,1986-02,1992-07
DC92-EUR-03-1986,DC92-EUR-03-1986-E28-BMW-M5,5 Series E28,E28,M5,DC92,Sedan,EUR,1986-03,1987-11
GB31-EUR-03-1986,GB31-EUR-03-1986-E32-BMW-735i,7 Series E32,E32,735i,GB31,Sedan,EUR,1986-03,1992-06
BA31-EUR-04-1986,BA31-EUR-04-1986-E30-BMW-320i,3 Series E30,E30,320i,BA31,Convertible,EUR,1986-04,1991-05
BB42-EUR-04-1986,BB42-EUR-04-1986-E30-BMW-325i,3 Series E30,E30,325i,BB42,Convertible,EUR,1986-04,1988-07
4291-EUR-05-1986,4291-EUR-05-1986-E28-BMW-524d,5 Series E28,E28,524d,4291,Sedan,EUR,1986-05,1987-12
BA41-EUR-05-1986,BA41-EUR-05-1986-E30-BMW-320i,3 Series E30,E30,320i,BA41,Convertible,EUR,1986-05,1991-05
BB32-EUR-05-1986,BB32-EUR-05-1986-E30-BMW-325i,3 Series E30,E30,325i,BB32,Convertible,EUR,1986-05,1988-08
1281-EUR-07-1986,1281-EUR-07-1986-E30-BMW-325ix,3 Series E30,E30,325ix,1281,Coupe,EUR,1986-07,1989-08
1581-EUR-07-1986,1581-EUR-07-1986-E30-BMW-325ix,3 Series E30,E30,325ix,1581,Sedan,EUR,1986-07,1989-07
5514-USA-07-1986,5514-USA-07-1986-E24-BMW-M6,6 Series E24,E24,M6,5514,Coupe,USA,1986-07,1988-09
5519-JAP-07-1986,5519-JAP-07-1986-E24-BMW-M6,6 Series E24,E24,M6,5519,Coupe,JAP,1986-07,1988-03
GA31-EUR-07-1986,GA31-EUR-07-1986-E32-BMW-730i,7 Series E32,E32,730i,GA31,Sedan,EUR,1986-07,1988-12
GA41-EUR-07-1986,GA41-EUR-07-1986-E32-BMW-730i,7 Series E32,E32,730i,GA41,Sedan,EUR,1986-07,1988-12
GB62-EUR-07-1986,GB62-EUR-07-1986-E32-BMW-735i,7 Series E32,E32,735i,GB62,Sedan,EUR,1986-07,1988-08
GB33-USA-08-1986,GB33-USA-08-1986-E32-BMW-735i,7 Series E32,E32,735i,GB33,Sedan,USA,1986-08,1990-08
GB43-USA-08-1986,GB43-USA-08-1986-E32-BMW-735i,7 Series E32,E32,735i,GB43,Sedan,USA,1986-08,1992-06
GB52-EUR-08-1986,GB52-EUR-08-1986-E32-BMW-735i,7 Series E32,E32,735i,GB52,Sedan,EUR,1986-08,1988-07
1111-EUR-10-1986,1111-EUR-10-1986-E30-BMW-325i,3 Series E30,E30,325i,1111,Coupe,EUR,1986-10,1991-03
1121-EUR-10-1986,1121-EUR-10-1986-E30-BMW-325i,3 Series E30,E30,325i,1121,Coupe,EUR,1986-10,1991-03
1121-JAP-10-1986,1121-JAP-10-1986-E30-BMW-325i,3 Series E30,E30,325i,1121,Coupe,JAP,1986-10,1991-03
1151-EUR-10-1986,1151-EUR-10-1986-E30-BMW-320i,3 Series E30,E30,320i,1151,Coupe,EUR,1986-10,1991-04
1151-JAP-10-1986,1151-JAP-10-1986-E30-BMW-320i,3 Series E30,E30,320i,1151,Coupe,JAP,1986-10,1991-04
1161-EUR-10-1986,1161-EUR-10-1986-E30-BMW-320i,3 Series E30,E30,320i,1161,Coupe,EUR,1986-10,1991-03
1161-JAP-10-1986,1161-JAP-10-1986-E30-BMW-320i,3 Series E30,E30,320i,1161,Coupe,JAP,1986-10,1991-03
1291-EUR-10-1986,1291-EUR-10-1986-E30-BMW-325ix,3 Series E30,E30,325ix,1291,Coupe,EUR,1986-10,1991-02
1461-EUR-10-1986,1461-EUR-10-1986-E30-BMW-320i,3 Series E30,E30,320i,1461,Sedan,EUR,1986-10,1991-01
1461-JAP-10-1986,1461-JAP-10-1986-E30-BMW-320i,3 Series E30,E30,320i,1461,Sedan,JAP,1986-10,1991-01
1501-EUR-10-1986,1501-EUR-10-1986-E30-BMW-325ix,3 Series E30,E30,325ix,1501,Sedan,EUR,1986-10,1990-12
1501-JAP-10-1986,1501-JAP-10-1986-E30-BMW-325ix,3 Series E30,E30,325ix,1501,Sedan,JAP,1986-10,1990-12
4031-EUR-10-1986,4031-EUR-10-1986-E28-BMW-520i,5 Series E28,E28,520i,4031,Sedan,EUR,1986-10,1987-12
4041-EUR-10-1986,4041-EUR-10-1986-E28-BMW-520i,5 Series E28,E28,520i,4041,Sedan,EUR,1986-10,1987-12
4041-JAP-10-1986,4041-JAP-10-1986-E28-BMW-520i,5 Series E28,E28,520i,4041,Sedan,JAP,1986-10,1987-12
BB11-EUR-10-1986,BB11-EUR-10-1986-E30-BMW-325i,3 Series E30,E30,325i,BB11,Convertible,EUR,1986-10,1993-01
BB13-USA-10-1986,BB13-USA-10-1986-E30-BMW-325i,3 Series E30,E30,325i,BB13,Convertible,USA,1986-10,1993-01
GA42-EUR-10-1986,GA42-EUR-10-1986-E32-BMW-730i,7 Series E32,E32,730i,GA42,Sedan,EUR,1986-10,1988-07
GB42-EUR-10-1986,GB42-EUR-10-1986-E32-BMW-735i,7 Series E32,E32,735i,GB42,Sedan,EUR,1986-10,1992-05
GB42-JAP-10-1986,GB42-JAP-10-1986-E32-BMW-735i,7 Series E32,E32,735i,GB42,Sedan,JAP,1986-10,1992-05
1113-USA-11-1986,1113-USA-11-1986-E30-BMW-325i,3 Series E30,E30,325i,1113,Coupe,USA,1986-11,1991-04
1411-EUR-11-1986,1411-EUR-11-1986-E30-BMW-325i,3 Series E30,E30,325i,1411,Sedan,EUR,1986-11,1990-11
1413-USA-11-1986,1413-USA-11-1986-E30-BMW-325i,3 Series E30,E30,325i,1413,Sedan,USA,1986-11,1991-01
1421-EUR-11-1986,1421-EUR-11-1986-E30-BMW-325i,3 Series E30,E30,325i,1421,Sedan,EUR,1986-11,1991-01
1421-JAP-11-1986,1421-JAP-11-1986-E30-BMW-325i,3 Series E30,E30,325i,1421,Sedan,JAP,1986-11,1991-01
1423-USA-11-1986,1423-USA-11-1986-E30-BMW-325i,3 Series E30,E30,325i,1423,Sedan,USA,1986-11,1991-01
1451-EUR-11-1986,1451-EUR-11-1986-E30-BMW-320i,3 Series E30,E30,320i,1451,Sedan,EUR,1986-11,1990-11
1591-EUR-11-1986,1591-EUR-11-1986-E30-BMW-325ix,3 Series E30,E30,325ix,1591,Sedan,EUR,1986-11,1990-12
1591-JAP-11-1986,1591-JAP-11-1986-E30-BMW-325ix,3 Series E30,E30,325ix,1591,Sedan,JAP,1986-11,1990-12
5511-EUR-11-1986,5511-EUR-11-1986-E24-BMW-M635CSi,6 Series E24,E24,M635CSi,5511,Coupe,EUR,1986-11,1988-12
BB21-EUR-11-1986,BB21-EUR-11-1986-E30-BMW-325i,3 Series E30,E30,325i,BB21,Convertible,EUR,1986-11,1992-12
BB21-JAP-11-1986,BB21-JAP-11-1986-E30-BMW-325i,3 Series E30,E30,325i,BB21,Convertible,JAP,1986-11,1992-12
BB23-USA-11-1986,BB23-USA-11-1986-E30-BMW-325i,3 Series E30,E30,325i,BB23,Convertible,USA,1986-11,1992-10
DC93-USA-11-1986,DC93-USA-11-1986-E28-BMW-M5,5 Series E28,E28,M5,DC93,Sedan,USA,1986-11,1987-11
GA32-EUR-11-1986,GA32-EUR-11-1986-E32-BMW-730i,7 Series E32,E32,730i,GA32,Sedan,EUR,1986-11,1988-07
GC81-EUR-11-1986,GC81-EUR-11-1986-E32-BMW-750iL,7 Series E32,E32,750iL,GC81,Sedan,EUR,1986-11,1994-03
GC81-JAP-11-1986,GC81-JAP-11-1986-E32-BMW-750iL,7 Series E32,E32,750iL,GC81,Sedan,JAP,1986-11,1994-03
1003-USA-12-1986,1003-USA-12-1986-E30-BMW-M3,3 Series E30,E30,M3,1003,Coupe,USA,1986-12,1990-12
1123-USA-12-1986,1123-USA-12-1986-E30-BMW-325i,3 Series E30,E30,325i,1123,Coupe,USA,1986-12,1991-04
1201-EUR-12-1986,1201-EUR-12-1986-E30-BMW-325ix,3 Series E30,E30,325ix,1201,Coupe,EUR,1986-12,1991-01
BA32-EUR-12-1986,BA32-EUR-12-1986-E30-BMW-320i,3 Series E30,E30,320i,BA32,Convertible,EUR,1986-12,1988-07
BA42-EUR-12-1986,BA42-EUR-12-1986-E30-BMW-320i,3 Series E30,E30,320i,BA42,Convertible,EUR,1986-12,1988-07
AF58-ZA-01-1987,AF58-ZA-01-1987-E30-BMW-318i,3 Series E30,E30,318i,AF58,Coupe,ZA,1987-01,1991-01
AJ51-EUR-01-1987,AJ51-EUR-01-1987-E30-BMW-318i,3 Series E30,E30,318i,AJ51,Sedan,EUR,1987-01,1990-12
AJ58-ZA-01-1987,AJ58-ZA-01-1987-E30-BMW-318i,3 Series E30,E30,318i,AJ58,Sedan,ZA,1987-01,1992-02
AJ68-ZA-01-1987,AJ68-ZA-01-1987-E30-BMW-318i,3 Series E30,E30,318i,AJ68,Sedan,ZA,1987-01,1991-09
DC98-ZA-01-1987,DC98-ZA-01-1987-E28-BMW-M5,5 Series E28,E28,M5,DC98,Sedan,ZA,1987-01,1988-01
GA48-ZA-01-1987,GA48-ZA-01-1987-E32-BMW-730i,7 Series E32,E32,730i,GA48,Sedan,ZA,1987-01,1992-11
GA71-EUR-01-1987,GA71-EUR-01-1987-E32-BMW-730i,7 Series E32,E32,730i,GA71,Sedan,EUR,1987-01,1994-03
GA81-EUR-01-1987,GA81-EUR-01-1987-E32-BMW-730i,7 Series E32,E32,730i,GA81,Sedan,EUR,1987-01,1994-03
GB68-ZA-01-1987,GB68-ZA-01-1987-E32-BMW-735i,7 Series E32,E32,735i,GB68,Sedan,ZA,1987-01,1992-10
AD91-EUR-02-1987,AD91-EUR-02-1987-E30-BMW-324td,3 Series E30,E30,324td,AD91,Sedan,EUR,1987-02,1990-12
HD11-EUR-03-1987,HD11-EUR-03-1987-E34-BMW-535i,5 Series E34,E34,535i,HD11,Sedan,EUR,1987-03,1993-04
AF51-EUR-04-1987,AF51-EUR-04-1987-E30-BMW-318i,3 Series E30,E30,318i,AF51,Coupe,EUR,1987-04,1991-04
HD21-EUR-04-1987,HD21-EUR-04-1987-E34-BMW-535i,5 Series E34,E34,535i,HD21,Sedan,EUR,1987-04,1992-12
HD21-JAP-04-1987,HD21-JAP-04-1987-E34-BMW-535i,5 Series E34,E34,535i,HD21,Sedan,JAP,1987-04,1992-12
AD01-EUR-05-1987,AD01-EUR-05-1987-E30-BMW-324td,3 Series E30,E30,324td,AD01,Sedan,EUR,1987-05,1990-11
AF61-EUR-05-1987,AF61-EUR-05-1987-E30-BMW-318i,3 Series E30,E30,318i,AF61,Coupe,EUR,1987-05,1991-04
AJ61-EUR-05-1987,AJ61-EUR-05-1987-E30-BMW-318i,3 Series E30,E30,318i,AJ61,Sedan,EUR,1987-05,1990-11
1152-EUR-06-1987,1152-EUR-06-1987-E30-BMW-320i,3 Series E30,E30,320i,1152,Coupe,EUR,1987-06,1990-11
1422-EUR-06-1987,1422-EUR-06-1987-E30-BMW-325i,3 Series E30,E30,325i,1422,Sedan,EUR,1987-06,1990-11
AF52-EUR-06-1987,AF52-EUR-06-1987-E30-BMW-318i,3 Series E30,E30,318i,AF52,Coupe,EUR,1987-06,1991-04
AJ62-EUR-06-1987,AJ62-EUR-06-1987-E30-BMW-318i,3 Series E30,E30,318i,AJ62,Sedan,EUR,1987-06,1991-04
AJ62-JAP-06-1987,AJ62-JAP-06-1987-E30-BMW-318i,3 Series E30,E30,318i,AJ62,Sedan,JAP,1987-06,1991-04
GC31-EUR-06-1987,GC31-EUR-06-1987-E32-BMW-735iL,7 Series E32,E32,735iL,GC31,Sedan,EUR,1987-06,1992-02
GC41-EUR-06-1987,GC41-EUR-06-1987-E32-BMW-735iL,7 Series E32,E32,735iL,GC41,Sedan,EUR,1987-06,1992-07
GC41-JAP-06-1987,GC41-JAP-06-1987-E32-BMW-735iL,7 Series E32,E32,735iL,GC41,Sedan,JAP,1987-06,1992-07
GC83-USA-06-1987,GC83-USA-06-1987-E32-BMW-750iL,7 Series E32,E32,750iL,GC83,Sedan,USA,1987-06,1994-03
HB11-EUR-06-1987,HB11-EUR-06-1987-E34-BMW-520i,5 Series E34,E34,520i,HB11,Sedan,EUR,1987-06,1990-08
HB21-EUR-06-1987,HB21-EUR-06-1987-E34-BMW-520i,5 Series E34,E34,520i,HB21,Sedan,EUR,1987-06,1990-08
HC11-EUR-06-1987,HC11-EUR-06-1987-E34-BMW-525i,5 Series E34,E34,525i,HC11,Sedan,EUR,1987-06,1990-07
HC21-EUR-06-1987,HC21-EUR-06-1987-E34-BMW-525i,5 Series E34,E34,525i,HC21,Sedan,EUR,1987-06,1990-09
HC21-JAP-06-1987,HC21-JAP-06-1987-E34-BMW-525i,5 Series E34,E34,525i,HC21,Sedan,JAP,1987-06,1990-09
HC51-EUR-06-1987,HC51-EUR-06-1987-E34-BMW-530i,5 Series E34,E34,530i,HC51,Sedan,EUR,1987-06,1990-04
HC61-EUR-06-1987,HC61-EUR-06-1987-E34-BMW-530i,5 Series E34,E34,530i,HC61,Sedan,EUR,1987-06,1990-05
1112-EUR-07-1987,1112-EUR-07-1987-E30-BMW-325i,3 Series E30,E30,325i,1112,Coupe,EUR,1987-07,1990-12
1203-USA-07-1987,1203-USA-07-1987-E30-BMW-325ix,3 Series E30,E30,325ix,1203,Coupe,USA,1987-07,1991-01
1293-USA-07-1987,1293-USA-07-1987-E30-BMW-325ix,3 Series E30,E30,325ix,1293,Coupe,USA,1987-07,1991-01
1315-EUR-07-1987,1315-EUR-07-1987-E30-BMW-316i,3 Series E30,E30,316i,1315,Sedan,EUR,1987-07,1988-06
1325-EUR-07-1987,1325-EUR-07-1987-E30-BMW-316i,3 Series E30,E30,316i,1325,Sedan,EUR,1987-07,1988-06
1462-EUR-07-1987,1462-EUR-07-1987-E30-BMW-320i,3 Series E30,E30,320i,1462,Sedan,EUR,1987-07,1991-02
1462-JAP-07-1987,1462-JAP-07-1987-E30-BMW-320i,3 Series E30,E30,320i,1462,Sedan,JAP,1987-07,1991-02
1503-USA-07-1987,1503-USA-07-1987-E30-BMW-325ix,3 Series E30,E30,325ix,1503,Sedan,USA,1987-07,1991-01
1593-USA-07-1987,1593-USA-07-1987-E30-BMW-325ix,3 Series E30,E30,325ix,1593,Sedan,USA,1987-07,1991-01
AG51-EUR-07-1987,AG51-EUR-07-1987-E30-BMW-325i,3 Series E30,E30,325i,AG51,Touring,EUR,1987-07,1993-04
BA11-EUR-07-1987,BA11-EUR-07-1987-E30-BMW-320i,3 Series E30,E30,320i,BA11,Convertible,EUR,1987-07,1993-01
BA21-EUR-07-1987,BA21-EUR-07-1987-E30-BMW-320i,3 Series E30,E30,320i,BA21,Convertible,EUR,1987-07,1992-12
BA21-JAP-07-1987,BA21-JAP-07-1987-E30-BMW-320i,3 Series E30,E30,320i,BA21,Convertible,JAP,1987-07,1992-12
GB81-EUR-07-1987,GB81-EUR-07-1987-E32-BMW-750i,7 Series E32,E32,750i,GB81,Sedan,EUR,1987-07,1994-03
GB81-JAP-07-1987,GB81-JAP-07-1987-E32-BMW-750i,7 Series E32,E32,750i,GB81,Sedan,JAP,1987-07,1994-03
GC51-EUR-07-1987,GC51-EUR-07-1987-E32-BMW-735iL,7 Series E32,E32,735iL,GC51,Sedan,EUR,1987-07,1988-11
GC52-EUR-07-1987,GC52-EUR-07-1987-E32-BMW-735iL,7 Series E32,E32,735iL,GC52,Sedan,EUR,1987-07,1988-07
GC82-EUR-07-1987,GC82-EUR-07-1987-E32-BMW-750iL,7 Series E32,E32,750iL,GC82,Sedan,EUR,1987-07,1994-03
GC82-JAP-07-1987,GC82-JAP-07-1987-E32-BMW-750iL,7 Series E32,E32,750iL,GC82,Sedan,JAP,1987-07,1994-03
HA51-EUR-07-1987,HA51-EUR-07-1987-E34-BMW-524td,5 Series E34,E34,524td,HA51,Sedan,EUR,1987-07,1991-08
HA61-EUR-07-1987,HA61-EUR-07-1987-E34-BMW-524td,5 Series E34,E34,524td,HA61,Sedan,EUR,1987-07,1991-08
GC61-EUR-08-1987,GC61-EUR-08-1987-E32-BMW-735iL,7 Series E32,E32,735iL,GC61,Sedan,EUR,1987-08,1988-11
1015-EUR-09-1987,1015-EUR-09-1987-E30-BMW-316i,3 Series E30,E30,316i,1015,Coupe,EUR,1987-09,1988-07
1025-EUR-09-1987,1025-EUR-09-1987-E30-BMW-316i,3 Series E30,E30,316i,1025,Coupe,EUR,1987-09,1988-07
1412-EUR-09-1987,1412-EUR-09-1987-E30-BMW-325i,3 Series E30,E30,325i,1412,Sedan,EUR,1987-09,1990-11
9231-EUR-09-1987,9231-EUR-09-1987-259O-BMW-A10_B08,A10B08 (87-97),259O,A10 B08,9231,,EUR,1987-09,1996-01
AC95-EUR-09-1987,AC95-EUR-09-1987-E30-BMW-320is,3 Series E30,E30,320is,AC95,Sedan,EUR,1987-09,1990-07
GC62-EUR-09-1987,GC62-EUR-09-1987-E32-BMW-735iL,7 Series E32,E32,735iL,GC62,Sedan,EUR,1987-09,1988-07
1122-EUR-10-1987,1122-EUR-10-1987-E30-BMW-325i,3 Series E30,E30,325i,1122,Coupe,EUR,1987-10,1990-12
1162-EUR-10-1987,1162-EUR-10-1987-E30-BMW-320i,3 Series E30,E30,320i,1162,Coupe,EUR,1987-10,1990-10
1162-JAP-10-1987,1162-JAP-10-1987-E30-BMW-320i,3 Series E30,E30,320i,1162,Coupe,JAP,1987-10,1990-10
1452-EUR-10-1987,1452-EUR-10-1987-E30-BMW-320i,3 Series E30,E30,320i,1452,Sedan,EUR,1987-10,1990-11
AF62-EUR-10-1987,AF62-EUR-10-1987-E30-BMW-318i,3 Series E30,E30,318i,AF62,Coupe,EUR,1987-10,1991-04
AF62-JAP-10-1987,AF62-JAP-10-1987-E30-BMW-318i,3 Series E30,E30,318i,AF62,Coupe,JAP,1987-10,1991-04
AJ52-EUR-10-1987,AJ52-EUR-10-1987-E30-BMW-318i,3 Series E30,E30,318i,AJ52,Sedan,EUR,1987-10,1990-12
BA12-EUR-10-1987,BA12-EUR-10-1987-E30-BMW-320i,3 Series E30,E30,320i,BA12,Convertible,EUR,1987-10,1992-12
BA22-EUR-10-1987,BA22-EUR-10-1987-E30-BMW-320i,3 Series E30,E30,320i,BA22,Convertible,EUR,1987-10,1992-09
AG61-EUR-11-1987,AG61-EUR-11-1987-E30-BMW-325i,3 Series E30,E30,325i,AG61,Touring,EUR,1987-11,1993-04
AG61-JAP-11-1987,AG61-JAP-11-1987-E30-BMW-325i,3 Series E30,E30,325i,AG61,Touring,JAP,1987-11,1993-04
AK95-EUR-11-1987,AK95-EUR-11-1987-E30-BMW-320is,3 Series E30,E30,320is,AK95,Coupe,EUR,1987-11,1990-11
GB82-EUR-11-1987,GB82-EUR-11-1987-E32-BMW-750i,7 Series E32,E32,750i,GB82,Sedan,EUR,1987-11,1994-02
GB82-JAP-11-1987,GB82-JAP-11-1987-E32-BMW-750i,7 Series E32,E32,750i,GB82,Sedan,JAP,1987-11,1994-02
HB31-EUR-11-1987,HB31-EUR-11-1987-E34-BMW-520i,5 Series E34,E34,520i,HB31,Sedan,EUR,1987-11,1990-04
GC11-EUR-12-1987,GC11-EUR-12-1987-E32-BMW-730iL,7 Series E32,E32,730iL,GC11,Sedan,EUR,1987-12,1992-02
HC12-EUR-12-1987,HC12-EUR-12-1987-E34-BMW-525i,5 Series E34,E34,525i,HC12,Sedan,EUR,1987-12,1990-08
HD12-EUR-12-1987,HD12-EUR-12-1987-E34-BMW-535i,5 Series E34,E34,535i,HD12,Sedan,EUR,1987-12,1992-09
AB18-ZA-01-1988,AB18-ZA-01-1988-E30-BMW-316i,3 Series E30,E30,316i,AB18,Coupe,ZA,1988-01,1991-11
AC18-ZA-01-1988,AC18-ZA-01-1988-E30-BMW-316i,3 Series E30,E30,316i,AC18,Sedan,ZA,1988-01,1992-02
AG52-EUR-01-1988,AG52-EUR-01-1988-E30-BMW-325i,3 Series E30,E30,325i,AG52,Touring,EUR,1988-01,1993-04
AG62-EUR-01-1988,AG62-EUR-01-1988-E30-BMW-325i,3 Series E30,E30,325i,AG62,Touring,EUR,1988-01,1993-04
AG95-EUR-01-1988,AG95-EUR-01-1988-E30-BMW-325ix,3 Series E30,E30,325ix,AG95,Touring,EUR,1988-01,1992-12
AH01-EUR-01-1988,AH01-EUR-01-1988-E30-BMW-324td,3 Series E30,E30,324td,AH01,Touring,EUR,1988-01,1991-04
AH51-EUR-01-1988,AH51-EUR-01-1988-E30-BMW-320i,3 Series E30,E30,320i,AH51,Touring,EUR,1988-01,1991-04
AH61-EUR-01-1988,AH61-EUR-01-1988-E30-BMW-320i,3 Series E30,E30,320i,AH61,Touring,EUR,1988-01,1991-04
AH71-EUR-01-1988,AH71-EUR-01-1988-E30-BMW-320i,3 Series E30,E30,320i,AH71,Touring,EUR,1988-01,1990-12
AH91-EUR-01-1988,AH91-EUR-01-1988-E30-BMW-324td,3 Series E30,E30,324td,AH91,Touring,EUR,1988-01,1993-05
GC12-EUR-01-1988,GC12-EUR-01-1988-E32-BMW-730iL,7 Series E32,E32,730iL,GC12,Sedan,EUR,1988-01,1988-01
GC43-USA-01-1988,GC43-USA-01-1988-E32-BMW-735iL,7 Series E32,E32,735iL,GC43,Sedan,USA,1988-01,1992-07
GC88-ZA-01-1988,GC88-ZA-01-1988-E32-BMW-750iL,7 Series E32,E32,750iL,GC88,Sedan,ZA,1988-01,1993-11
HB32-EUR-01-1988,HB32-EUR-01-1988-E34-BMW-520i,5 Series E34,E34,520i,HB32,Sedan,EUR,1988-01,1988-01
HC13-USA-01-1988,HC13-USA-01-1988-E34-BMW-525i,5 Series E34,E34,525i,HC13,Sedan,USA,1988-01,1990-08
HC18-ZA-01-1988,HC18-ZA-01-1988-E34-BMW-525i,5 Series E34,E34,525i,HC18,Sedan,ZA,1988-01,1990-10
HC28-ZA-01-1988,HC28-ZA-01-1988-E34-BMW-525i,5 Series E34,E34,525i,HC28,Sedan,ZA,1988-01,1990-10
HD18-ZA-01-1988,HD18-ZA-01-1988-E34-BMW-535i,5 Series E34,E34,535i,HD18,Sedan,ZA,1988-01,1993-03
HD23-USA-01-1988,HD23-USA-01-1988-E34-BMW-535i,5 Series E34,E34,535i,HD23,Sedan,USA,1988-01,1993-02
HD28-ZA-01-1988,HD28-ZA-01-1988-E34-BMW-535i,5 Series E34,E34,535i,HD28,Sedan,ZA,1988-01,1993-04
HB41-EUR-02-1988,HB41-EUR-02-1988-E34-BMW-520i,5 Series E34,E34,520i,HB41,Sedan,EUR,1988-02,1990-04
HC22-EUR-02-1988,HC22-EUR-02-1988-E34-BMW-525i,5 Series E34,E34,525i,HC22,Sedan,EUR,1988-02,1990-08
HC22-JAP-02-1988,HC22-JAP-02-1988-E34-BMW-525i,5 Series E34,E34,525i,HC22,Sedan,JAP,1988-02,1990-08
HD22-EUR-02-1988,HD22-EUR-02-1988-E34-BMW-535i,5 Series E34,E34,535i,HD22,Sedan,EUR,1988-02,1992-12
AG05-EUR-03-1988,AG05-EUR-03-1988-E30-BMW-325ix,3 Series E30,E30,325ix,AG05,Touring,EUR,1988-03,1992-12
HB12-EUR-03-1988,HB12-EUR-03-1988-E34-BMW-520i,5 Series E34,E34,520i,HB12,Sedan,EUR,1988-03,1990-09
HB22-EUR-03-1988,HB22-EUR-03-1988-E34-BMW-520i,5 Series E34,E34,520i,HB22,Sedan,EUR,1988-03,1990-09
HC23-USA-03-1988,HC23-USA-03-1988-E34-BMW-525i,5 Series E34,E34,525i,HC23,Sedan,USA,1988-03,1990-08
HC52-EUR-03-1988,HC52-EUR-03-1988-E34-BMW-530i,5 Series E34,E34,530i,HC52,Sedan,EUR,1988-03,1990-07
HC62-EUR-03-1988,HC62-EUR-03-1988-E34-BMW-530i,5 Series E34,E34,530i,HC62,Sedan,EUR,1988-03,1990-07
HD13-USA-03-1988,HD13-USA-03-1988-E34-BMW-535i,5 Series E34,E34,535i,HD13,Sedan,USA,1988-03,1993-02
GC21-EUR-04-1988,GC21-EUR-04-1988-E32-BMW-730iL,7 Series E32,E32,730iL,GC21,Sedan,EUR,1988-04,1994-03
HD91-EUR-04-1988,HD91-EUR-04-1988-E34-BMW-M5_36,5 Series E34,E34,M5 3.6,HD91,Sedan,EUR,1988-04,1992-04
HD91-JAP-04-1988,HD91-JAP-04-1988-E34-BMW-M5_36,5 Series E34,E34,M5 3.6,HD91,Sedan,JAP,1988-04,1992-04
AB11-EUR-05-1988,AB11-EUR-05-1988-E30-BMW-316i,3 Series E30,E30,316i,AB11,Coupe,EUR,1988-05,1991-04
AB21-EUR-05-1988,AB21-EUR-05-1988-E30-BMW-316i,3 Series E30,E30,316i,AB21,Coupe,EUR,1988-05,1991-04
AC11-EUR-05-1988,AC11-EUR-05-1988-E30-BMW-316i,3 Series E30,E30,316i,AC11,Sedan,EUR,1988-05,1990-12
AC21-EUR-05-1988,AC21-EUR-05-1988-E30-BMW-316i,3 Series E30,E30,316i,AC21,Sedan,EUR,1988-05,1990-11
AB12-EUR-06-1988,AB12-EUR-06-1988-E30-BMW-316i,3 Series E30,E30,316i,AB12,Coupe,EUR,1988-06,1991-04
AC22-EUR-06-1988,AC22-EUR-06-1988-E30-BMW-316i,3 Series E30,E30,316i,AC22,Sedan,EUR,1988-06,1990-11
AH52-EUR-06-1988,AH52-EUR-06-1988-E30-BMW-320i,3 Series E30,E30,320i,AH52,Touring,EUR,1988-06,1991-04
BB01-EUR-06-1988,BB01-EUR-06-1988-E30-BMW-M3,3 Series E30,E30,M3,BB01,Convertible,EUR,1988-06,1989-06
BA91-EUR-07-1988,BA91-EUR-07-1988-Z1-BMW-Z1,Z1 E30,Z1,Z1,BA91,Roadster,EUR,1988-07,1991-06
BB05-EUR-07-1988,BB05-EUR-07-1988-E30-BMW-M3,3 Series E30,E30,M3,BB05,Convertible,EUR,1988-07,1991-06
GC22-EUR-07-1988,GC22-EUR-07-1988-E32-BMW-730iL,7 Series E32,E32,730iL,GC22,Sedan,EUR,1988-07,1992-06
AH62-EUR-08-1988,AH62-EUR-08-1988-E30-BMW-320i,3 Series E30,E30,320i,AH62,Touring,EUR,1988-08,1991-04
BB12-EUR-08-1988,BB12-EUR-08-1988-E30-BMW-325i,3 Series E30,E30,325i,BB12,Convertible,EUR,1988-08,1992-12
GA82-EUR-08-1988,GA82-EUR-08-1988-E32-BMW-730i,7 Series E32,E32,730i,GA82,Sedan,EUR,1988-08,1994-02
GA82-JAP-08-1988,GA82-JAP-08-1988-E32-BMW-730i,7 Series E32,E32,730i,GA82,Sedan,JAP,1988-08,1994-02
AB22-EUR-09-1988,AB22-EUR-09-1988-E30-BMW-316i,3 Series E30,E30,316i,AB22,Coupe,EUR,1988-09,1990-12
AC12-EUR-09-1988,AC12-EUR-09-1988-E30-BMW-316i,3 Series E30,E30,316i,AC12,Sedan,EUR,1988-09,1990-11
AH81-EUR-09-1988,AH81-EUR-09-1988-E30-BMW-320i,3 Series E30,E30,320i,AH81,Touring,EUR,1988-09,1990-06
BB22-EUR-09-1988,BB22-EUR-09-1988-E30-BMW-325i,3 Series E30,E30,325i,BB22,Convertible,EUR,1988-09,1992-12
GA72-EUR-09-1988,GA72-EUR-09-1988-E32-BMW-730i,7 Series E32,E32,730i,GA72,Sedan,EUR,1988-09,1990-12
GB32-EUR-09-1988,GB32-EUR-09-1988-E32-BMW-735i,7 Series E32,E32,735i,GB32,Sedan,EUR,1988-09,1990-12
GC42-EUR-09-1988,GC42-EUR-09-1988-E32-BMW-735iL,7 Series E32,E32,735iL,GC42,Sedan,EUR,1988-09,1992-07
GC42-JAP-09-1988,GC42-JAP-09-1988-E32-BMW-735iL,7 Series E32,E32,735iL,GC42,Sedan,JAP,1988-09,1992-07
GC85-EUR-09-1988,GC85-EUR-09-1988-E32-BMW-750iLS,7 Series E32,E32,750iLS,GC85,Sedan,EUR,1988-09,1994-03
GA88-ZA-01-1989,GA88-ZA-01-1989-E32-BMW-730i,7 Series E32,E32,730i,GA88,Sedan,ZA,1989-01,1992-01
GB48-ZA-01-1989,GB48-ZA-01-1989-E32-BMW-735i,7 Series E32,E32,735i,GB48,Sedan,ZA,1989-01,1992-04
GC32-EUR-01-1989,GC32-EUR-01-1989-E32-BMW-735iL,7 Series E32,E32,735iL,GC32,Sedan,EUR,1989-01,1989-09
HD51-EUR-01-1989,HD51-EUR-01-1989-E34-BMW-525i,5 Series E34,E34,525i,HD51,Sedan,EUR,1989-01,1995-12
AF91-EUR-02-1989,AF91-EUR-02-1989-E30-BMW-318is,3 Series E30,E30,318is,AF91,Coupe,EUR,1989-02,1991-04
AG71-EUR-02-1989,AG71-EUR-02-1989-E30-BMW-318i,3 Series E30,E30,318i,AG71,Touring,EUR,1989-02,1994-02
AG81-EUR-02-1989,AG81-EUR-02-1989-E30-BMW-318i,3 Series E30,E30,318i,AG81,Touring,EUR,1989-02,1994-02
AG72-EUR-03-1989,AG72-EUR-03-1989-E30-BMW-318i,3 Series E30,E30,318i,AG72,Touring,EUR,1989-03,1994-02
HB51-EUR-03-1989,HB51-EUR-03-1989-E34-BMW-520i,5 Series E34,E34,520i,HB51,Sedan,EUR,1989-03,1995-12
HB61-EUR-03-1989,HB61-EUR-03-1989-E34-BMW-520i,5 Series E34,E34,520i,HB61,Sedan,EUR,1989-03,1995-12
AG82-EUR-04-1989,AG82-EUR-04-1989-E30-BMW-318i,3 Series E30,E30,318i,AG82,Touring,EUR,1989-04,1994-02
HA11-EUR-04-1989,HA11-EUR-04-1989-E34-BMW-518i,5 Series E34,E34,518i,HA11,Sedan,EUR,1989-04,1994-05
HA12-EUR-05-1989,HA12-EUR-05-1989-E34-BMW-518i,5 Series E34,E34,518i,HA12,Sedan,EUR,1989-05,1994-04
HD61-EUR-05-1989,HD61-EUR-05-1989-E34-BMW-525i,5 Series E34,E34,525i,HD61,Sedan,EUR,1989-05,1995-12
HD61-JAP-05-1989,HD61-JAP-05-1989-E34-BMW-525i,5 Series E34,E34,525i,HD61,Sedan,JAP,1989-05,1995-12
EG21-EUR-07-1989,EG21-EUR-07-1989-E31-BMW-850Ci,8 Series E31,E31,850Ci,EG21,Coupe,EUR,1989-07,1994-10
EG11-EUR-08-1989,EG11-EUR-08-1989-E31-BMW-850Ci,8 Series E31,E31,850Ci,EG11,Coupe,EUR,1989-08,1994-09
HD93-USA-09-1989,HD93-USA-09-1989-E34-BMW-M5_36,5 Series E34,E34,M5 3.6,HD93,Sedan,USA,1989-09,1993-04
HB52-EUR-10-1989,HB52-EUR-10-1989-E34-BMW-520i,5 Series E34,E34,520i,HB52,Sedan,EUR,1989-10,1995-12
HD62-EUR-10-1989,HD62-EUR-10-1989-E34-BMW-525i,5 Series E34,E34,525i,HD62,Sedan,EUR,1989-10,1995-12
HD62-JAP-10-1989,HD62-JAP-10-1989-E34-BMW-525i,5 Series E34,E34,525i,HD62,Sedan,JAP,1989-10,1995-12
HD92-EUR-10-1989,HD92-EUR-10-1989-E34-BMW-M5_36,5 Series E34,E34,M5 3.6,HD92,Sedan,EUR,1989-10,1991-12
AF92-EUR-11-1989,AF92-EUR-11-1989-E30-BMW-318is,3 Series E30,E30,318is,AF92,Coupe,EUR,1989-11,1991-05
AF93-USA-11-1989,AF93-USA-11-1989-E30-BMW-318is,3 Series E30,E30,318is,AF93,Coupe,USA,1989-11,1991-04
CB31-EUR-11-1989,CB31-EUR-11-1989-E36-BMW-325i,3 Series E36,E36,325i,CB31,Sedan,EUR,1989-11,1995-07
EG13-USA-11-1989,EG13-USA-11-1989-E31-BMW-850Ci,8 Series E31,E31,850Ci,EG13,Coupe,USA,1989-11,1994-03
EG22-EUR-11-1989,EG22-EUR-11-1989-E31-BMW-850Ci,8 Series E31,E31,850Ci,EG22,Coupe,EUR,1989-11,1994-08
EG23-USA-11-1989,EG23-USA-11-1989-E31-BMW-850Ci,8 Series E31,E31,850Ci,EG23,Coupe,USA,1989-11,1994-06
HD52-EUR-11-1989,HD52-EUR-11-1989-E34-BMW-525i,5 Series E34,E34,525i,HD52,Sedan,EUR,1989-11,1995-12
1007-EUR-12-1989,1007-EUR-12-1989-E30-BMW-M3,3 Series E30,E30,M3,1007,Coupe,EUR,1989-12,1990-02
CA31-EUR-12-1989,CA31-EUR-12-1989-E36-BMW-318i,3 Series E36,E36,318i,CA31,Sedan,EUR,1989-12,1994-02
CB41-EUR-12-1989,CB41-EUR-12-1989-E36-BMW-325i,3 Series E36,E36,325i,CB41,Sedan,EUR,1989-12,1995-07
CB11-EUR-01-1990,CB11-EUR-01-1990-E36-BMW-320i,3 Series E36,E36,320i,CB11,Sedan,EUR,1990-01,1995-03
CB21-EUR-01-1990,CB21-EUR-01-1990-E36-BMW-320i,3 Series E36,E36,320i,CB21,Sedan,EUR,1990-01,1995-08
HB58-ZA-01-1990,HB58-ZA-01-1990-E34-BMW-520i,5 Series E34,E34,520i,HB58,Sedan,ZA,1990-01,1993-11
HB68-ZA-01-1990,HB68-ZA-01-1990-E34-BMW-520i,5 Series E34,E34,520i,HB68,Sedan,ZA,1990-01,1993-10
HD58-ZA-01-1990,HD58-ZA-01-1990-E34-BMW-525i,5 Series E34,E34,525i,HD58,Sedan,ZA,1990-01,1996-01
HD68-ZA-01-1990,HD68-ZA-01-1990-E34-BMW-525i,5 Series E34,E34,525i,HD68,Sedan,ZA,1990-01,1996-01
HD98-ZA-01-1990,HD98-ZA-01-1990-E34-BMW-M5_36,5 Series E34,E34,M5 3.6,HD98,Sedan,ZA,1990-01,1993-04
CA41-EUR-02-1990,CA41-EUR-02-1990-E36-BMW-318i,3 Series E36,E36,318i,CA41,Sedan,EUR,1990-02,1994-02
EG12-EUR-02-1990,EG12-EUR-02-1990-E31-BMW-850Ci,8 Series E31,E31,850Ci,EG12,Coupe,EUR,1990-02,1994-04
HA01-EUR-02-1990,HA01-EUR-02-1990-E34-BMW-525tds,5 Series E34,E34,525tds,HA01,Sedan,EUR,1990-02,1995-12
HA91-EUR-02-1990,HA91-EUR-02-1990-E34-BMW-525tds,5 Series E34,E34,525tds,HA91,Sedan,EUR,1990-02,1995-11
HB62-EUR-02-1990,HB62-EUR-02-1990-E34-BMW-520i,5 Series E34,E34,520i,HB62,Sedan,EUR,1990-02,1995-12
HB62-JAP-02-1990,HB62-JAP-02-1990-E34-BMW-520i,5 Series E34,E34,520i,HB62,Sedan,JAP,1990-02,1995-12
AJ93-USA-03-1990,AJ93-USA-03-1990-E30-BMW-318i,3 Series E30,E30,318i,AJ93,Sedan,USA,1990-03,1991-04
HA31-EUR-03-1990,HA31-EUR-03-1990-E34-BMW-518i,5 Series E34,E34,518i,HA31,Sedan,EUR,1990-03,1995-12
HD65-THA-05-1990,HD65-THA-05-1990-E34-BMW-525i,5 Series E34,E34,525i,HD65,Sedan,THA,1990-05,1996-12
HD53-USA-06-1990,HD53-USA-06-1990-E34-BMW-525i,5 Series E34,E34,525i,HD53,Sedan,USA,1990-06,1995-12
HD63-USA-06-1990,HD63-USA-06-1990-E34-BMW-525i,5 Series E34,E34,525i,HD63,Sedan,USA,1990-06,1995-12
BA51-EUR-07-1990,BA51-EUR-07-1990-E30-BMW-318i,3 Series E30,E30,318i,BA51,Convertible,EUR,1990-07,1993-04
BA52-EUR-07-1990,BA52-EUR-07-1990-E30-BMW-318i,3 Series E30,E30,318i,BA52,Convertible,EUR,1990-07,1993-04
BA61-EUR-07-1990,BA61-EUR-07-1990-E30-BMW-318i,3 Series E30,E30,318i,BA61,Convertible,EUR,1990-07,1993-03
BA73-USA-07-1990,BA73-USA-07-1990-E30-BMW-318i,3 Series E30,E30,318i,BA73,Convertible,USA,1990-07,1992-12
CB32-EUR-08-1990,CB32-EUR-08-1990-E36-BMW-325i,3 Series E36,E36,325i,CB32,Sedan,EUR,1990-08,1995-04
CA42-EUR-09-1990,CA42-EUR-09-1990-E36-BMW-318i,3 Series E36,E36,318i,CA42,Sedan,EUR,1990-09,1994-03
CB42-EUR-09-1990,CB42-EUR-09-1990-E36-BMW-325i,3 Series E36,E36,325i,CB42,Sedan,EUR,1990-09,1995-03
BA62-EUR-10-1990,BA62-EUR-10-1990-E30-BMW-318i,3 Series E30,E30,318i,BA62,Convertible,EUR,1990-10,1993-04
BF31-EUR-10-1990,BF31-EUR-10-1990-E36-BMW-325i,3 Series E36,E36,325i,BF31,Coupe,EUR,1990-10,1995-07
CA32-EUR-10-1990,CA32-EUR-10-1990-E36-BMW-318i,3 Series E36,E36,318i,CA32,Sedan,EUR,1990-10,1994-02
CB33-USA-10-1990,CB33-USA-10-1990-E36-BMW-325i,3 Series E36,E36,325i,CB33,Sedan,USA,1990-10,1995-09
CB43-USA-10-1990,CB43-USA-10-1990-E36-BMW-325i,3 Series E36,E36,325i,CB43,Sedan,USA,1990-10,1995-10
BF33-USA-11-1990,BF33-USA-11-1990-E36-BMW-325is,3 Series E36,E36,325is,BF33,Coupe,USA,1990-11,1995-09
BF41-EUR-11-1990,BF41-EUR-11-1990-E36-BMW-325i,3 Series E36,E36,325i,BF41,Coupe,EUR,1990-11,1995-07
HG51-EUR-11-1990,HG51-EUR-11-1990-E34-BMW-520i,5 Series E34,E34,520i,HG51,Touring,EUR,1990-11,1996-06
BF43-USA-12-1990,BF43-USA-12-1990-E36-BMW-325is,3 Series E36,E36,325is,BF43,Coupe,USA,1990-12,1995-09
CA11-EUR-12-1990,CA11-EUR-12-1990-E36-BMW-316i,3 Series E36,E36,316i,CA11,Sedan,EUR,1990-12,1994-02
CB22-EUR-12-1990,CB22-EUR-12-1990-E36-BMW-320i,3 Series E36,E36,320i,CB22,Sedan,EUR,1990-12,1995-09
EG18-ZA-12-1990,EG18-ZA-12-1990-E31-BMW-850Ci,8 Series E31,E31,850Ci,EG18,Coupe,ZA,1990-12,1992-03
HJ51-EUR-12-1990,HJ51-EUR-12-1990-E34-BMW-525i,5 Series E34,E34,525i,HJ51,Touring,EUR,1990-12,1996-06
HJ61-EUR-12-1990,HJ61-EUR-12-1990-E34-BMW-525i,5 Series E34,E34,525i,HJ61,Touring,EUR,1990-12,1996-05
CA21-EUR-01-1991,CA21-EUR-01-1991-E36-BMW-316i,3 Series E36,E36,316i,CA21,Sedan,EUR,1991-01,1994-02
CA38-ZA-01-1991,CA38-ZA-01-1991-E36-BMW-316i,3 Series E36,E36,316i,CA38,Sedan,ZA,1991-01,1994-03
CA48-ZA-01-1991,CA48-ZA-01-1991-E36-BMW-316i,3 Series E36,E36,316i,CA48,Sedan,ZA,1991-01,1994-03
CB12-EUR-01-1991,CB12-EUR-01-1991-E36-BMW-320i,3 Series E36,E36,320i,CB12,Sedan,EUR,1991-01,1995-08
CB18-ZA-01-1991,CB18-ZA-01-1991-E36-BMW-320i,3 Series E36,E36,320i,CB18,Sedan,ZA,1991-01,1995-11
CB28-ZA-01-1991,CB28-ZA-01-1991-E36-BMW-320i,3 Series E36,E36,320i,CB28,Sedan,ZA,1991-01,1995-12
CB38-ZA-01-1991,CB38-ZA-01-1991-E36-BMW-325i,3 Series E36,E36,325i,CB38,Sedan,ZA,1991-01,1995-08
CB48-ZA-01-1991,CB48-ZA-01-1991-E36-BMW-325i,3 Series E36,E36,325i,CB48,Sedan,ZA,1991-01,1995-08
CC11-EUR-01-1991,CC11-EUR-01-1991-E36-BMW-325td,3 Series E36,E36,325td,CC11,Sedan,EUR,1991-01,1998-02
CC21-EUR-01-1991,CC21-EUR-01-1991-E36-BMW-325td,3 Series E36,E36,325td,CC21,Sedan,EUR,1991-01,1998-02
EG28-ZA-01-1991,EG28-ZA-01-1991-E31-BMW-850Ci,8 Series E31,E31,850Ci,EG28,Coupe,ZA,1991-01,1993-10
BE51-EUR-02-1991,BE51-EUR-02-1991-E36-BMW-318is,3 Series E36,E36,318is,BE51,Coupe,EUR,1991-02,1996-01
BF11-EUR-02-1991,BF11-EUR-02-1991-E36-BMW-320i,3 Series E36,E36,320i,BF11,Coupe,EUR,1991-02,1995-03
HG61-EUR-02-1991,HG61-EUR-02-1991-E34-BMW-520i,5 Series E34,E34,520i,HG61,Touring,EUR,1991-02,1996-06
CA12-EUR-03-1991,CA12-EUR-03-1991-E36-BMW-316i,3 Series E36,E36,316i,CA12,Sedan,EUR,1991-03,1994-02
GD11-EUR-03-1991,GD11-EUR-03-1991-E32-BMW-730i,7 Series E32,E32,730i,GD11,Sedan,EUR,1991-03,1994-03
HD81-EUR-04-1991,HD81-EUR-04-1991-E34-BMW-525ix,5 Series E34,E34,525ix,HD81,Sedan,EUR,1991-04,1995-10
BF42-EUR-05-1991,BF42-EUR-05-1991-E36-BMW-325i,3 Series E36,E36,325i,BF42,Coupe,EUR,1991-05,1995-05
CA47-IDN-05-1991,CA47-IDN-05-1991-E36-BMW-318i,3 Series E36,E36,318i,CA47,Sedan,IDN,1991-05,1993-08
HD71-EUR-05-1991,HD71-EUR-05-1991-E34-BMW-525ix,5 Series E34,E34,525ix,HD71,Sedan,EUR,1991-05,1995-11
AJ11-EUR-06-1991,AJ11-EUR-06-1991-E30-BMW-316i,3 Series E30,E30,316i,AJ11,Touring,EUR,1991-06,1994-02
AJ21-EUR-06-1991,AJ21-EUR-06-1991-E30-BMW-316i,3 Series E30,E30,316i,AJ21,Touring,EUR,1991-06,1994-02
BF21-EUR-06-1991,BF21-EUR-06-1991-E36-BMW-320i,3 Series E36,E36,320i,BF21,Coupe,EUR,1991-06,1995-07
CA22-EUR-06-1991,CA22-EUR-06-1991-E36-BMW-316i,3 Series E36,E36,316i,CA22,Sedan,EUR,1991-06,1994-02
GD21-EUR-06-1991,GD21-EUR-06-1991-E32-BMW-730i,7 Series E32,E32,730i,GD21,Sedan,EUR,1991-06,1994-04
AJ12-EUR-07-1991,AJ12-EUR-07-1991-E30-BMW-316i,3 Series E30,E30,316i,AJ12,Touring,EUR,1991-07,1994-02
AJ22-EUR-07-1991,AJ22-EUR-07-1991-E30-BMW-316i,3 Series E30,E30,316i,AJ22,Touring,EUR,1991-07,1994-02
HC91-EUR-07-1991,HC91-EUR-07-1991-E34-BMW-M5_38,5 Series E34,E34,M5 3.8,HC91,Sedan,EUR,1991-07,1995-07
HC91-JAP-07-1991,HC91-JAP-07-1991-E34-BMW-M5_38,5 Series E34,E34,M5 3.8,HC91,Sedan,JAP,1991-07,1995-07
HG81-EUR-07-1991,HG81-EUR-07-1991-E34-BMW-525tds,5 Series E34,E34,525tds,HG81,Touring,EUR,1991-07,1996-06
HJ62-EUR-07-1991,HJ62-EUR-07-1991-E34-BMW-525i,5 Series E34,E34,525i,HJ62,Touring,EUR,1991-07,1996-06
HJ71-EUR-07-1991,HJ71-EUR-07-1991-E34-BMW-525ix,5 Series E34,E34,525ix,HJ71,Touring,EUR,1991-07,1996-03
HG71-EUR-08-1991,HG71-EUR-08-1991-E34-BMW-525tds,5 Series E34,E34,525tds,HG71,Touring,EUR,1991-08,1996-06
BF32-EUR-09-1991,BF32-EUR-09-1991-E36-BMW-325i,3 Series E36,E36,325i,BF32,Coupe,EUR,1991-09,1995-05
GD41-EUR-09-1991,GD41-EUR-09-1991-E32-BMW-740i,7 Series E32,E32,740i,GD41,Sedan,EUR,1991-09,1994-03
GD41-JAP-09-1991,GD41-JAP-09-1991-E32-BMW-740i,7 Series E32,E32,740i,GD41,Sedan,JAP,1991-09,1994-03
GD81-EUR-10-1991,GD81-EUR-10-1991-E32-BMW-740iL,7 Series E32,E32,740iL,GD81,Sedan,EUR,1991-10,1994-03
GD81-JAP-10-1991,GD81-JAP-10-1991-E32-BMW-740iL,7 Series E32,E32,740iL,GD81,Sedan,JAP,1991-10,1994-03
HG52-EUR-10-1991,HG52-EUR-10-1991-E34-BMW-520i,5 Series E34,E34,520i,HG52,Touring,EUR,1991-10,1996-06
HG62-EUR-10-1991,HG62-EUR-10-1991-E34-BMW-520i,5 Series E34,E34,520i,HG62,Touring,EUR,1991-10,1996-06
HJ52-EUR-10-1991,HJ52-EUR-10-1991-E34-BMW-525i,5 Series E34,E34,525i,HJ52,Touring,EUR,1991-10,1996-06
HJ63-USA-10-1991,HJ63-USA-10-1991-E34-BMW-525i,5 Series E34,E34,525i,HJ63,Touring,USA,1991-10,1996-01
HJ81-EUR-10-1991,HJ81-EUR-10-1991-E34-BMW-525ix,5 Series E34,E34,525ix,HJ81,Touring,EUR,1991-10,1996-03
BE53-USA-11-1991,BE53-USA-11-1991-E36-BMW-318is,3 Series E36,E36,318is,BE53,Coupe,USA,1991-11,1995-12
CA53-USA-11-1991,CA53-USA-11-1991-E36-BMW-318i,3 Series E36,E36,318i,CA53,Sedan,USA,1991-11,1995-01
HC92-EUR-11-1991,HC92-EUR-11-1991-E34-BMW-M5_38,5 Series E34,E34,M5 3.8,HC92,Sedan,EUR,1991-11,1995-06
HD72-EUR-12-1991,HD72-EUR-12-1991-E34-BMW-525ix,5 Series E34,E34,525ix,HD72,Sedan,EUR,1991-12,1995-12
HJ82-EUR-12-1991,HJ82-EUR-12-1991-E34-BMW-525ix,5 Series E34,E34,525ix,HJ82,Touring,EUR,1991-12,1996-03
BE52-EUR-01-1992,BE52-EUR-01-1992-E36-BMW-318is,3 Series E36,E36,318is,BE52,Coupe,EUR,1992-01,1995-12
BF12-EUR-01-1992,BF12-EUR-01-1992-E36-BMW-320i,3 Series E36,E36,320i,BF12,Coupe,EUR,1992-01,1995-04
BF22-EUR-01-1992,BF22-EUR-01-1992-E36-BMW-320i,3 Series E36,E36,320i,BF22,Coupe,EUR,1992-01,1995-07
BF38-ZA-01-1992,BF38-ZA-01-1992-E36-BMW-325i,3 Series E36,E36,325i,BF38,Coupe,ZA,1992-01,1993-11
BF48-ZA-01-1992,BF48-ZA-01-1992-E36-BMW-325i,3 Series E36,E36,325i,BF48,Coupe,ZA,1992-01,1993-11
BF98-ZA-01-1992,BF98-ZA-01-1992-E36-BMW-M3,3 Series E36,E36,M3,BF98,Coupe,ZA,1992-01,1994-06
GD22-EUR-01-1992,GD22-EUR-01-1992-E32-BMW-730i,7 Series E32,E32,730i,GD22,Sedan,EUR,1992-01,1994-03
GD22-JAP-01-1992,GD22-JAP-01-1992-E32-BMW-730i,7 Series E32,E32,730i,GD22,Sedan,JAP,1992-01,1994-03
GD28-ZA-01-1992,GD28-ZA-01-1992-E32-BMW-730i,7 Series E32,E32,730i,GD28,Sedan,ZA,1992-01,1993-12
GD48-ZA-01-1992,GD48-ZA-01-1992-E32-BMW-740i,7 Series E32,E32,740i,GD48,Sedan,ZA,1992-01,1994-08
HD82-EUR-01-1992,HD82-EUR-01-1992-E34-BMW-525ix,5 Series E34,E34,525ix,HD82,Sedan,EUR,1992-01,1995-12
HJ72-EUR-01-1992,HJ72-EUR-01-1992-E34-BMW-525ix,5 Series E34,E34,525ix,HJ72,Touring,EUR,1992-01,1996-03
CA08-ZA-02-1992,CA08-ZA-02-1992-E36-BMW-318i,3 Series E36,E36,318i,CA08,Sedan,ZA,1992-02,1998-10
CA58-ZA-02-1992,CA58-ZA-02-1992-E36-BMW-318i,3 Series E36,E36,318i,CA58,Sedan,ZA,1992-02,1996-05
CA68-ZA-02-1992,CA68-ZA-02-1992-E36-BMW-318i,3 Series E36,E36,318i,CA68,Sedan,ZA,1992-02,1996-04
CA98-ZA-02-1992,CA98-ZA-02-1992-E36-BMW-318i,3 Series E36,E36,318i,CA98,Sedan,ZA,1992-02,1998-11
EG91-EUR-02-1992,EG91-EUR-02-1992-E31-BMW-850CSi,8 Series E31,E31,850CSi,EG91,Coupe,EUR,1992-02,1996-10
GD42-EUR-02-1992,GD42-EUR-02-1992-E32-BMW-740i,7 Series E32,E32,740i,GD42,Sedan,EUR,1992-02,1994-03
GD42-JAP-02-1992,GD42-JAP-02-1992-E32-BMW-740i,7 Series E32,E32,740i,GD42,Sedan,JAP,1992-02,1994-03
HE18-ZA-02-1992,HE18-ZA-02-1992-E34-BMW-530i,5 Series E34,E34,530i,HE18,Sedan,ZA,1992-02,1996-01
HE28-ZA-02-1992,HE28-ZA-02-1992-E34-BMW-530i,5 Series E34,E34,530i,HE28,Sedan,ZA,1992-02,1995-11
HE68-ZA-02-1992,HE68-ZA-02-1992-E34-BMW-540i,5 Series E34,E34,540i,HE68,Sedan,ZA,1992-02,1996-01
BF91-EUR-03-1992,BF91-EUR-03-1992-E36-BMW-M3,3 Series E36,E36,M3,BF91,Coupe,EUR,1992-03,1995-07
GD82-EUR-03-1992,GD82-EUR-03-1992-E32-BMW-740iL,7 Series E32,E32,740iL,GD82,Sedan,EUR,1992-03,1994-03
GD82-JAP-03-1992,GD82-JAP-03-1992-E32-BMW-740iL,7 Series E32,E32,740iL,GD82,Sedan,JAP,1992-03,1994-03
HE11-EUR-03-1992,HE11-EUR-03-1992-E34-BMW-530i,5 Series E34,E34,530i,HE11,Sedan,EUR,1992-03,1995-10
HE21-EUR-03-1992,HE21-EUR-03-1992-E34-BMW-530i,5 Series E34,E34,530i,HE21,Sedan,EUR,1992-03,1995-12
HE61-EUR-03-1992,HE61-EUR-03-1992-E34-BMW-540i,5 Series E34,E34,540i,HE61,Sedan,EUR,1992-03,1995-12
HJ91-EUR-03-1992,HJ91-EUR-03-1992-E34-BMW-M5,5 Series E34,E34,M5,HJ91,Touring,EUR,1992-03,1995-08
BE61-EUR-05-1992,BE61-EUR-05-1992-E36-BMW-318is,3 Series E36,E36,318is,BE61,Coupe,EUR,1992-05,1996-02
HK21-EUR-05-1992,HK21-EUR-05-1992-E34-BMW-530i,5 Series E34,E34,530i,HK21,Touring,EUR,1992-05,1996-06
GD43-USA-06-1992,GD43-USA-06-1992-E32-BMW-740i,7 Series E32,E32,740i,GD43,Sedan,USA,1992-06,1994-04
GD61-EUR-06-1992,GD61-EUR-06-1992-E32-BMW-730iL,7 Series E32,E32,730iL,GD61,Sedan,EUR,1992-06,1994-03
GD62-EUR-06-1992,GD62-EUR-06-1992-E32-BMW-730iL,7 Series E32,E32,730iL,GD62,Sedan,EUR,1992-06,1994-03
GD83-USA-06-1992,GD83-USA-06-1992-E32-BMW-740iL,7 Series E32,E32,740iL,GD83,Sedan,USA,1992-06,1994-03
HK11-EUR-06-1992,HK11-EUR-06-1992-E34-BMW-530i,5 Series E34,E34,530i,HK11,Touring,EUR,1992-06,1996-06
BE63-USA-07-1992,BE63-USA-07-1992-E36-BMW-318is,3 Series E36,E36,318is,BE63,Coupe,USA,1992-07,1995-12
CA63-USA-07-1992,CA63-USA-07-1992-E36-BMW-318i,3 Series E36,E36,318i,CA63,Sedan,USA,1992-07,1995-02
BJ51-EUR-08-1992,BJ51-EUR-08-1992-E36-BMW-325i,3 Series E36,E36,325i,BJ51,Convertible,EUR,1992-08,1995-07
BJ61-EUR-09-1992,BJ61-EUR-09-1992-E36-BMW-325i,3 Series E36,E36,325i,BJ61,Convertible,EUR,1992-09,1995-06
CB13-USA-09-1992,CB13-USA-09-1992-E36-BMW-320i,3 Series E36,E36,320i,CB13,Sedan,USA,1992-09,1995-04
CB23-USA-09-1992,CB23-USA-09-1992-E36-BMW-320i,3 Series E36,E36,320i,CB23,Sedan,USA,1992-09,1995-05
HE12-EUR-09-1992,HE12-EUR-09-1992-E34-BMW-530i,5 Series E34,E34,530i,HE12,Sedan,EUR,1992-09,1995-12
HK12-EUR-09-1992,HK12-EUR-09-1992-E34-BMW-530i,5 Series E34,E34,530i,HK12,Touring,EUR,1992-09,1996-06
BE62-EUR-10-1992,BE62-EUR-10-1992-E36-BMW-318is,3 Series E36,E36,318is,BE62,Coupe,EUR,1992-10,1996-01
HE62-EUR-10-1992,HE62-EUR-10-1992-E34-BMW-540i,5 Series E34,E34,540i,HE62,Sedan,EUR,1992-10,1995-12
HK22-EUR-10-1992,HK22-EUR-10-1992-E34-BMW-530i,5 Series E34,E34,530i,HK22,Touring,EUR,1992-10,1996-06
BJ11-EUR-11-1992,BJ11-EUR-11-1992-E36-BMW-320i,3 Series E36,E36,320i,BJ11,Convertible,EUR,1992-11,1995-04
BJ53-USA-11-1992,BJ53-USA-11-1992-E36-BMW-325i,3 Series E36,E36,325i,BJ53,Convertible,USA,1992-11,1995-09
BJ63-USA-11-1992,BJ63-USA-11-1992-E36-BMW-325i,3 Series E36,E36,325i,BJ63,Convertible,USA,1992-11,1995-09
HE13-USA-11-1992,HE13-USA-11-1992-E34-BMW-530i,5 Series E34,E34,530i,HE13,Sedan,USA,1992-11,1995-12
HE22-EUR-11-1992,HE22-EUR-11-1992-E34-BMW-530i,5 Series E34,E34,530i,HE22,Sedan,EUR,1992-11,1995-12
HE23-USA-11-1992,HE23-USA-11-1992-E34-BMW-530i,5 Series E34,E34,530i,HE23,Sedan,USA,1992-11,1995-11
HE63-USA-11-1992,HE63-USA-11-1992-E34-BMW-540i,5 Series E34,E34,540i,HE63,Sedan,USA,1992-11,1995-12
HG31-EUR-11-1992,HG31-EUR-11-1992-E34-BMW-518i,5 Series E34,E34,518i,HG31,Touring,EUR,1992-11,1994-05
HG91-EUR-11-1992,HG91-EUR-11-1992-E34-BMW-525td,5 Series E34,E34,525td,HG91,Touring,EUR,1992-11,1996-05
HK23-USA-11-1992,HK23-USA-11-1992-E34-BMW-530i,5 Series E34,E34,530i,HK23,Touring,USA,1992-11,1995-12
BJ21-EUR-12-1992,BJ21-EUR-12-1992-E36-BMW-320i,3 Series E36,E36,320i,BJ21,Convertible,EUR,1992-12,1995-04
BJ52-EUR-12-1992,BJ52-EUR-12-1992-E36-BMW-325i,3 Series E36,E36,325i,BJ52,Convertible,EUR,1992-12,1995-03
BJ52-ZA-12-1992,BJ52-ZA-12-1992-E36-BMW-325i,3 Series E36,E36,325i,BJ52,Convertible,ZA,1992-12,1995-03
CC12-EUR-12-1992,CC12-EUR-12-1992-E36-BMW-325td,3 Series E36,E36,325td,CC12,Sedan,EUR,1992-12,1998-02
CC22-EUR-12-1992,CC22-EUR-12-1992-E36-BMW-325td,3 Series E36,E36,325td,CC22,Sedan,EUR,1992-12,1997-05
EF61-EUR-12-1992,EF61-EUR-12-1992-E31-BMW-840i,8 Series E31,E31,840i,EF61,Coupe,EUR,1992-12,1996-02
EG92-EUR-12-1992,EG92-EUR-12-1992-E31-BMW-850CSi,8 Series E31,E31,850CSi,EG92,Coupe,EUR,1992-12,1996-06
HA71-EUR-12-1992,HA71-EUR-12-1992-E34-BMW-525td,5 Series E34,E34,525td,HA71,Sedan,EUR,1992-12,1995-11
GD51-EUR-01-1993,GD51-EUR-01-1993-E32-BMW-730iL,7 Series E32,E32,730iL,GD51,Sedan,EUR,1993-01,1993-05
HA21-EUR-01-1993,HA21-EUR-01-1993-E34-BMW-518i,5 Series E34,E34,518i,HA21,Sedan,EUR,1993-01,1994-04
HA81-EUR-01-1993,HA81-EUR-01-1993-E34-BMW-525td,5 Series E34,E34,525td,HA81,Sedan,EUR,1993-01,1995-11
HG01-EUR-01-1993,HG01-EUR-01-1993-E34-BMW-525td,5 Series E34,E34,525td,HG01,Touring,EUR,1993-01,1996-05
CA01-EUR-02-1993,CA01-EUR-02-1993-E36-BMW-318i,3 Series E36,E36,318i,CA01,Sedan,EUR,1993-02,1998-04
CA81-EUR-02-1993,CA81-EUR-02-1993-E36-BMW-316i,3 Series E36,E36,316i,CA81,Sedan,EUR,1993-02,1998-02
BE11-EUR-03-1993,BE11-EUR-03-1993-E36-BMW-316i,3 Series E36,E36,316i,BE11,Coupe,EUR,1993-03,1998-11
BE21-EUR-03-1993,BE21-EUR-03-1993-E36-BMW-316i,3 Series E36,E36,316i,BE21,Coupe,EUR,1993-03,1998-11
BF92-EUR-03-1993,BF92-EUR-03-1993-E36-BMW-M3,3 Series E36,E36,M3,BF92,Coupe,EUR,1993-03,1995-08
BJ62-EUR-03-1993,BJ62-EUR-03-1993-E36-BMW-325i,3 Series E36,E36,325i,BJ62,Convertible,EUR,1993-03,1995-03
BJ62-ZA-03-1993,BJ62-ZA-03-1993-E36-BMW-325i,3 Series E36,E36,325i,BJ62,Convertible,ZA,1993-03,1995-03
CA02-EUR-03-1993,CA02-EUR-03-1993-E36-BMW-318i,3 Series E36,E36,318i,CA02,Sedan,EUR,1993-03,1998-05
CA71-EUR-03-1993,CA71-EUR-03-1993-E36-BMW-316i,3 Series E36,E36,316i,CA71,Sedan,EUR,1993-03,1998-05
CA91-EUR-03-1993,CA91-EUR-03-1993-E36-BMW-318i,3 Series E36,E36,318i,CA91,Sedan,EUR,1993-03,1998-04
CC31-EUR-03-1993,CC31-EUR-03-1993-E36-BMW-325tds,3 Series E36,E36,325tds,CC31,Sedan,EUR,1993-03,1998-03
CC32-EUR-03-1993,CC32-EUR-03-1993-E36-BMW-325tds,3 Series E36,E36,325tds,CC32,Sedan,EUR,1993-03,1998-03
CC41-EUR-03-1993,CC41-EUR-03-1993-E36-BMW-325tds,3 Series E36,E36,325tds,CC41,Sedan,EUR,1993-03,1998-02
HA22-EUR-03-1993,HA22-EUR-03-1993-E34-BMW-518i,5 Series E34,E34,518i,HA22,Sedan,EUR,1993-03,1993-12
CB35-THA-04-1993,CB35-THA-04-1993-E36-BMW-325i,3 Series E36,E36,325i,CB35,Sedan,THA,1993-04,1996-03
CB45-THA-04-1993,CB45-THA-04-1993-E36-BMW-325i,3 Series E36,E36,325i,CB45,Sedan,THA,1993-04,1996-09
CA51-EUR-05-1993,CA51-EUR-05-1993-E36-BMW-318is,3 Series E36,E36,318is,CA51,Sedan,EUR,1993-05,1996-01
CA61-EUR-05-1993,CA61-EUR-05-1993-E36-BMW-318is,3 Series E36,E36,318is,CA61,Sedan,EUR,1993-05,1995-12
CC42-EUR-05-1993,CC42-EUR-05-1993-E36-BMW-325tds,3 Series E36,E36,325tds,CC42,Sedan,EUR,1993-05,1998-02
HA72-EUR-05-1993,HA72-EUR-05-1993-E34-BMW-525td,5 Series E34,E34,525td,HA72,Sedan,EUR,1993-05,1995-11
HA82-EUR-05-1993,HA82-EUR-05-1993-E34-BMW-525td,5 Series E34,E34,525td,HA82,Sedan,EUR,1993-05,1995-11
HA92-EUR-05-1993,HA92-EUR-05-1993-E34-BMW-525tds,5 Series E34,E34,525tds,HA92,Sedan,EUR,1993-05,1995-12
HG72-EUR-05-1993,HG72-EUR-05-1993-E34-BMW-525tds,5 Series E34,E34,525tds,HG72,Touring,EUR,1993-05,1996-06
HK41-EUR-05-1993,HK41-EUR-05-1993-E34-BMW-540i,5 Series E34,E34,540i,HK41,Touring,EUR,1993-05,1996-06
CG11-EUR-06-1993,CG11-EUR-06-1993-E36-BMW-316i_16,3 Series E36,E36,316i 1.6,CG11,Compact,EUR,1993-06,2000-07
EG93-USA-06-1993,EG93-USA-06-1993-E31-BMW-850CSi,8 Series E31,E31,850CSi,EG93,Coupe,USA,1993-06,1995-06
HA02-EUR-06-1993,HA02-EUR-06-1993-E34-BMW-525tds,5 Series E34,E34,525tds,HA02,Sedan,EUR,1993-06,1995-12
HG82-EUR-06-1993,HG82-EUR-06-1993-E34-BMW-525tds,5 Series E34,E34,525tds,HG82,Touring,EUR,1993-06,1996-06
BE12-EUR-07-1993,BE12-EUR-07-1993-E36-BMW-316i,3 Series E36,E36,316i,BE12,Coupe,EUR,1993-07,1999-03
CA72-EUR-07-1993,CA72-EUR-07-1993-E36-BMW-316i,3 Series E36,E36,316i,CA72,Sedan,EUR,1993-07,1998-06
CA92-EUR-07-1993,CA92-EUR-07-1993-E36-BMW-318i,3 Series E36,E36,318i,CA92,Sedan,EUR,1993-07,1998-05
EF51-EUR-07-1993,EF51-EUR-07-1993-E31-BMW-840i,8 Series E31,E31,840i,EF51,Coupe,EUR,1993-07,1996-02
EF62-EUR-07-1993,EF62-EUR-07-1993-E31-BMW-840i,8 Series E31,E31,840i,EF62,Coupe,EUR,1993-07,1996-02
GF11-EUR-07-1993,GF11-EUR-07-1993-E38-BMW-730i,7 Series E38,E38,730i,GF11,Sedan,EUR,1993-07,1996-02
GF61-EUR-07-1993,GF61-EUR-07-1993-E38-BMW-740i,7 Series E38,E38,740i,GF61,Sedan,EUR,1993-07,1996-03
HE51-EUR-07-1993,HE51-EUR-07-1993-E34-BMW-540i,5 Series E34,E34,540i,HE51,Sedan,EUR,1993-07,1995-11
CA82-EUR-08-1993,CA82-EUR-08-1993-E36-BMW-316i,3 Series E36,E36,316i,CA82,Sedan,EUR,1993-08,1998-03
CG21-EUR-08-1993,CG21-EUR-08-1993-E36-BMW-316i_16,3 Series E36,E36,316i 1.6,CG21,Compact,EUR,1993-08,2000-07
GF51-EUR-08-1993,GF51-EUR-08-1993-E38-BMW-740i,7 Series E38,E38,740i,GF51,Sedan,EUR,1993-08,1996-02
HK31-EUR-08-1993,HK31-EUR-08-1993-E34-BMW-540i,5 Series E34,E34,540i,HK31,Touring,EUR,1993-08,1996-06
CA52-EUR-09-1993,CA52-EUR-09-1993-E36-BMW-318is,3 Series E36,E36,318is,CA52,Sedan,EUR,1993-09,1995-12
EF63-USA-09-1993,EF63-USA-09-1993-E31-BMW-840i,8 Series E31,E31,840i,EF63,Coupe,USA,1993-09,1995-11
GF21-EUR-09-1993,GF21-EUR-09-1993-E38-BMW-730i,7 Series E38,E38,730i,GF21,Sedan,EUR,1993-09,1996-03
BK53-USA-10-1993,BK53-USA-10-1993-E36-BMW-318i,3 Series E36,E36,318i,BK53,Convertible,USA,1993-10,1996-01
BK63-USA-10-1993,BK63-USA-10-1993-E36-BMW-318i,3 Series E36,E36,318i,BK63,Convertible,USA,1993-10,1996-01
GF62-EUR-10-1993,GF62-EUR-10-1993-E38-BMW-740i,7 Series E38,E38,740i,GF62,Sedan,EUR,1993-10,1996-02
GF62-ZA-10-1993,GF62-ZA-10-1993-E38-BMW-740i,7 Series E38,E38,740i,GF62,Sedan,ZA,1993-10,1996-02
BE22-EUR-11-1993,BE22-EUR-11-1993-E36-BMW-316i,3 Series E36,E36,316i,BE22,Coupe,EUR,1993-11,1999-02
BF93-USA-11-1993,BF93-USA-11-1993-E36-BMW-M3,3 Series E36,E36,M3,BF93,Coupe,USA,1993-11,1995-12
BH31-EUR-11-1993,BH31-EUR-11-1993-E36-BMW-318i,3 Series E36,E36,318i,BH31,Convertible,EUR,1993-11,1999-09
BH41-EUR-11-1993,BH41-EUR-11-1993-E36-BMW-318i,3 Series E36,E36,318i,BH41,Convertible,EUR,1993-11,1999-09
BJ91-EUR-11-1993,BJ91-EUR-11-1993-E36-BMW-M3,3 Series E36,E36,M3,BJ91,Convertible,EUR,1993-11,1995-08
GF22-EUR-11-1993,GF22-EUR-11-1993-E38-BMW-730i,7 Series E38,E38,730i,GF22,Sedan,EUR,1993-11,1996-02
GG21-EUR-11-1993,GG21-EUR-11-1993-E38-BMW-750i,7 Series E38,E38,750i,GG21,Sedan,EUR,1993-11,1998-07
HG11-EUR-11-1993,HG11-EUR-11-1993-E34-BMW-518i,5 Series E34,E34,518i,HG11,Touring,EUR,1993-11,1996-06
HK32-EUR-11-1993,HK32-EUR-11-1993-E34-BMW-540i,5 Series E34,E34,540i,HK32,Touring,EUR,1993-11,1996-05
CA05-THA-12-1993,CA05-THA-12-1993-E36-BMW-318i,3 Series E36,E36,318i,CA05,Sedan,THA,1993-12,1999-05
CA62-EUR-12-1993,CA62-EUR-12-1993-E36-BMW-318is,3 Series E36,E36,318is,CA62,Sedan,EUR,1993-12,1995-12
CA95-THA-12-1993,CA95-THA-12-1993-E36-BMW-318i,3 Series E36,E36,318i,CA95,Sedan,THA,1993-12,1998-12
CB51-EUR-12-1993,CB51-EUR-12-1993-E36-BMW-320i,3 Series E36,E36,320i,CB51,Sedan,EUR,1993-12,1998-03
EF52-EUR-12-1993,EF52-EUR-12-1993-E31-BMW-840i,8 Series E31,E31,840i,EF52,Coupe,EUR,1993-12,1996-02
HK42-EUR-12-1993,HK42-EUR-12-1993-E34-BMW-540i,5 Series E34,E34,540i,HK42,Touring,EUR,1993-12,1996-06
BF51-EUR-01-1994,BF51-EUR-01-1994-E36-BMW-320i,3 Series E36,E36,320i,BF51,Coupe,EUR,1994-01,1998-11
CC51-EUR-01-1994,CC51-EUR-01-1994-E36-BMW-318tds,3 Series E36,E36,318tds,CC51,Sedan,EUR,1994-01,1998-03
EG41-EUR-01-1994,EG41-EUR-01-1994-E31-BMW-850Ci,8 Series E31,E31,850Ci,EG41,Coupe,EUR,1994-01,1999-05
GF63-USA-01-1994,GF63-USA-01-1994-E38-BMW-740i,7 Series E38,E38,740i,GF63,Sedan,USA,1994-01,1995-12
GK21-EUR-01-1994,GK21-EUR-01-1994-E38-BMW-750iL,7 Series E38,E38,750iL,GK21,Sedan,EUR,1994-01,1998-08
HE52-EUR-01-1994,HE52-EUR-01-1994-E34-BMW-540i,5 Series E34,E34,540i,HE52,Sedan,EUR,1994-01,1995-12
HG12-EUR-01-1994,HG12-EUR-01-1994-E34-BMW-518i,5 Series E34,E34,518i,HG12,Touring,EUR,1994-01,1996-06
BF61-EUR-02-1994,BF61-EUR-02-1994-E36-BMW-320i,3 Series E36,E36,320i,BF61,Coupe,EUR,1994-02,1998-11
BJ12-EUR-02-1994,BJ12-EUR-02-1994-E36-BMW-320i,3 Series E36,E36,320i,BJ12,Convertible,EUR,1994-02,1995-01
CB61-EUR-02-1994,CB61-EUR-02-1994-E36-BMW-320i,3 Series E36,E36,320i,CB61,Sedan,EUR,1994-02,1998-02
BH32-EUR-03-1994,BH32-EUR-03-1994-E36-BMW-318i,3 Series E36,E36,318i,BH32,Convertible,EUR,1994-03,1999-09
BJ22-EUR-03-1994,BJ22-EUR-03-1994-E36-BMW-320i,3 Series E36,E36,320i,BJ22,Convertible,EUR,1994-03,1995-01
BJ92-EUR-03-1994,BJ92-EUR-03-1994-E36-BMW-M3,3 Series E36,E36,M3,BJ92,Convertible,EUR,1994-03,1995-08
CG12-EUR-03-1994,CG12-EUR-03-1994-E36-BMW-316i_16,3 Series E36,E36,316i 1.6,CG12,Compact,EUR,1994-03,1998-12
CG51-EUR-03-1994,CG51-EUR-03-1994-E36-BMW-318ti,3 Series E36,E36,318ti,CG51,Compact,EUR,1994-03,1996-01
CJ51-EUR-03-1994,CJ51-EUR-03-1994-E36-BMW-318tds,3 Series E36,E36,318tds,CJ51,Compact,EUR,1994-03,2000-08
GJ61-EUR-03-1994,GJ61-EUR-03-1994-E38-BMW-740iL,7 Series E38,E38,740iL,GJ61,Sedan,EUR,1994-03,1996-03
HA41-EUR-03-1994,HA41-EUR-03-1994-E34-BMW-518i,5 Series E34,E34,518i,HA41,Sedan,EUR,1994-03,1995-10
HE53-USA-03-1994,HE53-USA-03-1994-E34-BMW-540i,5 Series E34,E34,540i,HE53,Sedan,USA,1994-03,1995-11
CG52-EUR-04-1994,CG52-EUR-04-1994-E36-BMW-318ti,3 Series E36,E36,318ti,CG52,Compact,EUR,1994-04,1996-01
CG61-EUR-04-1994,CG61-EUR-04-1994-E36-BMW-318ti,3 Series E36,E36,318ti,CG61,Compact,EUR,1994-04,1996-01
HA32-EUR-04-1994,HA32-EUR-04-1994-E34-BMW-518i,5 Series E34,E34,518i,HA32,Sedan,EUR,1994-04,1995-12
BF03-USA-05-1994,BF03-USA-05-1994-E36-BMW-M3,3 Series E36,E36,M3,BF03,Coupe,USA,1994-05,1996-01
BG13-USA-05-1994,BG13-USA-05-1994-E36-BMW-328i,3 Series E36,E36,328i,BG13,Coupe,USA,1994-05,1999-04
BH42-EUR-05-1994,BH42-EUR-05-1994-E36-BMW-318i,3 Series E36,E36,318i,BH42,Convertible,EUR,1994-05,1999-09
BJ41-EUR-05-1994,BJ41-EUR-05-1994-E36-BMW-320i,3 Series E36,E36,320i,BJ41,Convertible,EUR,1994-05,1999-09
CE51-EUR-05-1994,CE51-EUR-05-1994-E36-BMW-320i,3 Series E36,E36,320i,CE51,Touring,EUR,1994-05,1999-05
CE61-EUR-05-1994,CE61-EUR-05-1994-E36-BMW-320i,3 Series E36,E36,320i,CE61,Touring,EUR,1994-05,1999-05
CG22-EUR-05-1994,CG22-EUR-05-1994-E36-BMW-316i_16,3 Series E36,E36,316i 1.6,CG22,Compact,EUR,1994-05,1998-12
CG53-USA-05-1994,CG53-USA-05-1994-E36-BMW-318ti,3 Series E36,E36,318ti,CG53,Compact,USA,1994-05,1995-11
GJ11-EUR-05-1994,GJ11-EUR-05-1994-E38-BMW-730iL,7 Series E38,E38,730iL,GJ11,Sedan,EUR,1994-05,1996-02
GJ21-EUR-05-1994,GJ21-EUR-05-1994-E38-BMW-730iL,7 Series E38,E38,730iL,GJ21,Sedan,EUR,1994-05,1996-02
BG23-USA-06-1994,BG23-USA-06-1994-E36-BMW-328i,3 Series E36,E36,328i,BG23,Coupe,USA,1994-06,1999-04
BK73-USA-06-1994,BK73-USA-06-1994-E36-BMW-328i,3 Series E36,E36,328i,BK73,Convertible,USA,1994-06,1999-09
BK83-USA-06-1994,BK83-USA-06-1994-E36-BMW-328i,3 Series E36,E36,328i,BK83,Convertible,USA,1994-06,1999-09
CB91-EUR-06-1994,CB91-EUR-06-1994-E36-BMW-M3,3 Series E36,E36,M3,CB91,Sedan,EUR,1994-06,1995-07
CG62-EUR-06-1994,CG62-EUR-06-1994-E36-BMW-318ti,3 Series E36,E36,318ti,CG62,Compact,EUR,1994-06,1995-12
CG63-USA-06-1994,CG63-USA-06-1994-E36-BMW-318ti,3 Series E36,E36,318ti,CG63,Compact,USA,1994-06,1995-11
CJ52-EUR-06-1994,CJ52-EUR-06-1994-E36-BMW-318tds,3 Series E36,E36,318tds,CJ52,Compact,EUR,1994-06,2000-08
HA42-EUR-06-1994,HA42-EUR-06-1994-E34-BMW-518i,5 Series E34,E34,518i,HA42,Sedan,EUR,1994-06,1995-11
BF81-EUR-07-1994,BF81-EUR-07-1994-E36-BMW-323i,3 Series E36,E36,323i,BF81,Coupe,EUR,1994-07,1999-02
BG11-EUR-07-1994,BG11-EUR-07-1994-E36-BMW-328i,3 Series E36,E36,328i,BG11,Coupe,EUR,1994-07,1998-12
BJ31-EUR-07-1994,BJ31-EUR-07-1994-E36-BMW-320i,3 Series E36,E36,320i,BJ31,Convertible,EUR,1994-07,1999-10
BK71-EUR-07-1994,BK71-EUR-07-1994-E36-BMW-328i,3 Series E36,E36,328i,BK71,Convertible,EUR,1994-07,1999-09
CB71-EUR-07-1994,CB71-EUR-07-1994-E36-BMW-323i,3 Series E36,E36,323i,CB71,Sedan,EUR,1994-07,1998-02
CC73-USA-07-1994,CC73-USA-07-1994-E36-BMW-318i,3 Series E36,E36,318i,CC73,Sedan,USA,1994-07,1995-11
CC83-USA-07-1994,CC83-USA-07-1994-E36-BMW-318i,3 Series E36,E36,318i,CC83,Sedan,USA,1994-07,1995-11
CD11-EUR-07-1994,CD11-EUR-07-1994-E36-BMW-328i,3 Series E36,E36,328i,CD11,Sedan,EUR,1994-07,1998-02
CA04-MYS-09-1994,CA04-MYS-09-1994-E36-BMW-318i,3 Series E36,E36,318i,CA04,Sedan,MYS,1994-09,1999-04
GK22-EUR-09-1994,GK22-EUR-09-1994-E38-BMW-750iL,7 Series E38,E38,750iL,GK22,Sedan,EUR,1994-09,1998-08
GK22-ZA-09-1994,GK22-ZA-09-1994-E38-BMW-750iL,7 Series E38,E38,750iL,GK22,Sedan,ZA,1994-09,1998-08
BJ32-EUR-10-1994,BJ32-EUR-10-1994-E36-BMW-320i,3 Series E36,E36,320i,BJ32,Convertible,EUR,1994-10,1996-12
BJ42-EUR-10-1994,BJ42-EUR-10-1994-E36-BMW-320i,3 Series E36,E36,320i,BJ42,Convertible,EUR,1994-10,1996-12
CB52-EUR-10-1994,CB52-EUR-10-1994-E36-BMW-320i,3 Series E36,E36,320i,CB52,Sedan,EUR,1994-10,1998-03
CB62-EUR-10-1994,CB62-EUR-10-1994-E36-BMW-320i,3 Series E36,E36,320i,CB62,Sedan,EUR,1994-10,1998-05
CB92-EUR-10-1994,CB92-EUR-10-1994-E36-BMW-M3,3 Series E36,E36,M3,CB92,Sedan,EUR,1994-10,1995-08
CC52-EUR-10-1994,CC52-EUR-10-1994-E36-BMW-318tds,3 Series E36,E36,318tds,CC52,Sedan,EUR,1994-10,1998-03
CD21-EUR-10-1994,CD21-EUR-10-1994-E36-BMW-328i,3 Series E36,E36,328i,CD21,Sedan,EUR,1994-10,1998-04
CF01-EUR-10-1994,CF01-EUR-10-1994-E36-BMW-325tds,3 Series E36,E36,325tds,CF01,Touring,EUR,1994-10,1999-05
CF11-EUR-10-1994,CF11-EUR-10-1994-E36-BMW-328i,3 Series E36,E36,328i,CF11,Touring,EUR,1994-10,1999-05
CF21-EUR-10-1994,CF21-EUR-10-1994-E36-BMW-328i,3 Series E36,E36,328i,CF21,Touring,EUR,1994-10,1999-05
CF51-EUR-10-1994,CF51-EUR-10-1994-E36-BMW-318tds,3 Series E36,E36,318tds,CF51,Touring,EUR,1994-10,1999-05
EG43-USA-10-1994,EG43-USA-10-1994-E31-BMW-850Ci,8 Series E31,E31,850Ci,EG43,Coupe,USA,1994-10,1997-07
GJ22-EUR-10-1994,GJ22-EUR-10-1994-E38-BMW-730iL,7 Series E38,E38,730iL,GJ22,Sedan,EUR,1994-10,1996-02
GJ62-EUR-10-1994,GJ62-EUR-10-1994-E38-BMW-740iL,7 Series E38,E38,740iL,GJ62,Sedan,EUR,1994-10,1996-02
GJ63-USA-10-1994,GJ63-USA-10-1994-E38-BMW-740iL,7 Series E38,E38,740iL,GJ63,Sedan,USA,1994-10,1995-12
BG21-EUR-11-1994,BG21-EUR-11-1994-E36-BMW-328i,3 Series E36,E36,328i,BG21,Coupe,EUR,1994-11,1999-04
BK81-EUR-11-1994,BK81-EUR-11-1994-E36-BMW-328i,3 Series E36,E36,328i,BK81,Convertible,EUR,1994-11,1999-09
CD71-EUR-11-1994,CD71-EUR-11-1994-E36-BMW-318is,3 Series E36,E36,318is,CD71,Sedan,EUR,1994-11,1998-02
CF91-EUR-11-1994,CF91-EUR-11-1994-E36-BMW-325tds,3 Series E36,E36,325tds,CF91,Touring,EUR,1994-11,1999-05
GK23-USA-11-1994,GK23-USA-11-1994-E38-BMW-750iL,7 Series E38,E38,750iL,GK23,Sedan,USA,1994-11,1998-08
BF99-EUR-12-1994,BF99-EUR-12-1994-E36-BMW-M3,3 Series E36,E36,M3,BF99,Coupe,EUR,1994-12,1995-06
CA09-EUR-12-1994,CA09-EUR-12-1994-E36-BMW-318i,3 Series E36,E36,318i,CA09,Sedan,EUR,1994-12,1996-12
CA99-EUR-12-1994,CA99-EUR-12-1994-E36-BMW-318i,3 Series E36,E36,318i,CA99,Sedan,EUR,1994-12,1996-12
CE52-EUR-12-1994,CE52-EUR-12-1994-E36-BMW-320i,3 Series E36,E36,320i,CE52,Touring,EUR,1994-12,1996-10
CE62-EUR-12-1994,CE62-EUR-12-1994-E36-BMW-320i,3 Series E36,E36,320i,CE62,Touring,EUR,1994-12,1996-11
CJ11-EUR-12-1994,CJ11-EUR-12-1994-Z3-BMW-Z3_18,Z3 E36,Z3,Z3 1.8,CJ11,Roadster,EUR,1994-12,1998-09
EF81-EUR-12-1994,EF81-EUR-12-1994-E31-BMW-840Ci,8 Series E31,E31,840Ci,EF81,Coupe,EUR,1994-12,1999-05
GF31-EUR-12-1994,GF31-EUR-12-1994-E38-BMW-735i,7 Series E38,E38,735i,GF31,Sedan,EUR,1994-12,1998-08
GF71-EUR-12-1994,GF71-EUR-12-1994-E38-BMW-740i,7 Series E38,E38,740i,GF71,Sedan,EUR,1994-12,1998-07
GF81-EUR-12-1994,GF81-EUR-12-1994-E38-BMW-740i,7 Series E38,E38,740i,GF81,Sedan,EUR,1994-12,1998-08
GG22-EUR-12-1994,GG22-EUR-12-1994-E38-BMW-750i,7 Series E38,E38,750i,GG22,Sedan,EUR,1994-12,1998-07
CD22-EUR-01-1995,CD22-EUR-01-1995-E36-BMW-328i,3 Series E36,E36,328i,CD22,Sedan,EUR,1995-01,1998-03
CF22-EUR-01-1995,CF22-EUR-01-1995-E36-BMW-328i,3 Series E36,E36,328i,CF22,Touring,EUR,1995-01,1999-05
CF52-EUR-01-1995,CF52-EUR-01-1995-E36-BMW-318tds,3 Series E36,E36,318tds,CF52,Touring,EUR,1995-01,1999-04
CG81-EUR-01-1995,CG81-EUR-01-1995-E36-BMW-318ti,3 Series E36,E36,318ti,CG81,Compact,EUR,1995-01,1998-12
GF41-EUR-01-1995,GF41-EUR-01-1995-E38-BMW-735i,7 Series E38,E38,735i,GF41,Sedan,EUR,1995-01,1998-08
GJ81-EUR-01-1995,GJ81-EUR-01-1995-E38-BMW-740iL,7 Series E38,E38,740iL,GJ81,Sedan,EUR,1995-01,1998-08
BE71-EUR-02-1995,BE71-EUR-02-1995-E36-BMW-318is,3 Series E36,E36,318is,BE71,Coupe,EUR,1995-02,1999-04
BE81-EUR-02-1995,BE81-EUR-02-1995-E36-BMW-318is,3 Series E36,E36,318is,BE81,Coupe,EUR,1995-02,1999-03
BF71-EUR-02-1995,BF71-EUR-02-1995-E36-BMW-323i,3 Series E36,E36,323i,BF71,Coupe,EUR,1995-02,1999-04
BF72-EUR-02-1995,BF72-EUR-02-1995-E36-BMW-323i,3 Series E36,E36,323i,BF72,Coupe,EUR,1995-02,1999-03
BG22-EUR-02-1995,BG22-EUR-02-1995-E36-BMW-328i,3 Series E36,E36,328i,BG22,Coupe,EUR,1995-02,1999-04
BK82-EUR-02-1995,BK82-EUR-02-1995-E36-BMW-328i,3 Series E36,E36,328i,BK82,Convertible,EUR,1995-02,1999-09
BK82-ZA-02-1995,BK82-ZA-02-1995-E36-BMW-328i,3 Series E36,E36,328i,BK82,Convertible,ZA,1995-02,1999-09
CB81-EUR-02-1995,CB81-EUR-02-1995-E36-BMW-323i,3 Series E36,E36,323i,CB81,Sedan,EUR,1995-02,1998-02
CD12-EUR-02-1995,CD12-EUR-02-1995-E36-BMW-328i,3 Series E36,E36,328i,CD12,Sedan,EUR,1995-02,1998-03
CD13-USA-02-1995,CD13-USA-02-1995-E36-BMW-328i,3 Series E36,E36,328i,CD13,Sedan,USA,1995-02,1996-03
CD81-EUR-02-1995,CD81-EUR-02-1995-E36-BMW-318is,3 Series E36,E36,318is,CD81,Sedan,EUR,1995-02,1998-02
CD91-EUR-02-1995,CD91-EUR-02-1995-E36-BMW-M3,3 Series E36,E36,M3,CD91,Sedan,EUR,1995-02,1997-12
CE31-EUR-02-1995,CE31-EUR-02-1995-E36-BMW-318i,3 Series E36,E36,318i,CE31,Touring,EUR,1995-02,1999-05
CF12-EUR-02-1995,CF12-EUR-02-1995-E36-BMW-328i,3 Series E36,E36,328i,CF12,Touring,EUR,1995-02,1999-05
CG71-EUR-02-1995,CG71-EUR-02-1995-E36-BMW-318ti,3 Series E36,E36,318ti,CG71,Compact,EUR,1995-02,1998-12
DD31-EUR-02-1995,DD31-EUR-02-1995-E39-BMW-523i,5 Series E39,E39,523i,DD31,Sedan,EUR,1995-02,1998-09
DD41-EUR-02-1995,DD41-EUR-02-1995-E39-BMW-523i,5 Series E39,E39,523i,DD41,Sedan,EUR,1995-02,1998-08
DD51-EUR-02-1995,DD51-EUR-02-1995-E39-BMW-528i,5 Series E39,E39,528i,DD51,Sedan,EUR,1995-02,1998-09
EF71-EUR-02-1995,EF71-EUR-02-1995-E31-BMW-840Ci,8 Series E31,E31,840Ci,EF71,Coupe,EUR,1995-02,1999-05
BF82-EUR-03-1995,BF82-EUR-03-1995-E36-BMW-323i,3 Series E36,E36,323i,BF82,Coupe,EUR,1995-03,1999-02
BG12-EUR-03-1995,BG12-EUR-03-1995-E36-BMW-328i,3 Series E36,E36,328i,BG12,Coupe,EUR,1995-03,1999-04
BG91-EUR-03-1995,BG91-EUR-03-1995-E36-BMW-M3,3 Series E36,E36,M3,BG91,Coupe,EUR,1995-03,1998-12
BJ71-EUR-03-1995,BJ71-EUR-03-1995-E36-BMW-323i,3 Series E36,E36,323i,BJ71,Convertible,EUR,1995-03,1996-12
BJ81-EUR-03-1995,BJ81-EUR-03-1995-E36-BMW-323i,3 Series E36,E36,323i,BJ81,Convertible,EUR,1995-03,1996-11
BK72-EUR-03-1995,BK72-EUR-03-1995-E36-BMW-328i,3 Series E36,E36,328i,BK72,Convertible,EUR,1995-03,1999-09
BK72-ZA-03-1995,BK72-ZA-03-1995-E36-BMW-328i,3 Series E36,E36,328i,BK72,Convertible,ZA,1995-03,1999-09
CD23-USA-03-1995,CD23-USA-03-1995-E36-BMW-328i,3 Series E36,E36,328i,CD23,Sedan,USA,1995-03,1996-03
DD11-EUR-03-1995,DD11-EUR-03-1995-E39-BMW-520i,5 Series E39,E39,520i,DD11,Sedan,EUR,1995-03,1998-09
DD61-EUR-03-1995,DD61-EUR-03-1995-E39-BMW-528i,5 Series E39,E39,528i,DD61,Sedan,EUR,1995-03,1998-09
GE11-EUR-03-1995,GE11-EUR-03-1995-E38-BMW-728i,7 Series E38,E38,728i,GE11,Sedan,EUR,1995-03,1998-08
GE21-EUR-03-1995,GE21-EUR-03-1995-E38-BMW-728i,7 Series E38,E38,728i,GE21,Sedan,EUR,1995-03,1998-08
GK41-EUR-03-1995,GK41-EUR-03-1995-E38-BMW-750iLS,7 Series E38,E38,750iLS,GK41,Sedan,EUR,1995-03,1998-08
CE41-EUR-04-1995,CE41-EUR-04-1995-E36-BMW-318i,3 Series E36,E36,318i,CE41,Touring,EUR,1995-04,1999-05
CH71-EUR-04-1995,CH71-EUR-04-1995-Z3-BMW-Z3_19,Z3 E36,Z3,Z3 1.9,CH71,Roadster,EUR,1995-04,1999-04
DE51-EUR-04-1995,DE51-EUR-04-1995-E39-BMW-540i,5 Series E39,E39,540i,DE51,Sedan,EUR,1995-04,1998-08
DF71-EUR-04-1995,DF71-EUR-04-1995-E39-BMW-525tds,5 Series E39,E39,525tds,DF71,Sedan,EUR,1995-04,2000-03
DF81-EUR-04-1995,DF81-EUR-04-1995-E39-BMW-525tds,5 Series E39,E39,525tds,DF81,Sedan,EUR,1995-04,2000-02
BE73-USA-05-1995,BE73-USA-05-1995-E36-BMW-318is,3 Series E36,E36,318is,BE73,Coupe,USA,1995-05,1999-04
BJ82-EUR-05-1995,BJ82-EUR-05-1995-E36-BMW-323i,3 Series E36,E36,323i,BJ82,Convertible,EUR,1995-05,1999-09
CB82-EUR-05-1995,CB82-EUR-05-1995-E36-BMW-323i,3 Series E36,E36,323i,CB82,Sedan,EUR,1995-05,1998-05
CG73-USA-05-1995,CG73-USA-05-1995-E36-BMW-318ti,3 Series E36,E36,318ti,CG73,Compact,USA,1995-05,1999-07
CG83-USA-05-1995,CG83-USA-05-1995-E36-BMW-318ti,3 Series E36,E36,318ti,CG83,Compact,USA,1995-05,1999-07
CH11-EUR-05-1995,CH11-EUR-05-1995-E36-BMW-316g,3 Series E36,E36,316g,CH11,Compact,EUR,1995-05,2000-06
DD32-EUR-05-1995,DD32-EUR-05-1995-E39-BMW-523i,5 Series E39,E39,523i,DD32,Sedan,EUR,1995-05,1998-09
DD42-EUR-05-1995,DD42-EUR-05-1995-E39-BMW-523i,5 Series E39,E39,523i,DD42,Sedan,EUR,1995-05,1998-09
DD62-EUR-05-1995,DD62-EUR-05-1995-E39-BMW-528i,5 Series E39,E39,528i,DD62,Sedan,EUR,1995-05,1998-09
DD62-ZA-05-1995,DD62-ZA-05-1995-E39-BMW-528i,5 Series E39,E39,528i,DD62,Sedan,ZA,1995-05,1998-09
DE61-EUR-05-1995,DE61-EUR-05-1995-E39-BMW-540i,5 Series E39,E39,540i,DE61,Sedan,EUR,1995-05,1998-08
EF83-USA-05-1995,EF83-USA-05-1995-E31-BMW-840Ci,8 Series E31,E31,840Ci,EF83,Coupe,USA,1995-05,1997-08
GJ41-EUR-05-1995,GJ41-EUR-05-1995-E38-BMW-735iL,7 Series E38,E38,735iL,GJ41,Sedan,EUR,1995-05,1998-07
GJ83-USA-05-1995,GJ83-USA-05-1995-E38-BMW-740iL,7 Series E38,E38,740iL,GJ83,Sedan,USA,1995-05,1998-08
HH11-EUR-05-1995,HH11-EUR-05-1995-E34-BMW-518g,5 Series E34,E34,518g,HH11,Touring,EUR,1995-05,1996-06
CD33-USA-06-1995,CD33-USA-06-1995-E36-BMW-328i,3 Series E36,E36,328i,CD33,Sedan,USA,1995-06,1998-04
CD43-USA-06-1995,CD43-USA-06-1995-E36-BMW-328i,3 Series E36,E36,328i,CD43,Sedan,USA,1995-06,1998-04
CD73-USA-06-1995,CD73-USA-06-1995-E36-BMW-318i,3 Series E36,E36,318i,CD73,Sedan,USA,1995-06,1996-08
CD83-USA-06-1995,CD83-USA-06-1995-E36-BMW-318i,3 Series E36,E36,318i,CD83,Sedan,USA,1995-06,1996-08
DD21-EUR-06-1995,DD21-EUR-06-1995-E39-BMW-520i,5 Series E39,E39,520i,DD21,Sedan,EUR,1995-06,1998-09
DF82-EUR-06-1995,DF82-EUR-06-1995-E39-BMW-525tds,5 Series E39,E39,525tds,DF82,Sedan,EUR,1995-06,1998-08
BE82-EUR-07-1995,BE82-EUR-07-1995-E36-BMW-318is,3 Series E36,E36,318is,BE82,Coupe,EUR,1995-07,1999-04
BE83-USA-07-1995,BE83-USA-07-1995-E36-BMW-318is,3 Series E36,E36,318is,BE83,Coupe,USA,1995-07,1999-04
CB72-EUR-07-1995,CB72-EUR-07-1995-E36-BMW-323i,3 Series E36,E36,323i,CB72,Sedan,EUR,1995-07,1998-05
CD18-ZA-07-1995,CD18-ZA-07-1995-E36-BMW-328i,3 Series E36,E36,328i,CD18,Sedan,ZA,1995-07,1998-10
CD28-ZA-07-1995,CD28-ZA-07-1995-E36-BMW-328i,3 Series E36,E36,328i,CD28,Sedan,ZA,1995-07,1998-10
CD72-EUR-07-1995,CD72-EUR-07-1995-E36-BMW-318is,3 Series E36,E36,318is,CD72,Sedan,EUR,1995-07,1998-02
CE71-EUR-07-1995,CE71-EUR-07-1995-E36-BMW-323i,3 Series E36,E36,323i,CE71,Touring,EUR,1995-07,1999-05
CE81-EUR-07-1995,CE81-EUR-07-1995-E36-BMW-323i,3 Series E36,E36,323i,CE81,Touring,EUR,1995-07,1999-05
CG72-EUR-07-1995,CG72-EUR-07-1995-E36-BMW-318ti,3 Series E36,E36,318ti,CG72,Compact,EUR,1995-07,2000-08
CG82-EUR-07-1995,CG82-EUR-07-1995-E36-BMW-318ti,3 Series E36,E36,318ti,CG82,Compact,EUR,1995-07,2000-08
CH72-EUR-07-1995,CH72-EUR-07-1995-Z3-BMW-Z3_19,Z3 E36,Z3,Z3 1.9,CH72,Roadster,EUR,1995-07,1999-04
CH73-USA-07-1995,CH73-USA-07-1995-Z3-BMW-Z3_19,Z3 E36,Z3,Z3 1.9,CH73,Roadster,USA,1995-07,1998-09
DD52-EUR-07-1995,DD52-EUR-07-1995-E39-BMW-528i,5 Series E39,E39,528i,DD52,Sedan,EUR,1995-07,1998-09
DD52-ZA-07-1995,DD52-ZA-07-1995-E39-BMW-528i,5 Series E39,E39,528i,DD52,Sedan,ZA,1995-07,1998-09
DD63-USA-07-1995,DD63-USA-07-1995-E39-BMW-528i,5 Series E39,E39,528i,DD63,Sedan,USA,1995-07,1998-09
DE53-USA-07-1995,DE53-USA-07-1995-E39-BMW-540i,5 Series E39,E39,540i,DE53,Sedan,USA,1995-07,1998-08
DE63-USA-07-1995,DE63-USA-07-1995-E39-BMW-540i,5 Series E39,E39,540i,DE63,Sedan,USA,1995-07,1998-09
GE22-EUR-07-1995,GE22-EUR-07-1995-E38-BMW-728i,7 Series E38,E38,728i,GE22,Sedan,EUR,1995-07,1998-08
GE91-EUR-07-1995,GE91-EUR-07-1995-E38-BMW-725tds,7 Series E38,E38,725tds,GE91,Sedan,EUR,1995-07,2000-02
BE72-EUR-09-1995,BE72-EUR-09-1995-E36-BMW-318is,3 Series E36,E36,318is,BE72,Coupe,EUR,1995-09,1999-05
BH73-USA-09-1995,BH73-USA-09-1995-E36-BMW-318i,3 Series E36,E36,318i,BH73,Convertible,USA,1995-09,1998-12
BH83-USA-09-1995,BH83-USA-09-1995-E36-BMW-318i,3 Series E36,E36,318i,BH83,Convertible,USA,1995-09,1998-12
CE32-EUR-09-1995,CE32-EUR-09-1995-E36-BMW-318i,3 Series E36,E36,318i,CE32,Touring,EUR,1995-09,1999-05
CE42-EUR-09-1995,CE42-EUR-09-1995-E36-BMW-318i,3 Series E36,E36,318i,CE42,Touring,EUR,1995-09,1999-05
CF02-EUR-09-1995,CF02-EUR-09-1995-E36-BMW-325tds,3 Series E36,E36,325tds,CF02,Touring,EUR,1995-09,1999-04
CF92-EUR-09-1995,CF92-EUR-09-1995-E36-BMW-325tds,3 Series E36,E36,325tds,CF92,Touring,EUR,1995-09,1999-05
EF82-EUR-09-1995,EF82-EUR-09-1995-E31-BMW-840Ci,8 Series E31,E31,840Ci,EF82,Coupe,EUR,1995-09,1999-05
GE01-EUR-09-1995,GE01-EUR-09-1995-E38-BMW-725tds,7 Series E38,E38,725tds,GE01,Sedan,EUR,1995-09,2000-02
GF42-EUR-09-1995,GF42-EUR-09-1995-E38-BMW-735i,7 Series E38,E38,735i,GF42,Sedan,EUR,1995-09,1998-08
GF82-EUR-09-1995,GF82-EUR-09-1995-E38-BMW-740i,7 Series E38,E38,740i,GF82,Sedan,EUR,1995-09,1998-08
GF82-ZA-09-1995,GF82-ZA-09-1995-E38-BMW-740i,7 Series E38,E38,740i,GF82,Sedan,ZA,1995-09,1998-08
GJ42-EUR-09-1995,GJ42-EUR-09-1995-E38-BMW-735iL,7 Series E38,E38,735iL,GJ42,Sedan,EUR,1995-09,1998-07
HE98-ZA-09-1995,HE98-ZA-09-1995-E34-BMW-540i,5 Series E34,E34,540i,HE98,Sedan,ZA,1995-09,1996-01
BG92-EUR-10-1995,BG92-EUR-10-1995-E36-BMW-M3,3 Series E36,E36,M3,BG92,Coupe,EUR,1995-10,1998-12
BG93-USA-10-1995,BG93-USA-10-1995-E36-BMW-M3,3 Series E36,E36,M3,BG93,Coupe,USA,1995-10,1999-05
BK91-EUR-10-1995,BK91-EUR-10-1995-E36-BMW-M3,3 Series E36,E36,M3,BK91,Convertible,EUR,1995-10,1999-08
CD92-EUR-10-1995,CD92-EUR-10-1995-E36-BMW-M3,3 Series E36,E36,M3,CD92,Sedan,EUR,1995-10,1997-12
DD53-USA-10-1995,DD53-USA-10-1995-E39-BMW-528i,5 Series E39,E39,528i,DD53,Sedan,USA,1995-10,1998-08
DE21-EUR-10-1995,DE21-EUR-10-1995-E39-BMW-535i,5 Series E39,E39,535i,DE21,Sedan,EUR,1995-10,1998-08
DF72-EUR-10-1995,DF72-EUR-10-1995-E39-BMW-525tds,5 Series E39,E39,525tds,DF72,Sedan,EUR,1995-10,1998-08
GH21-EUR-10-1995,GH21-EUR-10-1995-E38-BMW-728iL,7 Series E38,E38,728iL,GH21,Sedan,EUR,1995-10,1998-08
GJ82-EUR-10-1995,GJ82-EUR-10-1995-E38-BMW-740iL,7 Series E38,E38,740iL,GJ82,Sedan,EUR,1995-10,1998-07
BK92-EUR-11-1995,BK92-EUR-11-1995-E36-BMW-M3,3 Series E36,E36,M3,BK92,Convertible,EUR,1995-11,1999-07
CA97-IDN-11-1995,CA97-IDN-11-1995-E36-BMW-318i,3 Series E36,E36,318i,CA97,Sedan,IDN,1995-11,1999-02
CD03-USA-01-1996,CD03-USA-01-1996-E36-BMW-M3,3 Series E36,E36,M3,CD03,Sedan,USA,1996-01,1998-06
CD82-EUR-01-1996,CD82-EUR-01-1996-E36-BMW-318is,3 Series E36,E36,318is,CD82,Sedan,EUR,1996-01,1998-02
CD93-USA-01-1996,CD93-USA-01-1996-E36-BMW-M3,3 Series E36,E36,M3,CD93,Sedan,USA,1996-01,1998-06
DE11-EUR-01-1996,DE11-EUR-01-1996-E39-BMW-535i,5 Series E39,E39,535i,DE11,Sedan,EUR,1996-01,1998-08
DE62-EUR-01-1996,DE62-EUR-01-1996-E39-BMW-540i,5 Series E39,E39,540i,DE62,Sedan,EUR,1996-01,1998-09
DE62-ZA-01-1996,DE62-ZA-01-1996-E39-BMW-540i,5 Series E39,E39,540i,DE62,Sedan,ZA,1996-01,1998-09
CC38-ZA-02-1996,CC38-ZA-02-1996-E36-BMW-325tds,3 Series E36,E36,325tds,CC38,Sedan,ZA,1996-02,1998-09
CD27-MEX-02-1996,CD27-MEX-02-1996-E36-BMW-328i,3 Series E36,E36,328i,CD27,Sedan,MEX,1996-02,1999-04
CD78-ZA-02-1996,CD78-ZA-02-1996-E36-BMW-318is,3 Series E36,E36,318is,CD78,Sedan,ZA,1996-02,1998-11
CD88-ZA-02-1996,CD88-ZA-02-1996-E36-BMW-318is,3 Series E36,E36,318is,CD88,Sedan,ZA,1996-02,1998-10
DE52-EUR-02-1996,DE52-EUR-02-1996-E39-BMW-540i,5 Series E39,E39,540i,DE52,Sedan,EUR,1996-02,1998-08
DE52-ZA-02-1996,DE52-ZA-02-1996-E39-BMW-540i,5 Series E39,E39,540i,DE52,Sedan,ZA,1996-02,1998-08
GF83-USA-02-1996,GF83-USA-02-1996-E38-BMW-740i,7 Series E38,E38,740i,GF83,Sedan,USA,1996-02,1998-08
CB88-ZA-03-1996,CB88-ZA-03-1996-E36-BMW-323i,3 Series E36,E36,323i,CB88,Sedan,ZA,1996-03,1998-09
DD12-EUR-03-1996,DD12-EUR-03-1996-E39-BMW-520i,5 Series E39,E39,520i,DD12,Sedan,EUR,1996-03,1998-09
DD22-EUR-03-1996,DD22-EUR-03-1996-E39-BMW-520i,5 Series E39,E39,520i,DD22,Sedan,EUR,1996-03,1998-09
DE22-EUR-03-1996,DE22-EUR-03-1996-E39-BMW-535i,5 Series E39,E39,535i,DE22,Sedan,EUR,1996-03,1998-08
EF72-EUR-03-1996,EF72-EUR-03-1996-E31-BMW-840Ci,8 Series E31,E31,840Ci,EF72,Coupe,EUR,1996-03,1996-03
CB77-IDN-04-1996,CB77-IDN-04-1996-E36-BMW-323i,3 Series E36,E36,323i,CB77,Sedan,IDN,1996-04,1998-10
CB78-ZA-04-1996,CB78-ZA-04-1996-E36-BMW-323i,3 Series E36,E36,323i,CB78,Sedan,ZA,1996-04,1998-09
CB87-IDN-04-1996,CB87-IDN-04-1996-E36-BMW-323i,3 Series E36,E36,323i,CB87,Sedan,IDN,1996-04,1998-09
CC03-USA-04-1996,CC03-USA-04-1996-E36-BMW-318i,3 Series E36,E36,318i,CC03,Sedan,USA,1996-04,1998-06
CJ33-USA-04-1996,CJ33-USA-04-1996-Z3-BMW-Z3_28,Z3 E36,Z3,Z3 2.8,CJ33,Roadster,USA,1996-04,1998-09
CK91-EUR-04-1996,CK91-EUR-04-1996-Z3-BMW-Z3_M,Z3 E36,Z3,Z3 M,CK91,Roadster,EUR,1996-04,2000-06
DD59-VNM-04-1996,DD59-VNM-04-1996-E39-BMW-528i,5 Series E39,E39,528i,DD59,Sedan,VNM,1996-04,1997-12
CC93-USA-05-1996,CC93-USA-05-1996-E36-BMW-318i,3 Series E36,E36,318i,CC93,Sedan,USA,1996-05,1998-05
DD67-MEX-05-1996,DD67-MEX-05-1996-E39-BMW-528i,5 Series E39,E39,528i,DD67,Sedan,MEX,1996-05,1999-10
DG71-EUR-05-1996,DG71-EUR-05-1996-E39-BMW-525tds,5 Series E39,E39,525tds,DG71,Touring,EUR,1996-05,2000-02
DG81-EUR-05-1996,DG81-EUR-05-1996-E39-BMW-525tds,5 Series E39,E39,525tds,DG81,Touring,EUR,1996-05,2000-02
DH51-EUR-05-1996,DH51-EUR-05-1996-E39-BMW-528i,5 Series E39,E39,528i,DH51,Touring,EUR,1996-05,1998-08
DH61-EUR-05-1996,DH61-EUR-05-1996-E39-BMW-528i,5 Series E39,E39,528i,DH61,Touring,EUR,1996-05,1998-08
CJ31-EUR-07-1996,CJ31-EUR-07-1996-Z3-BMW-Z3_28,Z3 E36,Z3,Z3 2.8,CJ31,Roadster,EUR,1996-07,1998-09
DE12-EUR-07-1996,DE12-EUR-07-1996-E39-BMW-535i,5 Series E39,E39,535i,DE12,Sedan,EUR,1996-07,1998-08
GK42-EUR-07-1996,GK42-EUR-07-1996-E38-BMW-750iLS,7 Series E38,E38,750iLS,GK42,Sedan,EUR,1996-07,1998-07
GK61-EUR-07-1996,GK61-EUR-07-1996-E38-BMW-L7,7 Series E38,E38,L7,GK61,Sedan,EUR,1996-07,1998-07
DH62-EUR-08-1996,DH62-EUR-08-1996-E39-BMW-528i,5 Series E39,E39,528i,DH62,Touring,EUR,1996-08,1998-08
BJ72-EUR-09-1996,BJ72-EUR-09-1996-E36-BMW-323i,3 Series E36,E36,323i,BJ72,Convertible,EUR,1996-09,1999-09
CE11-EUR-09-1996,CE11-EUR-09-1996-E36-BMW-316i,3 Series E36,E36,316i,CE11,Touring,EUR,1996-09,1999-05
CE21-EUR-09-1996,CE21-EUR-09-1996-E36-BMW-316i,3 Series E36,E36,316i,CE21,Touring,EUR,1996-09,1999-05
CE72-EUR-09-1996,CE72-EUR-09-1996-E36-BMW-323i,3 Series E36,E36,323i,CE72,Touring,EUR,1996-09,1999-05
CE82-EUR-09-1996,CE82-EUR-09-1996-E36-BMW-323i,3 Series E36,E36,323i,CE82,Touring,EUR,1996-09,1999-05
DD66-IDN-09-1996,DD66-IDN-09-1996-E39-BMW-528i,5 Series E39,E39,528i,DD66,Sedan,IDN,1996-09,2000-03
DH11-EUR-09-1996,DH11-EUR-09-1996-E39-BMW-520i,5 Series E39,E39,520i,DH11,Touring,EUR,1996-09,1998-08
DH21-EUR-09-1996,DH21-EUR-09-1996-E39-BMW-520i,5 Series E39,E39,520i,DH21,Touring,EUR,1996-09,1998-08
DH31-EUR-09-1996,DH31-EUR-09-1996-E39-BMW-523i,5 Series E39,E39,523i,DH31,Touring,EUR,1996-09,1998-09
DH41-EUR-09-1996,DH41-EUR-09-1996-E39-BMW-523i,5 Series E39,E39,523i,DH41,Touring,EUR,1996-09,1998-09
DJ51-EUR-09-1996,DJ51-EUR-09-1996-E39-BMW-540i,5 Series E39,E39,540i,DJ51,Touring,EUR,1996-09,1998-08
DJ61-EUR-09-1996,DJ61-EUR-09-1996-E39-BMW-540i,5 Series E39,E39,540i,DJ61,Touring,EUR,1996-09,1998-08
CB85-THA-10-1996,CB85-THA-10-1996-E36-BMW-323i_24,3 Series E36,E36,323i 2.4,CB85,Sedan,THA,1996-10,1999-04
CD52-EUR-10-1996,CD52-EUR-10-1996-E36-BMW-318is,3 Series E36,E36,318is,CD52,Sedan,EUR,1996-10,1998-07
CD62-EUR-10-1996,CD62-EUR-10-1996-E36-BMW-318is,3 Series E36,E36,318is,CD62,Sedan,EUR,1996-10,1998-05
CE12-EUR-10-1996,CE12-EUR-10-1996-E36-BMW-316i,3 Series E36,E36,316i,CE12,Touring,EUR,1996-10,1999-05
CE22-EUR-10-1996,CE22-EUR-10-1996-E36-BMW-316i,3 Series E36,E36,316i,CE22,Touring,EUR,1996-10,1999-05
DE81-EUR-10-1996,DE81-EUR-10-1996-E39-BMW-540iP,5 Series E39,E39,540iP,DE81,Sedan,EUR,1996-10,1998-07
DF51-EUR-10-1996,DF51-EUR-10-1996-E39-BMW-525td,5 Series E39,E39,525td,DF51,Sedan,EUR,1996-10,2000-02
DG72-EUR-10-1996,DG72-EUR-10-1996-E39-BMW-525tds,5 Series E39,E39,525tds,DG72,Touring,EUR,1996-10,1998-07
DG82-EUR-10-1996,DG82-EUR-10-1996-E39-BMW-525tds,5 Series E39,E39,525tds,DG82,Touring,EUR,1996-10,1998-08
CD98-ZA-11-1996,CD98-ZA-11-1996-E36-BMW-M3,3 Series E36,E36,M3,CD98,Sedan,ZA,1996-11,1998-10
DH32-EUR-11-1996,DH32-EUR-11-1996-E39-BMW-523i,5 Series E39,E39,523i,DH32,Touring,EUR,1996-11,1998-08
BF73-USA-12-1996,BF73-USA-12-1996-E36-BMW-323i,3 Series E36,E36,323i,BF73,Coupe,USA,1996-12,1999-05
9251-EUR-01-1997,9251-EUR-01-1997-A61-BMW-A61_9251_,A61,A61,A61 (9251),9251,,EUR,1997-01,2000-01
BF83-USA-01-1997,BF83-USA-01-1997-E36-BMW-323i,3 Series E36,E36,323i,BF83,Coupe,USA,1997-01,1999-04
BJ83-USA-01-1997,BJ83-USA-01-1997-E36-BMW-323i,3 Series E36,E36,323i,BJ83,Convertible,USA,1997-01,1999-09
CB89-MEX-01-1997,CB89-MEX-01-1997-E36-BMW-323i,3 Series E36,E36,323i,CB89,Sedan,MEX,1997-01,1999-07
CG31-EUR-01-1997,CG31-EUR-01-1997-E36-BMW-323ti,3 Series E36,E36,323ti,CG31,Compact,EUR,1997-01,1998-12
CJ32-EUR-01-1997,CJ32-EUR-01-1997-Z3-BMW-Z3_28,Z3 E36,Z3,Z3 2.8,CJ32,Roadster,EUR,1997-01,1998-09
CJ32-ZA-01-1997,CJ32-ZA-01-1997-Z3-BMW-Z3_28,Z3 E36,Z3,Z3 2.8,CJ32,Roadster,ZA,1997-01,1998-09
CG41-EUR-02-1997,CG41-EUR-02-1997-E36-BMW-323ti,3 Series E36,E36,323ti,CG41,Compact,EUR,1997-02,1998-12
DH52-EUR-02-1997,DH52-EUR-02-1997-E39-BMW-528i,5 Series E39,E39,528i,DH52,Touring,EUR,1997-02,1998-08
DH12-EUR-03-1997,DH12-EUR-03-1997-E39-BMW-520i,5 Series E39,E39,520i,DH12,Touring,EUR,1997-03,1998-08
DH22-EUR-03-1997,DH22-EUR-03-1997-E39-BMW-520i,5 Series E39,E39,520i,DH22,Touring,EUR,1997-03,1998-08
DH42-EUR-03-1997,DH42-EUR-03-1997-E39-BMW-523i,5 Series E39,E39,523i,DH42,Touring,EUR,1997-03,1998-08
AL31-EUR-04-1997,AL31-EUR-04-1997-E46-BMW-318i,3 Series E46,E46,318i,AL31,Sedan,EUR,1997-04,2001-08
AM51-EUR-04-1997,AM51-EUR-04-1997-E46-BMW-328i,3 Series E46,E46,328i,AM51,Sedan,EUR,1997-04,2000-05
BJ73-USA-04-1997,BJ73-USA-04-1997-E36-BMW-323i,3 Series E36,E36,323i,BJ73,Convertible,USA,1997-04,1999-09
CP21-EUR-04-1997,CP21-EUR-04-1997-E36-BMW-316i,3 Series E36,E36,316i,CP21,Sedan,EUR,1997-04,1998-09
DJ52-EUR-04-1997,DJ52-EUR-04-1997-E39-BMW-540i,5 Series E39,E39,540i,DJ52,Touring,EUR,1997-04,1998-07
CK31-EUR-05-1997,CK31-EUR-05-1997-Z3-BMW-Z3_28,Z3 E36,Z3,Z3 2.8,CK31,Coupe,EUR,1997-05,1998-08
CK92-EUR-05-1997,CK92-EUR-05-1997-Z3-BMW-Z3_M,Z3 E36,Z3,Z3 M,CK92,Roadster,EUR,1997-05,2000-06
CP32-EUR-05-1997,CP32-EUR-05-1997-E36-BMW-318i,3 Series E36,E36,318i,CP32,Sedan,EUR,1997-05,1998-06
CP42-EUR-05-1997,CP42-EUR-05-1997-E36-BMW-318i,3 Series E36,E36,318i,CP42,Sedan,EUR,1997-05,1998-06
CP71-EUR-05-1997,CP71-EUR-05-1997-E36-BMW-323i,3 Series E36,E36,323i,CP71,Sedan,EUR,1997-05,1998-05
CP72-EUR-05-1997,CP72-EUR-05-1997-E36-BMW-323i,3 Series E36,E36,323i,CP72,Sedan,EUR,1997-05,1998-05
CP81-EUR-05-1997,CP81-EUR-05-1997-E36-BMW-323i,3 Series E36,E36,323i,CP81,Sedan,EUR,1997-05,1997-12
CP82-EUR-05-1997,CP82-EUR-05-1997-E36-BMW-323i,3 Series E36,E36,323i,CP82,Sedan,EUR,1997-05,1998-05
DD45-THA-05-1997,DD45-THA-05-1997-E39-BMW-523i,5 Series E39,E39,523i,DD45,Sedan,THA,1997-05,1998-12
DJ62-EUR-05-1997,DJ62-EUR-05-1997-E39-BMW-540i,5 Series E39,E39,540i,DJ62,Touring,EUR,1997-05,1998-07
AL71-EUR-07-1997,AL71-EUR-07-1997-E46-BMW-320d,3 Series E46,E46,320d,AL71,Sedan,EUR,1997-07,2001-08
AM11-EUR-07-1997,AM11-EUR-07-1997-E46-BMW-320i,3 Series E46,E46,320i,AM11,Sedan,EUR,1997-07,2001-07
AM31-EUR-07-1997,AM31-EUR-07-1997-E46-BMW-323i,3 Series E46,E46,323i,AM31,Sedan,EUR,1997-07,2000-08
AL32-EUR-08-1997,AL32-EUR-08-1997-E46-BMW-318i,3 Series E46,E46,318i,AL32,Sedan,EUR,1997-08,2001-08
AM52-EUR-08-1997,AM52-EUR-08-1997-E46-BMW-328i,3 Series E46,E46,328i,AM52,Sedan,EUR,1997-08,2000-05
AM53-USA-09-1997,AM53-USA-09-1997-E46-BMW-328i,3 Series E46,E46,328i,AM53,Sedan,USA,1997-09,2000-05
CM91-EUR-09-1997,CM91-EUR-09-1997-Z3-BMW-Z3_M,Z3 E36,Z3,Z3 M,CM91,Coupe,EUR,1997-09,2000-07
CM91-ZA-09-1997,CM91-ZA-09-1997-Z3-BMW-Z3_M,Z3 E36,Z3,Z3 M,CM91,Coupe,ZA,1997-09,2000-07
DD49-PHL-09-1997,DD49-PHL-09-1997-E39-BMW-523i,5 Series E39,E39,523i,DD49,Sedan,PHL,1997-09,1999-01
AM33-USA-10-1997,AM33-USA-10-1997-E46-BMW-323i,3 Series E46,E46,323i,AM33,Sedan,USA,1997-10,2000-09
BK93-USA-10-1997,BK93-USA-10-1997-E36-BMW-M3,3 Series E36,E36,M3,BK93,Convertible,USA,1997-10,1999-08
CK93-USA-10-1997,CK93-USA-10-1997-Z3-BMW-Z3_M,Z3 E36,Z3,Z3 M,CK93,Roadster,USA,1997-10,2000-07
CM93-USA-10-1997,CM93-USA-10-1997-Z3-BMW-Z3_M,Z3 E36,Z3,Z3 M,CM93,Coupe,USA,1997-10,2000-07
DE83-USA-10-1997,DE83-USA-10-1997-E39-BMW-540iP,5 Series E39,E39,540iP,DE83,Sedan,USA,1997-10,1998-03
DE91-EUR-10-1997,DE91-EUR-10-1997-E39-BMW-M5,5 Series E39,E39,M5,DE91,Sedan,EUR,1997-10,2003-06
GK62-EUR-10-1997,GK62-EUR-10-1997-E38-BMW-L7,7 Series E38,E38,L7,GK62,Sedan,EUR,1997-10,1998-07
BK03-USA-11-1997,BK03-USA-11-1997-E36-BMW-M3,3 Series E36,E36,M3,BK03,Convertible,USA,1997-11,1999-08
DE82-EUR-11-1997,DE82-EUR-11-1997-E39-BMW-540iP,5 Series E39,E39,540iP,DE82,Sedan,EUR,1997-11,1998-07
DE82-ZA-11-1997,DE82-ZA-11-1997-E39-BMW-540iP,5 Series E39,E39,540iP,DE82,Sedan,ZA,1997-11,1998-07
DL71-EUR-12-1997,DL71-EUR-12-1997-E39-BMW-530d,5 Series E39,E39,530d,DL71,Sedan,EUR,1997-12,2003-07
DM53-USA-12-1997,DM53-USA-12-1997-E39-BMW-528i,5 Series E39,E39,528i,DM53,Sedan,USA,1997-12,2000-08
DN61-EUR-12-1997,DN61-EUR-12-1997-E39-BMW-540i,5 Series E39,E39,540i,DN61,Sedan,EUR,1997-12,2003-06
GE41-EUR-12-1997,GE41-EUR-12-1997-E38-BMW-728i,7 Series E38,E38,728i,GE41,Sedan,EUR,1997-12,2001-07
GE61-EUR-12-1997,GE61-EUR-12-1997-E38-BMW-730d,7 Series E38,E38,730d,GE61,Sedan,EUR,1997-12,2001-07
GG41-EUR-12-1997,GG41-EUR-12-1997-E38-BMW-735i,7 Series E38,E38,735i,GG41,Sedan,EUR,1997-12,2001-07
CH31-EUR-01-1998,CH31-EUR-01-1998-Z3-BMW-Z3_28,Z3 E36,Z3,Z3 2.8,CH31,Roadster,EUR,1998-01,2000-05
CH32-EUR-01-1998,CH32-EUR-01-1998-Z3-BMW-Z3_28,Z3 E36,Z3,Z3 2.8,CH32,Roadster,EUR,1998-01,2000-05
CH33-USA-01-1998,CH33-USA-01-1998-Z3-BMW-Z3_28,Z3 E36,Z3,Z3 2.8,CH33,Roadster,USA,1998-01,2000-06
CH93-USA-01-1998,CH93-USA-01-1998-Z3-BMW-Z3_25,Z3 E36,Z3,Z3 2.5,CH93,Roadster,USA,1998-01,2000-09
CK51-EUR-01-1998,CK51-EUR-01-1998-Z3-BMW-Z3_28,Z3 E36,Z3,Z3 2.8,CK51,Coupe,EUR,1998-01,2000-05
CK53-USA-01-1998,CK53-USA-01-1998-Z3-BMW-Z3_28,Z3 E36,Z3,Z3 2.8,CK53,Coupe,USA,1998-01,1999-12
CM11-EUR-01-1998,CM11-EUR-01-1998-Z3-BMW-Z3_19,Z3 E36,Z3,Z3 1.9,CM11,Roadster,EUR,1998-01,2002-06
CP31-EUR-01-1998,CP31-EUR-01-1998-E36-BMW-318i,3 Series E36,E36,318i,CP31,Sedan,EUR,1998-01,1998-05
GJ01-EUR-01-1998,GJ01-EUR-01-1998-E38-BMW-750iL,7 Series E38,E38,750iL,GJ01,Sedan,EUR,1998-01,2001-07
CM92-EUR-02-1998,CM92-EUR-02-1998-Z3-BMW-Z3_M,Z3 E36,Z3,Z3 M,CM92,Coupe,EUR,1998-02,2000-07
CM92-ZA-02-1998,CM92-ZA-02-1998-Z3-BMW-Z3_M,Z3 E36,Z3,Z3 M,CM92,Coupe,ZA,1998-02,2000-07
DM41-EUR-02-1998,DM41-EUR-02-1998-E39-BMW-523i,5 Series E39,E39,523i,DM41,Sedan,EUR,1998-02,2000-08
DM42-EUR-02-1998,DM42-EUR-02-1998-E39-BMW-523i,5 Series E39,E39,523i,DM42,Sedan,EUR,1998-02,2000-08
DM42-ZA-02-1998,DM42-ZA-02-1998-E39-BMW-523i,5 Series E39,E39,523i,DM42,Sedan,ZA,1998-02,2000-08
DM51-EUR-02-1998,DM51-EUR-02-1998-E39-BMW-528i,5 Series E39,E39,528i,DM51,Sedan,EUR,1998-02,2000-08
DM61-EUR-02-1998,DM61-EUR-02-1998-E39-BMW-528i,5 Series E39,E39,528i,DM61,Sedan,EUR,1998-02,2000-08
DM63-USA-02-1998,DM63-USA-02-1998-E39-BMW-528i,5 Series E39,E39,528i,DM63,Sedan,USA,1998-02,2000-08
DN11-EUR-02-1998,DN11-EUR-02-1998-E39-BMW-535i,5 Series E39,E39,535i,DN11,Sedan,EUR,1998-02,2003-06
DN62-EUR-02-1998,DN62-EUR-02-1998-E39-BMW-540i,5 Series E39,E39,540i,DN62,Sedan,EUR,1998-02,2003-06
DN62-ZA-02-1998,DN62-ZA-02-1998-E39-BMW-540i,5 Series E39,E39,540i,DN62,Sedan,ZA,1998-02,2003-06
DP53-USA-02-1998,DP53-USA-02-1998-E39-BMW-528i,5 Series E39,E39,528i,DP53,Touring,USA,1998-02,2000-08
DP62-EUR-02-1998,DP62-EUR-02-1998-E39-BMW-528i,5 Series E39,E39,528i,DP62,Touring,EUR,1998-02,2000-07
DP63-USA-02-1998,DP63-USA-02-1998-E39-BMW-528i,5 Series E39,E39,528i,DP63,Touring,USA,1998-02,2000-08
DP71-EUR-02-1998,DP71-EUR-02-1998-E39-BMW-530d,5 Series E39,E39,530d,DP71,Touring,EUR,1998-02,2003-12
DP81-EUR-02-1998,DP81-EUR-02-1998-E39-BMW-530d,5 Series E39,E39,530d,DP81,Touring,EUR,1998-02,2003-12
DR63-USA-02-1998,DR63-USA-02-1998-E39-BMW-540i,5 Series E39,E39,540i,DR63,Touring,USA,1998-02,2003-07
GE31-EUR-02-1998,GE31-EUR-02-1998-E38-BMW-728i,7 Series E38,E38,728i,GE31,Sedan,EUR,1998-02,2001-07
GE42-EUR-02-1998,GE42-EUR-02-1998-E38-BMW-728i,7 Series E38,E38,728i,GE42,Sedan,EUR,1998-02,2001-07
GG01-EUR-02-1998,GG01-EUR-02-1998-E38-BMW-750i,7 Series E38,E38,750i,GG01,Sedan,EUR,1998-02,2001-07
GG81-EUR-02-1998,GG81-EUR-02-1998-E38-BMW-740i,7 Series E38,E38,740i,GG81,Sedan,EUR,1998-02,2001-07
GG82-EUR-02-1998,GG82-EUR-02-1998-E38-BMW-740i,7 Series E38,E38,740i,GG82,Sedan,EUR,1998-02,2001-07
GH81-EUR-02-1998,GH81-EUR-02-1998-E38-BMW-740iL,7 Series E38,E38,740iL,GH81,Sedan,EUR,1998-02,2001-07
GJ02-EUR-02-1998,GJ02-EUR-02-1998-E38-BMW-750iL,7 Series E38,E38,750iL,GJ02,Sedan,EUR,1998-02,2001-07
GK81-EUR-02-1998,GK81-EUR-02-1998-E38-BMW-L7,7 Series E38,E38,L7,GK81,Sedan,EUR,1998-02,2001-06
AM32-EUR-03-1998,AM32-EUR-03-1998-E46-BMW-323i,3 Series E46,E46,323i,AM32,Sedan,EUR,1998-03,2000-08
BM31-EUR-03-1998,BM31-EUR-03-1998-E46-BMW-323Ci,3 Series E46,E46,323Ci,BM31,Coupe,EUR,1998-03,2000-08
BM51-EUR-03-1998,BM51-EUR-03-1998-E46-BMW-328Ci,3 Series E46,E46,328Ci,BM51,Coupe,EUR,1998-03,2000-06
DL72-EUR-03-1998,DL72-EUR-03-1998-E39-BMW-530d,5 Series E39,E39,530d,DL72,Sedan,EUR,1998-03,2003-07
DM11-EUR-03-1998,DM11-EUR-03-1998-E39-BMW-520i,5 Series E39,E39,520i,DM11,Sedan,EUR,1998-03,2003-06
DM31-EUR-03-1998,DM31-EUR-03-1998-E39-BMW-523i,5 Series E39,E39,523i,DM31,Sedan,EUR,1998-03,2000-08
DN51-EUR-03-1998,DN51-EUR-03-1998-E39-BMW-540i,5 Series E39,E39,540i,DN51,Sedan,EUR,1998-03,2003-06
DN52-EUR-03-1998,DN52-EUR-03-1998-E39-BMW-540i,5 Series E39,E39,540i,DN52,Sedan,EUR,1998-03,2003-03
DN52-ZA-03-1998,DN52-ZA-03-1998-E39-BMW-540i,5 Series E39,E39,540i,DN52,Sedan,ZA,1998-03,2003-03
DR11-EUR-03-1998,DR11-EUR-03-1998-E39-BMW-520i,5 Series E39,E39,520i,DR11,Touring,EUR,1998-03,2001-07
DR31-EUR-03-1998,DR31-EUR-03-1998-E39-BMW-523i,5 Series E39,E39,523i,DR31,Touring,EUR,1998-03,2000-08
DR51-EUR-03-1998,DR51-EUR-03-1998-E39-BMW-540i,5 Series E39,E39,540i,DR51,Touring,EUR,1998-03,2003-12
DR61-EUR-03-1998,DR61-EUR-03-1998-E39-BMW-540i,5 Series E39,E39,540i,DR61,Touring,EUR,1998-03,2003-12
CS11-EUR-04-1998,CS11-EUR-04-1998-E36-BMW-316i_19,3 Series E36,E36,316i 1.9,CS11,Compact,EUR,1998-04,2000-08
CS21-EUR-04-1998,CS21-EUR-04-1998-E36-BMW-316i_19,3 Series E36,E36,316i 1.9,CS21,Compact,EUR,1998-04,2000-08
CT41-EUR-04-1998,CT41-EUR-04-1998-E36-BMW-323ti,3 Series E36,E36,323ti,CT41,Compact,EUR,1998-04,2000-08
DL81-EUR-04-1998,DL81-EUR-04-1998-E39-BMW-530d,5 Series E39,E39,530d,DL81,Sedan,EUR,1998-04,2003-07
DM21-EUR-04-1998,DM21-EUR-04-1998-E39-BMW-520i,5 Series E39,E39,520i,DM21,Sedan,EUR,1998-04,2003-06
DP61-EUR-04-1998,DP61-EUR-04-1998-E39-BMW-528i,5 Series E39,E39,528i,DP61,Touring,EUR,1998-04,2000-08
DR21-EUR-04-1998,DR21-EUR-04-1998-E39-BMW-520i,5 Series E39,E39,520i,DR21,Touring,EUR,1998-04,2001-07
DR41-EUR-04-1998,DR41-EUR-04-1998-E39-BMW-523i,5 Series E39,E39,523i,DR41,Touring,EUR,1998-04,2000-08
GG83-USA-04-1998,GG83-USA-04-1998-E38-BMW-740i,7 Series E38,E38,740i,GG83,Sedan,USA,1998-04,2001-07
GH83-USA-04-1998,GH83-USA-04-1998-E38-BMW-740iL,7 Series E38,E38,740iL,GH83,Sedan,USA,1998-04,2001-07
GK01-EUR-04-1998,GK01-EUR-04-1998-E38-BMW-750iLS,7 Series E38,E38,750iLS,GK01,Sedan,EUR,1998-04,2001-07
GK02-EUR-04-1998,GK02-EUR-04-1998-E38-BMW-750iLS,7 Series E38,E38,750iLS,GK02,Sedan,EUR,1998-04,2001-06
AN52-EUR-05-1998,AN52-EUR-05-1998-E46-BMW-328i,3 Series E46,E46,328i,AN52,Sedan,EUR,1998-05,2000-06
AN52-ZA-05-1998,AN52-ZA-05-1998-E46-BMW-328i,3 Series E46,E46,328i,AN52,Sedan,ZA,1998-05,2000-06
AN92-EUR-05-1998,AN92-EUR-05-1998-E46-BMW-318i,3 Series E46,E46,318i,AN92,Sedan,EUR,1998-05,2001-09
AN92-ZA-05-1998,AN92-ZA-05-1998-E46-BMW-318i,3 Series E46,E46,318i,AN92,Sedan,ZA,1998-05,2001-09
AP31-EUR-05-1998,AP31-EUR-05-1998-E46-BMW-318i,3 Series E46,E46,318i,AP31,Touring,EUR,1998-05,2001-08
AR11-EUR-05-1998,AR11-EUR-05-1998-E46-BMW-320i,3 Series E46,E46,320i,AR11,Touring,EUR,1998-05,2001-08
AR51-EUR-05-1998,AR51-EUR-05-1998-E46-BMW-328i,3 Series E46,E46,328i,AR51,Touring,EUR,1998-05,2000-06
CS12-EUR-05-1998,CS12-EUR-05-1998-E36-BMW-316i_19,3 Series E36,E36,316i 1.9,CS12,Compact,EUR,1998-05,2000-08
CT31-EUR-05-1998,CT31-EUR-05-1998-E36-BMW-323ti,3 Series E36,E36,323ti,CT31,Compact,EUR,1998-05,2000-08
DM52-EUR-05-1998,DM52-EUR-05-1998-E39-BMW-528i,5 Series E39,E39,528i,DM52,Sedan,EUR,1998-05,2000-08
DM52-ZA-05-1998,DM52-ZA-05-1998-E39-BMW-528i,5 Series E39,E39,528i,DM52,Sedan,ZA,1998-05,2000-08
DN21-EUR-05-1998,DN21-EUR-05-1998-E39-BMW-535i,5 Series E39,E39,535i,DN21,Sedan,EUR,1998-05,2003-06
DN53-USA-05-1998,DN53-USA-05-1998-E39-BMW-540i,5 Series E39,E39,540i,DN53,Sedan,USA,1998-05,2003-07
DP52-EUR-05-1998,DP52-EUR-05-1998-E39-BMW-528i,5 Series E39,E39,528i,DP52,Touring,EUR,1998-05,2000-07
DR12-EUR-05-1998,DR12-EUR-05-1998-E39-BMW-520i,5 Series E39,E39,520i,DR12,Touring,EUR,1998-05,2000-07
DR32-EUR-05-1998,DR32-EUR-05-1998-E39-BMW-523i,5 Series E39,E39,523i,DR32,Touring,EUR,1998-05,2000-07
DR42-EUR-05-1998,DR42-EUR-05-1998-E39-BMW-523i,5 Series E39,E39,523i,DR42,Touring,EUR,1998-05,2000-07
GG42-EUR-05-1998,GG42-EUR-05-1998-E38-BMW-735i,7 Series E38,E38,735i,GG42,Sedan,EUR,1998-05,2001-07
GH82-EUR-05-1998,GH82-EUR-05-1998-E38-BMW-740iL,7 Series E38,E38,740iL,GH82,Sedan,EUR,1998-05,2001-07
GJ03-USA-05-1998,GJ03-USA-05-1998-E38-BMW-750iL,7 Series E38,E38,750iL,GJ03,Sedan,USA,1998-05,2001-07
GK82-EUR-05-1998,GK82-EUR-05-1998-E38-BMW-L7,7 Series E38,E38,L7,GK82,Sedan,EUR,1998-05,2001-06
AL11-EUR-06-1998,AL11-EUR-06-1998-E46-BMW-316i_19,3 Series E46,E46,316i 1.9,AL11,Sedan,EUR,1998-06,2001-08
AL51-EUR-06-1998,AL51-EUR-06-1998-E46-BMW-316i_16,3 Series E46,E46,316i 1.6,AL51,Sedan,EUR,1998-06,2001-07
AM12-EUR-06-1998,AM12-EUR-06-1998-E46-BMW-320i,3 Series E46,E46,320i,AM12,Sedan,EUR,1998-06,2000-08
AM36-VNM-06-1998,AM36-VNM-06-1998-E46-BMW-323i,3 Series E46,E46,323i,AM36,Sedan,VNM,1998-06,1999-10
AM38-MEX-06-1998,AM38-MEX-06-1998-E46-BMW-323i,3 Series E46,E46,323i,AM38,Sedan,MEX,1998-06,2000-07
AM57-MEX-06-1998,AM57-MEX-06-1998-E46-BMW-328i,3 Series E46,E46,328i,AM57,Sedan,MEX,1998-06,2000-06
AP71-EUR-06-1998,AP71-EUR-06-1998-E46-BMW-320d,3 Series E46,E46,320d,AP71,Touring,EUR,1998-06,2005-07
AP91-EUR-06-1998,AP91-EUR-06-1998-E46-BMW-330d,3 Series E46,E46,330d,AP91,Touring,EUR,1998-06,2001-08
AR33-USA-06-1998,AR33-USA-06-1998-E46-BMW-323i,3 Series E46,E46,323i,AR33,Touring,USA,1998-06,2000-09
AR52-EUR-06-1998,AR52-EUR-06-1998-E46-BMW-328i,3 Series E46,E46,328i,AR52,Touring,EUR,1998-06,2000-05
DL82-EUR-06-1998,DL82-EUR-06-1998-E39-BMW-530d,5 Series E39,E39,530d,DL82,Sedan,EUR,1998-06,2003-06
DM62-EUR-06-1998,DM62-EUR-06-1998-E39-BMW-528i,5 Series E39,E39,528i,DM62,Sedan,EUR,1998-06,2000-08
DM62-ZA-06-1998,DM62-ZA-06-1998-E39-BMW-528i,5 Series E39,E39,528i,DM62,Sedan,ZA,1998-06,2000-08
DN63-USA-06-1998,DN63-USA-06-1998-E39-BMW-540i,5 Series E39,E39,540i,DN63,Sedan,USA,1998-06,2003-06
DP51-EUR-06-1998,DP51-EUR-06-1998-E39-BMW-528i,5 Series E39,E39,528i,DP51,Touring,EUR,1998-06,2000-07
DP72-EUR-06-1998,DP72-EUR-06-1998-E39-BMW-530d,5 Series E39,E39,530d,DP72,Touring,EUR,1998-06,2003-12
GH61-EUR-06-1998,GH61-EUR-06-1998-E38-BMW-735iL,7 Series E38,E38,735iL,GH61,Sedan,EUR,1998-06,2001-07
BM32-EUR-07-1998,BM32-EUR-07-1998-E46-BMW-323Ci,3 Series E46,E46,323Ci,BM32,Coupe,EUR,1998-07,2000-08
BM52-EUR-07-1998,BM52-EUR-07-1998-E46-BMW-328Ci,3 Series E46,E46,328Ci,BM52,Coupe,EUR,1998-07,2000-06
CL31-EUR-07-1998,CL31-EUR-07-1998-Z3-BMW-Z3_20,Z3 E36,Z3,Z3 2.0,CL31,Roadster,EUR,1998-07,2000-10
GE81-EUR-07-1998,GE81-EUR-07-1998-E38-BMW-740d,7 Series E38,E38,740d,GE81,Sedan,EUR,1998-07,2001-07
GH62-EUR-07-1998,GH62-EUR-07-1998-E38-BMW-735iL,7 Series E38,E38,735iL,GH62,Sedan,EUR,1998-07,2001-07
DM12-EUR-08-1998,DM12-EUR-08-1998-E39-BMW-520i,5 Series E39,E39,520i,DM12,Sedan,EUR,1998-08,2000-08
DM22-EUR-08-1998,DM22-EUR-08-1998-E39-BMW-520i,5 Series E39,E39,520i,DM22,Sedan,EUR,1998-08,2000-08
DM32-EUR-08-1998,DM32-EUR-08-1998-E39-BMW-523i,5 Series E39,E39,523i,DM32,Sedan,EUR,1998-08,2000-08
DM32-ZA-08-1998,DM32-ZA-08-1998-E39-BMW-523i,5 Series E39,E39,523i,DM32,Sedan,ZA,1998-08,2000-08
DN22-EUR-08-1998,DN22-EUR-08-1998-E39-BMW-535i,5 Series E39,E39,535i,DN22,Sedan,EUR,1998-08,2003-06
GG02-EUR-08-1998,GG02-EUR-08-1998-E38-BMW-750i,7 Series E38,E38,750i,GG02,Sedan,EUR,1998-08,2001-06
GH41-EUR-08-1998,GH41-EUR-08-1998-E38-BMW-728iL,7 Series E38,E38,728iL,GH41,Sedan,EUR,1998-08,2001-07
CL32-EUR-09-1998,CL32-EUR-09-1998-Z3-BMW-Z3_20,Z3 E36,Z3,Z3 2.0,CL32,Roadster,EUR,1998-09,2000-10
CM12-EUR-09-1998,CM12-EUR-09-1998-Z3-BMW-Z3_19,Z3 E36,Z3,Z3 1.9,CM12,Roadster,EUR,1998-09,2002-06
DM49-PHL-09-1998,DM49-PHL-09-1998-E39-BMW-523i,5 Series E39,E39,523i,DM49,Sedan,PHL,1998-09,2000-07
DN12-EUR-09-1998,DN12-EUR-09-1998-E39-BMW-535i,5 Series E39,E39,535i,DN12,Sedan,EUR,1998-09,2002-11
DN81-EUR-09-1998,DN81-EUR-09-1998-E39-BMW-540iP,5 Series E39,E39,540iP,DN81,Sedan,EUR,1998-09,2003-05
DR22-EUR-09-1998,DR22-EUR-09-1998-E39-BMW-520i,5 Series E39,E39,520i,DR22,Touring,EUR,1998-09,2000-07
DR52-EUR-09-1998,DR52-EUR-09-1998-E39-BMW-540i,5 Series E39,E39,540i,DR52,Touring,EUR,1998-09,2003-08
DR62-EUR-09-1998,DR62-EUR-09-1998-E39-BMW-540i,5 Series E39,E39,540i,DR62,Touring,EUR,1998-09,2003-12
AL12-EUR-10-1998,AL12-EUR-10-1998-E46-BMW-316i_19,3 Series E46,E46,316i 1.9,AL12,Sedan,EUR,1998-10,2001-08
DE92-EUR-10-1998,DE92-EUR-10-1998-E39-BMW-M5,5 Series E39,E39,M5,DE92,Sedan,EUR,1998-10,2003-05
DE92-ZA-10-1998,DE92-ZA-10-1998-E39-BMW-M5,5 Series E39,E39,M5,DE92,Sedan,ZA,1998-10,2003-05
DN82-EUR-10-1998,DN82-EUR-10-1998-E39-BMW-540iP,5 Series E39,E39,540iP,DN82,Sedan,EUR,1998-10,2003-04
DN83-USA-10-1998,DN83-USA-10-1998-E39-BMW-540iP,5 Series E39,E39,540iP,DN83,Sedan,USA,1998-10,2001-04
DP82-EUR-10-1998,DP82-EUR-10-1998-E39-BMW-530d,5 Series E39,E39,530d,DP82,Touring,EUR,1998-10,2003-12
FB33-USA-10-1998,FB33-USA-10-1998-E53-BMW-X5_44i,X5 E53,E53,X5 4.4i,FB33,SUV,USA,1998-10,2003-09
GH01-EUR-10-1998,GH01-EUR-10-1998-E38-BMW-740iLP,7 Series E38,E38,740iLP,GH01,Sedan,EUR,1998-10,2001-07
GH03-USA-10-1998,GH03-USA-10-1998-E38-BMW-740iLP,7 Series E38,E38,740iLP,GH03,Sedan,USA,1998-10,2001-03
GK91-EUR-10-1998,GK91-EUR-10-1998-E38-BMW-750iLP,7 Series E38,E38,750iLP,GK91,Sedan,EUR,1998-10,2001-07
AN12-EUR-11-1998,AN12-EUR-11-1998-E46-BMW-320i,3 Series E46,E46,320i,AN12,Sedan,EUR,1998-11,2000-09
AN12-ZA-11-1998,AN12-ZA-11-1998-E46-BMW-320i,3 Series E46,E46,320i,AN12,Sedan,ZA,1998-11,2000-09
AN32-EUR-11-1998,AN32-EUR-11-1998-E46-BMW-323i,3 Series E46,E46,323i,AN32,Sedan,EUR,1998-11,2000-09
AN32-ZA-11-1998,AN32-ZA-11-1998-E46-BMW-323i,3 Series E46,E46,323i,AN32,Sedan,ZA,1998-11,2000-09
AP32-EUR-11-1998,AP32-EUR-11-1998-E46-BMW-318i,3 Series E46,E46,318i,AP32,Touring,EUR,1998-11,2001-08
BM11-EUR-11-1998,BM11-EUR-11-1998-E46-BMW-320Ci,3 Series E46,E46,320Ci,BM11,Coupe,EUR,1998-11,2001-08
BM33-USA-11-1998,BM33-USA-11-1998-E46-BMW-323Ci,3 Series E46,E46,323Ci,BM33,Coupe,USA,1998-11,2000-08
BM53-USA-11-1998,BM53-USA-11-1998-E46-BMW-328Ci,3 Series E46,E46,328Ci,BM53,Coupe,USA,1998-11,2000-05
BR31-EUR-11-1998,BR31-EUR-11-1998-E46-BMW-323Ci,3 Series E46,E46,323Ci,BR31,Convertible,EUR,1998-11,2000-09
CS22-EUR-11-1998,CS22-EUR-11-1998-E36-BMW-316i_19,3 Series E36,E36,316i 1.9,CS22,Compact,EUR,1998-11,2000-08
GK93-USA-11-1998,GK93-USA-11-1998-E38-BMW-750iLP,7 Series E38,E38,750iLP,GK93,Sedan,USA,1998-11,2001-04
AL39-PHL-12-1998,AL39-PHL-12-1998-E46-BMW-318i,3 Series E46,E46,318i,AL39,Sedan,PHL,1998-12,2001-06
AL91-EUR-12-1998,AL91-EUR-12-1998-E46-BMW-330d,3 Series E46,E46,330d,AL91,Sedan,EUR,1998-12,2001-08
AM39-PHL-12-1998,AM39-PHL-12-1998-E46-BMW-323i,3 Series E46,E46,323i,AM39,Sedan,PHL,1998-12,2000-06
AN72-EUR-12-1998,AN72-EUR-12-1998-E46-BMW-316i_19,3 Series E46,E46,316i 1.9,AN72,Sedan,EUR,1998-12,2000-10
EJ11-EUR-12-1998,EJ11-EUR-12-1998-E52-BMW-Z8,Z8 E52,E52,Z8,EJ11,Roadster,EUR,1998-12,2003-07
AL72-EUR-01-1999,AL72-EUR-01-1999-E46-BMW-320d,3 Series E46,E46,320d,AL72,Sedan,EUR,1999-01,2001-08
AN31-EUR-01-1999,AN31-EUR-01-1999-E46-BMW-323i,3 Series E46,E46,323i,AN31,Sedan,EUR,1999-01,2000-10
DM64-MYS-01-1999,DM64-MYS-01-1999-E39-BMW-528i,5 Series E39,E39,528i,DM64,Sedan,MYS,1999-01,2000-05
EJ13-USA-01-1999,EJ13-USA-01-1999-E52-BMW-Z8,Z8 E52,E52,Z8,EJ13,Roadster,USA,1999-01,2003-06
AL37-IDN-02-1999,AL37-IDN-02-1999-E46-BMW-318i,3 Series E46,E46,318i,AL37,Sedan,IDN,1999-02,2001-08
AX71-EUR-02-1999,AX71-EUR-02-1999-E46-BMW-320d,3 Series E46,E46,320d,AX71,Touring,EUR,1999-02,2001-08
DN87-MEX-02-1999,DN87-MEX-02-1999-E39-BMW-540iP,5 Series E39,E39,540iP,DN87,Sedan,MEX,1999-02,2000-10
AL36-EGY-03-1999,AL36-EGY-03-1999-E46-BMW-318i,3 Series E46,E46,318i,AL36,Sedan,EGY,1999-03,2001-06
AN11-EUR-03-1999,AN11-EUR-03-1999-E46-BMW-320i,3 Series E46,E46,320i,AN11,Sedan,EUR,1999-03,2001-04
AN91-EUR-03-1999,AN91-EUR-03-1999-E46-BMW-318i,3 Series E46,E46,318i,AN91,Sedan,EUR,1999-03,2001-09
BL31-EUR-03-1999,BL31-EUR-03-1999-E46-BMW-318Ci,3 Series E46,E46,318Ci,BL31,Coupe,EUR,1999-03,2001-08
BL32-EUR-03-1999,BL32-EUR-03-1999-E46-BMW-318Ci,3 Series E46,E46,318Ci,BL32,Coupe,EUR,1999-03,2001-08
DE93-USA-03-1999,DE93-USA-03-1999-E39-BMW-M5,5 Series E39,E39,M5,DE93,Sedan,USA,1999-03,2003-06
AN51-EUR-04-1999,AN51-EUR-04-1999-E46-BMW-328i,3 Series E46,E46,328i,AN51,Sedan,EUR,1999-04,2000-05
BL51-EUR-04-1999,BL51-EUR-04-1999-E46-BMW-316Ci,3 Series E46,E46,316Ci,BL51,Coupe,EUR,1999-04,2002-02
BR33-USA-04-1999,BR33-USA-04-1999-E46-BMW-323Ci,3 Series E46,E46,323Ci,BR33,Convertible,USA,1999-04,2000-08
AL92-EUR-05-1999,AL92-EUR-05-1999-E46-BMW-330d,3 Series E46,E46,330d,AL92,Sedan,EUR,1999-05,2001-08
AX72-EUR-05-1999,AX72-EUR-05-1999-E46-BMW-320d,3 Series E46,E46,320d,AX72,Touring,EUR,1999-05,2001-08
DM45-THA-05-1999,DM45-THA-05-1999-E39-BMW-523i_24,5 Series E39,E39,523i 2.4,DM45,Sedan,THA,1999-05,2002-10
AL34-MYS-06-1999,AL34-MYS-06-1999-E46-BMW-318i,3 Series E46,E46,318i,AL34,Sedan,MYS,1999-06,2001-05
DL91-EUR-06-1999,DL91-EUR-06-1999-E39-BMW-525d,5 Series E39,E39,525d,DL91,Sedan,EUR,1999-06,2003-07
DM71-EUR-06-1999,DM71-EUR-06-1999-E39-BMW-520d,5 Series E39,E39,520d,DM71,Sedan,EUR,1999-06,2003-07
DP01-EUR-06-1999,DP01-EUR-06-1999-E39-BMW-525d,5 Series E39,E39,525d,DP01,Touring,EUR,1999-06,2003-12
DR71-EUR-06-1999,DR71-EUR-06-1999-E39-BMW-520d,5 Series E39,E39,520d,DR71,Touring,EUR,1999-06,2003-09
AM54-MYS-07-1999,AM54-MYS-07-1999-E46-BMW-328i,3 Series E46,E46,328i,AM54,Sedan,MYS,1999-07,2000-05
AP92-EUR-07-1999,AP92-EUR-07-1999-E46-BMW-330d,3 Series E46,E46,330d,AP92,Touring,EUR,1999-07,2001-08
BL91-EUR-07-1999,BL91-EUR-07-1999-E46-BMW-M3,3 Series E46,E46,M3,BL91,Coupe,EUR,1999-07,2006-05
BR32-EUR-07-1999,BR32-EUR-07-1999-E46-BMW-323Ci,3 Series E46,E46,323Ci,BR32,Convertible,EUR,1999-07,2000-08
DM44-MYS-07-1999,DM44-MYS-07-1999-E39-BMW-523i,5 Series E39,E39,523i,DM44,Sedan,MYS,1999-07,2000-06
FB31-EUR-07-1999,FB31-EUR-07-1999-E53-BMW-X5_44i,X5 E53,E53,X5 4.4i,FB31,SUV,EUR,1999-07,2003-09
AN33-USA-08-1999,AN33-USA-08-1999-E46-BMW-323i,3 Series E46,E46,323i,AN33,Sedan,USA,1999-08,2000-10
DL38-RUS-08-1999,DL38-RUS-08-1999-E39-BMW-523i,5 Series E39,E39,523i,DL38,Sedan,RUS,1999-08,2000-04
DM68-RUS-08-1999,DM68-RUS-08-1999-E39-BMW-528i,5 Series E39,E39,528i,DM68,Sedan,RUS,1999-08,2000-04
FA51-EUR-08-1999,FA51-EUR-08-1999-E53-BMW-X5_30i,X5 E53,E53,X5 3.0i,FA51,SUV,EUR,1999-08,2003-09
FA53-USA-08-1999,FA53-USA-08-1999-E53-BMW-X5_30i,X5 E53,E53,X5 3.0i,FA53,SUV,USA,1999-08,2003-09
AL55-PHL-09-1999,AL55-PHL-09-1999-E46-BMW-316i_16,3 Series E46,E46,316i 1.6,AL55,Sedan,PHL,1999-09,2001-06
AV51-EUR-09-1999,AV51-EUR-09-1999-E46-BMW-330i,3 Series E46,E46,330i,AV51,Sedan,EUR,1999-09,2001-08
AV52-EUR-09-1999,AV52-EUR-09-1999-E46-BMW-330i,3 Series E46,E46,330i,AV52,Sedan,EUR,1999-09,2001-08
AV53-USA-09-1999,AV53-USA-09-1999-E46-BMW-330i,3 Series E46,E46,330i,AV53,Sedan,USA,1999-09,2001-08
AW51-EUR-09-1999,AW51-EUR-09-1999-E46-BMW-330i,3 Series E46,E46,330i,AW51,Touring,EUR,1999-09,2001-08
AW52-EUR-09-1999,AW52-EUR-09-1999-E46-BMW-330i,3 Series E46,E46,330i,AW52,Touring,EUR,1999-09,2001-08
BN51-EUR-09-1999,BN51-EUR-09-1999-E46-BMW-330Ci,3 Series E46,E46,330Ci,BN51,Coupe,EUR,1999-09,2003-03
BN52-EUR-09-1999,BN52-EUR-09-1999-E46-BMW-330Ci,3 Series E46,E46,330Ci,BN52,Coupe,EUR,1999-09,2003-03
BN53-USA-09-1999,BN53-USA-09-1999-E46-BMW-330Ci,3 Series E46,E46,330Ci,BN53,Coupe,USA,1999-09,2003-03
CK71-EUR-09-1999,CK71-EUR-09-1999-Z3-BMW-Z3_30i,Z3 E36,Z3,Z3 3.0i,CK71,Coupe,EUR,1999-09,2002-06
CK73-USA-09-1999,CK73-USA-09-1999-Z3-BMW-Z3_30i,Z3 E36,Z3,Z3 3.0i,CK73,Coupe,USA,1999-09,2002-04
CN51-EUR-09-1999,CN51-EUR-09-1999-Z3-BMW-Z3_30i,Z3 E36,Z3,Z3 3.0i,CN51,Roadster,EUR,1999-09,2002-06
CN52-EUR-09-1999,CN52-EUR-09-1999-Z3-BMW-Z3_30i,Z3 E36,Z3,Z3 3.0i,CN52,Roadster,EUR,1999-09,2002-06
CN53-USA-09-1999,CN53-USA-09-1999-Z3-BMW-Z3_30i,Z3 E36,Z3,Z3 3.0i,CN53,Roadster,USA,1999-09,2002-06
DP91-EUR-09-1999,DP91-EUR-09-1999-E39-BMW-525d,5 Series E39,E39,525d,DP91,Touring,EUR,1999-09,2003-12
EM51-EUR-09-1999,EM51-EUR-09-1999-E46-BMW-330xi,3 Series E46,E46,330xi,EM51,Touring,EUR,1999-09,2001-08
ES51-EUR-09-1999,ES51-EUR-09-1999-E46-BMW-330xi,3 Series E46,E46,330xi,ES51,Sedan,EUR,1999-09,2001-08
ES53-USA-09-1999,ES53-USA-09-1999-E46-BMW-330xi,3 Series E46,E46,330xi,ES53,Sedan,USA,1999-09,2001-08
DL01-EUR-10-1999,DL01-EUR-10-1999-E39-BMW-525d,5 Series E39,E39,525d,DL01,Sedan,EUR,1999-10,2003-07
DL48-RUS-10-1999,DL48-RUS-10-1999-E39-BMW-523i,5 Series E39,E39,523i,DL48,Sedan,RUS,1999-10,2000-04
DM58-RUS-10-1999,DM58-RUS-10-1999-E39-BMW-528i,5 Series E39,E39,528i,DM58,Sedan,RUS,1999-10,1999-10
AM35-THA-11-1999,AM35-THA-11-1999-E46-BMW-323i_24,3 Series E46,E46,323i 2.4,AM35,Sedan,THA,1999-11,2001-06
AV72-EUR-11-1999,AV72-EUR-11-1999-E46-BMW-320d,3 Series E46,E46,320d,AV72,Sedan,EUR,1999-11,2001-09
DL92-EUR-11-1999,DL92-EUR-11-1999-E39-BMW-525d,5 Series E39,E39,525d,DL92,Sedan,EUR,1999-11,2003-07
DP02-EUR-11-1999,DP02-EUR-11-1999-E39-BMW-525d,5 Series E39,E39,525d,DP02,Touring,EUR,1999-11,2003-12
DS42-EUR-11-1999,DS42-EUR-11-1999-E39-BMW-525i,5 Series E39,E39,525i,DS42,Touring,EUR,1999-11,2003-12
DS51-EUR-11-1999,DS51-EUR-11-1999-E39-BMW-530i,5 Series E39,E39,530i,DS51,Touring,EUR,1999-11,2003-12
DS62-EUR-11-1999,DS62-EUR-11-1999-E39-BMW-530i,5 Series E39,E39,530i,DS62,Touring,EUR,1999-11,2003-12
DT11-EUR-11-1999,DT11-EUR-11-1999-E39-BMW-520i,5 Series E39,E39,520i,DT11,Sedan,EUR,1999-11,2003-07
DT31-EUR-11-1999,DT31-EUR-11-1999-E39-BMW-525i,5 Series E39,E39,525i,DT31,Sedan,EUR,1999-11,2003-07
FB32-EUR-11-1999,FB32-EUR-11-1999-E53-BMW-X5_44i,X5 E53,E53,X5 4.4i,FB32,SUV,EUR,1999-11,2003-09
AL35-THA-12-1999,AL35-THA-12-1999-E46-BMW-318i,3 Series E46,E46,318i,AL35,Sedan,THA,1999-12,2001-07
AV11-EUR-12-1999,AV11-EUR-12-1999-E46-BMW-320i,3 Series E46,E46,320i,AV11,Sedan,EUR,1999-12,2001-08
BS51-EUR-12-1999,BS51-EUR-12-1999-E46-BMW-330Ci,3 Series E46,E46,330Ci,BS51,Convertible,EUR,1999-12,2003-03
BS52-EUR-12-1999,BS52-EUR-12-1999-E46-BMW-330Ci,3 Series E46,E46,330Ci,BS52,Convertible,EUR,1999-12,2003-03
BS53-USA-12-1999,BS53-USA-12-1999-E46-BMW-330Ci,3 Series E46,E46,330Ci,BS53,Convertible,USA,1999-12,2003-03
CN11-EUR-12-1999,CN11-EUR-12-1999-Z3-BMW-Z3_22i,Z3 E36,Z3,Z3 2.2i,CN11,Roadster,EUR,1999-12,2002-06
AM37-IDN-01-2000,AM37-IDN-01-2000-E46-BMW-323i,3 Series E46,E46,323i,AM37,Sedan,IDN,2000-01,2000-07
AR73-USA-01-2000,AR73-USA-01-2000-E46-BMW-325xi,3 Series E46,E46,325xi,AR73,Touring,USA,2000-01,2001-08
AR91-EUR-01-2000,AR91-EUR-01-2000-E46-BMW-330xd,3 Series E46,E46,330xd,AR91,Touring,EUR,2000-01,2001-08
AS11-EUR-01-2000,AS11-EUR-01-2000-E46-BMW-330xd,3 Series E46,E46,330xd,AS11,Sedan,EUR,2000-01,2001-08
AS31-EUR-01-2000,AS31-EUR-01-2000-E46-BMW-325xi,3 Series E46,E46,325xi,AS31,Sedan,EUR,2000-01,2001-08
AV12-EUR-01-2000,AV12-EUR-01-2000-E46-BMW-320i,3 Series E46,E46,320i,AV12,Sedan,EUR,2000-01,2001-08
AV13-USA-01-2000,AV13-USA-01-2000-E46-BMW-320i,3 Series E46,E46,320i,AV13,Sedan,USA,2000-01,2001-08
AV31-EUR-01-2000,AV31-EUR-01-2000-E46-BMW-325i,3 Series E46,E46,325i,AV31,Sedan,EUR,2000-01,2001-08
AV32-EUR-01-2000,AV32-EUR-01-2000-E46-BMW-325i,3 Series E46,E46,325i,AV32,Sedan,EUR,2000-01,2001-08
AV33-USA-01-2000,AV33-USA-01-2000-E46-BMW-325i,3 Series E46,E46,325i,AV33,Sedan,USA,2000-01,2001-08
AW11-EUR-01-2000,AW11-EUR-01-2000-E46-BMW-320i,3 Series E46,E46,320i,AW11,Touring,EUR,2000-01,2001-08
AW32-EUR-01-2000,AW32-EUR-01-2000-E46-BMW-325i,3 Series E46,E46,325i,AW32,Touring,EUR,2000-01,2001-08
AW33-USA-01-2000,AW33-USA-01-2000-E46-BMW-325i,3 Series E46,E46,325i,AW33,Touring,USA,2000-01,2001-08
BL93-USA-01-2000,BL93-USA-01-2000-E46-BMW-M3,3 Series E46,E46,M3,BL93,Coupe,USA,2000-01,2006-05
BN11-EUR-01-2000,BN11-EUR-01-2000-E46-BMW-320Ci,3 Series E46,E46,320Ci,BN11,Coupe,EUR,2000-01,2003-03
BN31-EUR-01-2000,BN31-EUR-01-2000-E46-BMW-325Ci,3 Series E46,E46,325Ci,BN31,Coupe,EUR,2000-01,2003-03
BN32-EUR-01-2000,BN32-EUR-01-2000-E46-BMW-325Ci,3 Series E46,E46,325Ci,BN32,Coupe,EUR,2000-01,2003-03
BN33-USA-01-2000,BN33-USA-01-2000-E46-BMW-325Ci,3 Series E46,E46,325Ci,BN33,Coupe,USA,2000-01,2003-03
CN12-EUR-01-2000,CN12-EUR-01-2000-Z3-BMW-Z3_22i,Z3 E36,Z3,Z3 2.2i,CN12,Roadster,EUR,2000-01,2002-06
CN33-USA-01-2000,CN33-USA-01-2000-Z3-BMW-Z3_25i,Z3 E36,Z3,Z3 2.5i,CN33,Roadster,USA,2000-01,2002-06
FA71-EUR-01-2000,FA71-EUR-01-2000-E53-BMW-X5_30d,X5 E53,E53,X5 3.0d,FA71,SUV,EUR,2000-01,2003-09
AR71-EUR-02-2000,AR71-EUR-02-2000-E46-BMW-325xi,3 Series E46,E46,325xi,AR71,Touring,EUR,2000-02,2001-08
AW12-EUR-02-2000,AW12-EUR-02-2000-E46-BMW-320i,3 Series E46,E46,320i,AW12,Touring,EUR,2000-02,2001-08
AW31-EUR-02-2000,AW31-EUR-02-2000-E46-BMW-325i,3 Series E46,E46,325i,AW31,Touring,EUR,2000-02,2001-08
BN12-EUR-02-2000,BN12-EUR-02-2000-E46-BMW-320Ci,3 Series E46,E46,320Ci,BN12,Coupe,EUR,2000-02,2003-03
BS11-EUR-02-2000,BS11-EUR-02-2000-E46-BMW-320Ci,3 Series E46,E46,320Ci,BS11,Convertible,EUR,2000-02,2003-03
BS12-EUR-02-2000,BS12-EUR-02-2000-E46-BMW-320Ci,3 Series E46,E46,320Ci,BS12,Convertible,EUR,2000-02,2003-03
BS31-EUR-02-2000,BS31-EUR-02-2000-E46-BMW-325Ci,3 Series E46,E46,325Ci,BS31,Convertible,EUR,2000-02,2003-03
BS32-EUR-02-2000,BS32-EUR-02-2000-E46-BMW-325Ci,3 Series E46,E46,325Ci,BS32,Convertible,EUR,2000-02,2003-03
BS33-USA-02-2000,BS33-USA-02-2000-E46-BMW-325Ci,3 Series E46,E46,325Ci,BS33,Convertible,USA,2000-02,2003-03
CL93-USA-02-2000,CL93-USA-02-2000-Z3-BMW-Z3_M,Z3 E36,Z3,Z3 M,CL93,Roadster,USA,2000-02,2002-05
GL63-USA-02-2000,GL63-USA-02-2000-E65-BMW-745i,7 Series E65,E65,745i,GL63,Sedan,USA,2000-02,2005-02
AN55-EUR-03-2000,AN55-EUR-03-2000-E46-BMW-330i,3 Series E46,E46,330i,AN55,Sedan,EUR,2000-03,2001-09
AN56-EUR-03-2000,AN56-EUR-03-2000-E46-BMW-330i,3 Series E46,E46,330i,AN56,Sedan,EUR,2000-03,2001-09
AT31-EUR-03-2000,AT31-EUR-03-2000-E46-BMW-325ti,3 Series E46,E46,325ti,AT31,Compact,EUR,2000-03,2004-12
AT51-EUR-03-2000,AT51-EUR-03-2000-E46-BMW-316ti,3 Series E46,E46,316ti,AT51,Compact,EUR,2000-03,2004-02
AT52-EUR-03-2000,AT52-EUR-03-2000-E46-BMW-316ti,3 Series E46,E46,316ti,AT52,Compact,EUR,2000-03,2004-02
BL92-EUR-03-2000,BL92-EUR-03-2000-E46-BMW-M3,3 Series E46,E46,M3,BL92,Coupe,EUR,2000-03,2006-05
CL91-EUR-03-2000,CL91-EUR-03-2000-Z3-BMW-Z3_M,Z3 E36,Z3,Z3 M,CL91,Roadster,EUR,2000-03,2002-05
CN91-EUR-03-2000,CN91-EUR-03-2000-Z3-BMW-Z3_M,Z3 E36,Z3,Z3 M,CN91,Coupe,EUR,2000-03,2002-05
CN93-USA-03-2000,CN93-USA-03-2000-Z3-BMW-Z3_M,Z3 E36,Z3,Z3 M,CN93,Coupe,USA,2000-03,2002-05
DM66-IDN-03-2000,DM66-IDN-03-2000-E39-BMW-528i,5 Series E39,E39,528i,DM66,Sedan,IDN,2000-03,2000-07
DT21-EUR-03-2000,DT21-EUR-03-2000-E39-BMW-520i,5 Series E39,E39,520i,DT21,Sedan,EUR,2000-03,2003-07
DT41-EUR-03-2000,DT41-EUR-03-2000-E39-BMW-525i,5 Series E39,E39,525i,DT41,Sedan,EUR,2000-03,2003-06
DT61-EUR-03-2000,DT61-EUR-03-2000-E39-BMW-530i,5 Series E39,E39,530i,DT61,Sedan,EUR,2000-03,2003-07
GL41-EUR-03-2000,GL41-EUR-03-2000-E65-BMW-735i,7 Series E65,E65,735i,GL41,Sedan,EUR,2000-03,2005-02
GL61-EUR-03-2000,GL61-EUR-03-2000-E65-BMW-745i,7 Series E65,E65,745i,GL61,Sedan,EUR,2000-03,2005-02
AS33-USA-04-2000,AS33-USA-04-2000-E46-BMW-325xi,3 Series E46,E46,325xi,AS33,Sedan,USA,2000-04,2001-08
BR91-EUR-04-2000,BR91-EUR-04-2000-E46-BMW-M3,3 Series E46,E46,M3,BR91,Convertible,EUR,2000-04,2006-08
CL92-EUR-04-2000,CL92-EUR-04-2000-Z3-BMW-Z3_M,Z3 E36,Z3,Z3 M,CL92,Roadster,EUR,2000-04,2002-04
DS11-EUR-04-2000,DS11-EUR-04-2000-E39-BMW-520i,5 Series E39,E39,520i,DS11,Touring,EUR,2000-04,2003-12
DS21-EUR-04-2000,DS21-EUR-04-2000-E39-BMW-520i,5 Series E39,E39,520i,DS21,Touring,EUR,2000-04,2003-12
DS31-EUR-04-2000,DS31-EUR-04-2000-E39-BMW-525i,5 Series E39,E39,525i,DS31,Touring,EUR,2000-04,2003-12
DS41-EUR-04-2000,DS41-EUR-04-2000-E39-BMW-525i,5 Series E39,E39,525i,DS41,Touring,EUR,2000-04,2003-12
DS43-USA-04-2000,DS43-USA-04-2000-E39-BMW-525i,5 Series E39,E39,525i,DS43,Touring,USA,2000-04,2003-06
DS61-EUR-04-2000,DS61-EUR-04-2000-E39-BMW-530i,5 Series E39,E39,530i,DS61,Touring,EUR,2000-04,2003-12
DT43-USA-04-2000,DT43-USA-04-2000-E39-BMW-525i,5 Series E39,E39,525i,DT43,Sedan,USA,2000-04,2003-06
DT51-EUR-04-2000,DT51-EUR-04-2000-E39-BMW-530i,5 Series E39,E39,530i,DT51,Sedan,EUR,2000-04,2003-06
DT53-USA-04-2000,DT53-USA-04-2000-E39-BMW-530i,5 Series E39,E39,530i,DT53,Sedan,USA,2000-04,2003-06
DT63-USA-04-2000,DT63-USA-04-2000-E39-BMW-530i,5 Series E39,E39,530i,DT63,Sedan,USA,2000-04,2003-06
AT71-EUR-05-2000,AT71-EUR-05-2000-E46-BMW-320td,3 Series E46,E46,320td,AT71,Compact,EUR,2000-05,2004-12
BR93-USA-05-2000,BR93-USA-05-2000-E46-BMW-M3,3 Series E46,E46,M3,BR93,Convertible,USA,2000-05,2006-08
DS33-USA-05-2000,DS33-USA-05-2000-E39-BMW-525i,5 Series E39,E39,525i,DS33,Touring,USA,2000-05,2003-06
DT22-EUR-05-2000,DT22-EUR-05-2000-E39-BMW-520i,5 Series E39,E39,520i,DT22,Sedan,EUR,2000-05,2003-07
DT33-USA-05-2000,DT33-USA-05-2000-E39-BMW-525i,5 Series E39,E39,525i,DT33,Sedan,USA,2000-05,2003-07
FA52-EUR-05-2000,FA52-EUR-05-2000-E53-BMW-X5_30i,X5 E53,E53,X5 3.0i,FA52,SUV,EUR,2000-05,2003-09
AN15-EUR-06-2000,AN15-EUR-06-2000-E46-BMW-320i,3 Series E46,E46,320i,AN15,Sedan,EUR,2000-06,2001-07
AN16-EUR-06-2000,AN16-EUR-06-2000-E46-BMW-320i,3 Series E46,E46,320i,AN16,Sedan,EUR,2000-06,2001-09
AN35-EUR-06-2000,AN35-EUR-06-2000-E46-BMW-325i,3 Series E46,E46,325i,AN35,Sedan,EUR,2000-06,2001-09
AN36-EUR-06-2000,AN36-EUR-06-2000-E46-BMW-325i,3 Series E46,E46,325i,AN36,Sedan,EUR,2000-06,2001-09
AN37-USA-06-2000,AN37-USA-06-2000-E46-BMW-325i,3 Series E46,E46,325i,AN37,Sedan,USA,2000-06,2001-09
DT12-EUR-06-2000,DT12-EUR-06-2000-E39-BMW-520i,5 Series E39,E39,520i,DT12,Sedan,EUR,2000-06,2003-06
DT32-EUR-06-2000,DT32-EUR-06-2000-E39-BMW-525i,5 Series E39,E39,525i,DT32,Sedan,EUR,2000-06,2003-06
DT52-EUR-06-2000,DT52-EUR-06-2000-E39-BMW-530i,5 Series E39,E39,530i,DT52,Sedan,EUR,2000-06,2003-06
DT62-EUR-06-2000,DT62-EUR-06-2000-E39-BMW-530i,5 Series E39,E39,530i,DT62,Sedan,EUR,2000-06,2003-06
GN41-EUR-06-2000,GN41-EUR-06-2000-E66-BMW-735Li,7 Series E66,E66,735Li,GN41,Sedan,EUR,2000-06,2005-02
GN61-EUR-06-2000,GN61-EUR-06-2000-E66-BMW-745Li,7 Series E66,E66,745Li,GN61,Sedan,EUR,2000-06,2005-02
GN63-USA-06-2000,GN63-USA-06-2000-E66-BMW-745Li,7 Series E66,E66,745Li,GN63,Sedan,USA,2000-06,2005-02
AL18-VNM-07-2000,AL18-VNM-07-2000-E46-BMW-318i,3 Series E46,E46,318i,AL18,Sedan,VNM,2000-07,2001-05
FA72-EUR-07-2000,FA72-EUR-07-2000-E53-BMW-X5_30d,X5 E53,E53,X5 3.0d,FA72,SUV,EUR,2000-07,2003-09
DS12-EUR-08-2000,DS12-EUR-08-2000-E39-BMW-520i,5 Series E39,E39,520i,DS12,Touring,EUR,2000-08,2003-12
DS22-EUR-08-2000,DS22-EUR-08-2000-E39-BMW-520i,5 Series E39,E39,520i,DS22,Touring,EUR,2000-08,2003-12
DS32-EUR-08-2000,DS32-EUR-08-2000-E39-BMW-525i,5 Series E39,E39,525i,DS32,Touring,EUR,2000-08,2003-12
DT42-EUR-08-2000,DT42-EUR-08-2000-E39-BMW-525i,5 Series E39,E39,525i,DT42,Sedan,EUR,2000-08,2003-06
DT46-EGY-08-2000,DT46-EGY-08-2000-E39-BMW-525i,5 Series E39,E39,525i,DT46,Sedan,EGY,2000-08,2003-04
AV35-MYS-09-2000,AV35-MYS-09-2000-E46-BMW-325i,3 Series E46,E46,325i,AV35,Sedan,MYS,2000-09,2001-07
AV36-IDN-09-2000,AV36-IDN-09-2000-E46-BMW-325i,3 Series E46,E46,325i,AV36,Sedan,IDN,2000-09,2001-07
AV39-MEX-09-2000,AV39-MEX-09-2000-E46-BMW-325i,3 Series E46,E46,325i,AV39,Sedan,MEX,2000-09,2001-08
CN92-EUR-09-2000,CN92-EUR-09-2000-Z3-BMW-Z3_M,Z3 E36,Z3,Z3 M,CN92,Coupe,EUR,2000-09,2002-04
DL02-EUR-09-2000,DL02-EUR-09-2000-E39-BMW-525d,5 Series E39,E39,525d,DL02,Sedan,EUR,2000-09,2003-07
DS52-EUR-09-2000,DS52-EUR-09-2000-E39-BMW-530i,5 Series E39,E39,530i,DS52,Touring,EUR,2000-09,2003-12
DT35-RUS-09-2000,DT35-RUS-09-2000-E39-BMW-525i,5 Series E39,E39,525i,DT35,Sedan,RUS,2000-09,2003-06
DT44-MYS-09-2000,DT44-MYS-09-2000-E39-BMW-525i,5 Series E39,E39,525i,DT44,Sedan,MYS,2000-09,2003-04
DT45-RUS-09-2000,DT45-RUS-09-2000-E39-BMW-525i,5 Series E39,E39,525i,DT45,Sedan,RUS,2000-09,2003-01
DT65-RUS-09-2000,DT65-RUS-09-2000-E39-BMW-530i,5 Series E39,E39,530i,DT65,Sedan,RUS,2000-09,2002-09
DT66-IDN-09-2000,DT66-IDN-09-2000-E39-BMW-530i,5 Series E39,E39,530i,DT66,Sedan,IDN,2000-09,2003-02
DT66-THA-09-2000,DT66-THA-09-2000-E39-BMW-530i,5 Series E39,E39,530i,DT66,Sedan,THA,2000-09,2003-02
AS71-EUR-10-2000,AS71-EUR-10-2000-E46-BMW-320d,3 Series E46,E46,320d,AS71,Sedan,EUR,2000-10,2005-01
AT32-EUR-10-2000,AT32-EUR-10-2000-E46-BMW-325ti,3 Series E46,E46,325ti,AT32,Compact,EUR,2000-10,2004-12
BR92-EUR-10-2000,BR92-EUR-10-2000-E46-BMW-M3,3 Series E46,E46,M3,BR92,Convertible,EUR,2000-10,2006-08
DT47-IDN-10-2000,DT47-IDN-10-2000-E39-BMW-525i,5 Series E39,E39,525i,DT47,Sedan,IDN,2000-10,2001-05
AS72-EUR-11-2000,AS72-EUR-11-2000-E46-BMW-320d,3 Series E46,E46,320d,AS72,Sedan,EUR,2000-11,2005-01
AV37-PHL-11-2000,AV37-PHL-11-2000-E46-BMW-325i,3 Series E46,E46,325i,AV37,Sedan,PHL,2000-11,2001-04
AL58-RUS-12-2000,AL58-RUS-12-2000-E46-BMW-318i,3 Series E46,E46,318i,AL58,Sedan,RUS,2000-12,2001-08
AX51-EUR-12-2000,AX51-EUR-12-2000-E46-BMW-318i,3 Series E46,E46,318i,AX51,Touring,EUR,2000-12,2004-02
AY71-EUR-12-2000,AY71-EUR-12-2000-E46-BMW-318i,3 Series E46,E46,318i,AY71,Sedan,EUR,2000-12,2004-02
AY72-EUR-12-2000,AY72-EUR-12-2000-E46-BMW-318i,3 Series E46,E46,318i,AY72,Sedan,EUR,2000-12,2004-02
BP71-EUR-12-2000,BP71-EUR-12-2000-E46-BMW-318Ci,3 Series E46,E46,318Ci,BP71,Convertible,EUR,2000-12,2003-03
BV71-EUR-12-2000,BV71-EUR-12-2000-E46-BMW-318Ci,3 Series E46,E46,318Ci,BV71,Coupe,EUR,2000-12,2003-03
DP92-EUR-12-2000,DP92-EUR-12-2000-E39-BMW-525d,5 Series E39,E39,525d,DP92,Touring,EUR,2000-12,2003-12
AV18-RUS-01-2001,AV18-RUS-01-2001-E46-BMW-320i,3 Series E46,E46,320i,AV18,Sedan,RUS,2001-01,2001-08
FB91-EUR-01-2001,FB91-EUR-01-2001-E53-BMW-X5_46is,X5 E53,E53,X5 4.6is,FB91,SUV,EUR,2001-01,2003-09
FB92-EUR-01-2001,FB92-EUR-01-2001-E53-BMW-X5_46is,X5 E53,E53,X5 4.6is,FB92,SUV,EUR,2001-01,2003-09
FB93-USA-01-2001,FB93-USA-01-2001-E53-BMW-X5_46is,X5 E53,E53,X5 4.6is,FB93,SUV,USA,2001-01,2003-09
GL42-EUR-01-2001,GL42-EUR-01-2001-E65-BMW-735i,7 Series E65,E65,735i,GL42,Sedan,EUR,2001-01,2005-02
GL62-EUR-01-2001,GL62-EUR-01-2001-E65-BMW-745i,7 Series E65,E65,745i,GL62,Sedan,EUR,2001-01,2005-02
AT72-EUR-03-2001,AT72-EUR-03-2001-E46-BMW-320td,3 Series E46,E46,320td,AT72,Compact,EUR,2001-03,2004-12
AU51-EUR-03-2001,AU51-EUR-03-2001-E46-BMW-318ti,3 Series E46,E46,318ti,AU51,Compact,EUR,2001-03,2004-02
AX52-EUR-03-2001,AX52-EUR-03-2001-E46-BMW-318i,3 Series E46,E46,318i,AX52,Touring,EUR,2001-03,2004-02
BP72-EUR-03-2001,BP72-EUR-03-2001-E46-BMW-318Ci,3 Series E46,E46,318Ci,BP72,Convertible,EUR,2001-03,2003-03
BV72-EUR-03-2001,BV72-EUR-03-2001-E46-BMW-318Ci,3 Series E46,E46,318Ci,BV72,Coupe,EUR,2001-03,2003-03
DT26-EGY-03-2001,DT26-EGY-03-2001-E39-BMW-520i,5 Series E39,E39,520i,DT26,Sedan,EGY,2001-03,2003-04
EL91-EUR-03-2001,EL91-EUR-03-2001-E46-BMW-330d,3 Series E46,E46,330d,EL91,Touring,EUR,2001-03,2003-03
EN33-USA-03-2001,EN33-USA-03-2001-E46-BMW-325i,3 Series E46,E46,325i,EN33,Touring,USA,2001-03,2005-05
EN51-EUR-03-2001,EN51-EUR-03-2001-E46-BMW-330i,3 Series E46,E46,330i,EN51,Touring,EUR,2001-03,2005-07
EP51-EUR-03-2001,EP51-EUR-03-2001-E46-BMW-330xi,3 Series E46,E46,330xi,EP51,Touring,EUR,2001-03,2005-05
EP71-EUR-03-2001,EP71-EUR-03-2001-E46-BMW-330xd,3 Series E46,E46,330xd,EP71,Touring,EUR,2001-03,2003-03
ER91-EUR-03-2001,ER91-EUR-03-2001-E46-BMW-330d,3 Series E46,E46,330d,ER91,Sedan,EUR,2001-03,2003-02
EU31-EUR-03-2001,EU31-EUR-03-2001-E46-BMW-325xi,3 Series E46,E46,325xi,EU31,Sedan,EUR,2001-03,2004-12
EU51-EUR-03-2001,EU51-EUR-03-2001-E46-BMW-318d,3 Series E46,E46,318d,EU51,Sedan,EUR,2001-03,2003-02
EV11-EUR-03-2001,EV11-EUR-03-2001-E46-BMW-320i,3 Series E46,E46,320i,EV11,Sedan,EUR,2001-03,2005-01
EV31-EUR-03-2001,EV31-EUR-03-2001-E46-BMW-325i,3 Series E46,E46,325i,EV31,Sedan,EUR,2001-03,2005-01
EV32-EUR-03-2001,EV32-EUR-03-2001-E46-BMW-325i,3 Series E46,E46,325i,EV32,Sedan,EUR,2001-03,2005-01
EV33-USA-03-2001,EV33-USA-03-2001-E46-BMW-325i,3 Series E46,E46,325i,EV33,Sedan,USA,2001-03,2005-01
EV51-EUR-03-2001,EV51-EUR-03-2001-E46-BMW-330i,3 Series E46,E46,330i,EV51,Sedan,EUR,2001-03,2005-01
EV53-USA-03-2001,EV53-USA-03-2001-E46-BMW-330i,3 Series E46,E46,330i,EV53,Sedan,USA,2001-03,2005-01
EW51-EUR-03-2001,EW51-EUR-03-2001-E46-BMW-330xi,3 Series E46,E46,330xi,EW51,Sedan,EUR,2001-03,2004-12
AP72-EUR-04-2001,AP72-EUR-04-2001-E46-BMW-320d,3 Series E46,E46,320d,AP72,Touring,EUR,2001-04,2005-06
AU52-EUR-04-2001,AU52-EUR-04-2001-E46-BMW-318ti,3 Series E46,E46,318ti,AU52,Compact,EUR,2001-04,2004-02
AZ12-EUR-04-2001,AZ12-EUR-04-2001-E46-BMW-320d,3 Series E46,E46,320d,AZ12,Sedan,EUR,2001-04,2005-02
AZ72-EUR-04-2001,AZ72-EUR-04-2001-E46-BMW-318i,3 Series E46,E46,318i,AZ72,Sedan,EUR,2001-04,2004-03
DT24-MYS-04-2001,DT24-MYS-04-2001-E39-BMW-520i,5 Series E39,E39,520i,DT24,Sedan,MYS,2001-04,2003-06
DT27-IDN-04-2001,DT27-IDN-04-2001-E39-BMW-520i,5 Series E39,E39,520i,DT27,Sedan,IDN,2001-04,2003-04
EN31-EUR-04-2001,EN31-EUR-04-2001-E46-BMW-325i,3 Series E46,E46,325i,EN31,Touring,EUR,2001-04,2005-07
EP31-EUR-04-2001,EP31-EUR-04-2001-E46-BMW-325xi,3 Series E46,E46,325xi,EP31,Touring,EUR,2001-04,2005-05
ER11-EUR-04-2001,ER11-EUR-04-2001-E46-BMW-316i_19,3 Series E46,E46,316i 1.9,ER11,Sedan,EUR,2001-04,2002-02
ER12-EUR-04-2001,ER12-EUR-04-2001-E46-BMW-316i_19,3 Series E46,E46,316i 1.9,ER12,Sedan,EUR,2001-04,2002-03
ES92-EUR-04-2001,ES92-EUR-04-2001-E46-BMW-330d,3 Series E46,E46,330d,ES92,Sedan,EUR,2001-04,2003-04
ET16-EUR-04-2001,ET16-EUR-04-2001-E46-BMW-320i,3 Series E46,E46,320i,ET16,Sedan,EUR,2001-04,2005-02
ET37-USA-04-2001,ET37-USA-04-2001-E46-BMW-325i,3 Series E46,E46,325i,ET37,Sedan,USA,2001-04,2005-02
ET56-EUR-04-2001,ET56-EUR-04-2001-E46-BMW-330i,3 Series E46,E46,330i,ET56,Sedan,EUR,2001-04,2005-02
EV12-EUR-04-2001,EV12-EUR-04-2001-E46-BMW-320i,3 Series E46,E46,320i,EV12,Sedan,EUR,2001-04,2005-01
EV13-USA-04-2001,EV13-USA-04-2001-E46-BMW-320i,3 Series E46,E46,320i,EV13,Sedan,USA,2001-04,2004-12
EV52-EUR-04-2001,EV52-EUR-04-2001-E46-BMW-330i,3 Series E46,E46,330i,EV52,Sedan,EUR,2001-04,2004-12
EV91-EUR-04-2001,EV91-EUR-04-2001-E46-BMW-330xd,3 Series E46,E46,330xd,EV91,Sedan,EUR,2001-04,2003-02
AY31-EUR-05-2001,AY31-EUR-05-2001-E46-BMW-316i,3 Series E46,E46,316i,AY31,Sedan,EUR,2001-05,2004-02
AZ71-EUR-05-2001,AZ71-EUR-05-2001-E46-BMW-318i,3 Series E46,E46,318i,AZ71,Sedan,EUR,2001-05,2004-03
DT68-MYS-05-2001,DT68-MYS-05-2001-E39-BMW-530i,5 Series E39,E39,530i,DT68,Sedan,MYS,2001-05,2003-02
EN11-EUR-05-2001,EN11-EUR-05-2001-E46-BMW-320i,3 Series E46,E46,320i,EN11,Touring,EUR,2001-05,2005-07
EN12-EUR-05-2001,EN12-EUR-05-2001-E46-BMW-320i,3 Series E46,E46,320i,EN12,Touring,EUR,2001-05,2005-06
EN32-EUR-05-2001,EN32-EUR-05-2001-E46-BMW-325i,3 Series E46,E46,325i,EN32,Touring,EUR,2001-05,2005-06
EN52-EUR-05-2001,EN52-EUR-05-2001-E46-BMW-330i,3 Series E46,E46,330i,EN52,Touring,EUR,2001-05,2005-06
EP33-USA-05-2001,EP33-USA-05-2001-E46-BMW-325xi,3 Series E46,E46,325xi,EP33,Touring,USA,2001-05,2005-05
ET15-EUR-05-2001,ET15-EUR-05-2001-E46-BMW-320i,3 Series E46,E46,320i,ET15,Sedan,EUR,2001-05,2005-01
ET35-EUR-05-2001,ET35-EUR-05-2001-E46-BMW-325i,3 Series E46,E46,325i,ET35,Sedan,EUR,2001-05,2004-12
ET36-EUR-05-2001,ET36-EUR-05-2001-E46-BMW-325i,3 Series E46,E46,325i,ET36,Sedan,EUR,2001-05,2005-02
ET55-EUR-05-2001,ET55-EUR-05-2001-E46-BMW-330i,3 Series E46,E46,330i,ET55,Sedan,EUR,2001-05,2005-01
EU33-USA-05-2001,EU33-USA-05-2001-E46-BMW-325xi,3 Series E46,E46,325xi,EU33,Sedan,USA,2001-05,2004-12
EW53-USA-05-2001,EW53-USA-05-2001-E46-BMW-330xi,3 Series E46,E46,330xi,EW53,Sedan,USA,2001-05,2004-12
AT11-EUR-06-2001,AT11-EUR-06-2001-E46-BMW-316ti,3 Series E46,E46,316ti,AT11,Compact,EUR,2001-06,2004-02
AY11-EUR-06-2001,AY11-EUR-06-2001-E46-BMW-316i,3 Series E46,E46,316i,AY11,Sedan,EUR,2001-06,2004-02
DT48-VNM-06-2001,DT48-VNM-06-2001-E39-BMW-525i,5 Series E39,E39,525i,DT48,Sedan,VNM,2001-06,2003-06
BM71-EUR-07-2001,BM71-EUR-07-2001-E46-BMW-316Ci,3 Series E46,E46,316Ci,BM71,Coupe,EUR,2001-07,2003-02
EL92-EUR-08-2001,EL92-EUR-08-2001-E46-BMW-330d,3 Series E46,E46,330d,EL92,Touring,EUR,2001-08,2003-02
ER51-EUR-08-2001,ER51-EUR-08-2001-E46-BMW-316i_16,3 Series E46,E46,316i 1.6,ER51,Sedan,EUR,2001-08,2002-02
ER92-EUR-08-2001,ER92-EUR-08-2001-E46-BMW-330d,3 Series E46,E46,330d,ER92,Sedan,EUR,2001-08,2003-02
AY74-MYS-09-2001,AY74-MYS-09-2001-E46-BMW-318i,3 Series E46,E46,318i,AY74,Sedan,MYS,2001-09,2003-12
AY75-THA-09-2001,AY75-THA-09-2001-E46-BMW-318i,3 Series E46,E46,318i,AY75,Sedan,THA,2001-09,2003-11
AY76-EGY-09-2001,AY76-EGY-09-2001-E46-BMW-318i,3 Series E46,E46,318i,AY76,Sedan,EGY,2001-09,2002-08
AY77-IDN-09-2001,AY77-IDN-09-2001-E46-BMW-318i,3 Series E46,E46,318i,AY77,Sedan,IDN,2001-09,2003-10
AY79-PHL-09-2001,AY79-PHL-09-2001-E46-BMW-318i,3 Series E46,E46,318i,AY79,Sedan,PHL,2001-09,2004-01
AY98-RUS-09-2001,AY98-RUS-09-2001-E46-BMW-318i,3 Series E46,E46,318i,AY98,Sedan,RUS,2001-09,2003-11
ES35-THA-09-2001,ES35-THA-09-2001-E46-BMW-323i_24,3 Series E46,E46,323i 2.4,ES35,Sedan,THA,2001-09,2003-04
EV18-RUS-09-2001,EV18-RUS-09-2001-E46-BMW-320i,3 Series E46,E46,320i,EV18,Sedan,RUS,2001-09,2004-08
EV35-MYS-09-2001,EV35-MYS-09-2001-E46-BMW-325i,3 Series E46,E46,325i,EV35,Sedan,MYS,2001-09,2004-10
EV36-IDN-09-2001,EV36-IDN-09-2001-E46-BMW-325i,3 Series E46,E46,325i,EV36,Sedan,IDN,2001-09,2004-05
EV39-MEX-09-2001,EV39-MEX-09-2001-E46-BMW-325i,3 Series E46,E46,325i,EV39,Sedan,MEX,2001-09,2003-01
EV55-THA-09-2001,EV55-THA-09-2001-E46-BMW-330i,3 Series E46,E46,330i,EV55,Sedan,THA,2001-09,2003-09
AX31-EUR-10-2001,AX31-EUR-10-2001-E46-BMW-316i,3 Series E46,E46,316i,AX31,Touring,EUR,2001-10,2004-02
AY32-EUR-10-2001,AY32-EUR-10-2001-E46-BMW-316i,3 Series E46,E46,316i,AY32,Sedan,EUR,2001-10,2004-02
AY78-VNM-10-2001,AY78-VNM-10-2001-E46-BMW-318i,3 Series E46,E46,318i,AY78,Sedan,VNM,2001-10,2003-09
EL51-EUR-10-2001,EL51-EUR-10-2001-E46-BMW-318d,3 Series E46,E46,318d,EL51,Touring,EUR,2001-10,2003-03
ER55-PHL-10-2001,ER55-PHL-10-2001-E46-BMW-316i_16,3 Series E46,E46,316i 1.6,ER55,Sedan,PHL,2001-10,2002-02
EV37-PHL-10-2001,EV37-PHL-10-2001-E46-BMW-325i,3 Series E46,E46,325i,EV37,Sedan,PHL,2001-10,2004-01
GN62-EUR-10-2001,GN62-EUR-10-2001-E66-BMW-745Li,7 Series E66,E66,745Li,GN62,Sedan,EUR,2001-10,2005-02
AX32-EUR-11-2001,AX32-EUR-11-2001-E46-BMW-316i,3 Series E46,E46,316i,AX32,Touring,EUR,2001-11,2004-02
GM21-EUR-11-2001,GM21-EUR-11-2001-E65-BMW-730d,7 Series E65,E65,730d,GM21,Sedan,EUR,2001-11,2005-02
GM41-EUR-11-2001,GM41-EUR-11-2001-E65-BMW-740d,7 Series E65,E65,740d,GM41,Sedan,EUR,2001-11,2005-02
GN42-EUR-11-2001,GN42-EUR-11-2001-E66-BMW-735Li,7 Series E66,E66,735Li,GN42,Sedan,EUR,2001-11,2005-02
AX13-USA-12-2001,AX13-USA-12-2001-E46-BMW-325i,3 Series E46,E46,325i,AX13,Touring,USA,2001-12,2005-01
AZ33-USA-12-2001,AZ33-USA-12-2001-E46-BMW-325i,3 Series E46,E46,325i,AZ33,Sedan,USA,2001-12,2004-12
BN73-USA-12-2001,BN73-USA-12-2001-E46-BMW-325Ci,3 Series E46,E46,325Ci,BN73,Coupe,USA,2001-12,2003-03
NA71-EUR-12-2001,NA71-EUR-12-2001-E60-BMW-530i,5 Series E60,E60,530i,NA71,Sedan,EUR,2001-12,2005-02
BT33-USA-01-2002,BT33-USA-01-2002-E85-BMW-Z4_25i,Z4 E85,E85,Z4 2.5i,BT33,Roadster,USA,2002-01,2005-11
BT53-USA-01-2002,BT53-USA-01-2002-E85-BMW-Z4_30i,Z4 E85,E85,Z4 3.0i,BT53,Roadster,USA,2002-01,2005-11
NA51-EUR-01-2002,NA51-EUR-01-2002-E60-BMW-525i,5 Series E60,E60,525i,NA51,Sedan,EUR,2002-01,2005-02
NA73-USA-01-2002,NA73-USA-01-2002-E60-BMW-530i,5 Series E60,E60,530i,NA73,Sedan,USA,2002-01,2005-02
GL81-EUR-02-2002,GL81-EUR-02-2002-E65-BMW-760i,7 Series E65,E65,760i,GL81,Sedan,EUR,2002-02,2005-02
GN81-EUR-02-2002,GN81-EUR-02-2002-E66-BMW-760Li,7 Series E66,E66,760Li,GN81,Sedan,EUR,2002-02,2005-02
NA31-EUR-02-2002,NA31-EUR-02-2002-E60-BMW-520i,5 Series E60,E60,520i,NA31,Sedan,EUR,2002-02,2005-02
NB31-EUR-02-2002,NB31-EUR-02-2002-E60-BMW-545i,5 Series E60,E60,545i,NB31,Sedan,EUR,2002-02,2005-08
NB33-USA-02-2002,NB33-USA-02-2002-E60-BMW-545i,5 Series E60,E60,545i,NB33,Sedan,USA,2002-02,2005-08
NC51-EUR-02-2002,NC51-EUR-02-2002-E60-BMW-525d,5 Series E60,E60,525d,NC51,Sedan,EUR,2002-02,2007-02
NC71-EUR-02-2002,NC71-EUR-02-2002-E60-BMW-530d,5 Series E60,E60,530d,NC71,Sedan,EUR,2002-02,2005-09
AY15-PHL-03-2002,AY15-PHL-03-2002-E46-BMW-316i,3 Series E46,E46,316i,AY15,Sedan,PHL,2002-03,2004-01
GN82-EUR-03-2002,GN82-EUR-03-2002-E66-BMW-760Li,7 Series E66,E66,760Li,GN82,Sedan,EUR,2002-03,2005-02
GN83-USA-03-2002,GN83-USA-03-2002-E66-BMW-760Li,7 Series E66,E66,760Li,GN83,Sedan,USA,2002-03,2005-02
NA53-USA-03-2002,NA53-USA-03-2002-E60-BMW-525i,5 Series E60,E60,525i,NA53,Sedan,USA,2002-03,2005-02
BT31-EUR-04-2002,BT31-EUR-04-2002-E85-BMW-Z4_25i,Z4 E85,E85,Z4 2.5i,BT31,Roadster,EUR,2002-04,2005-11
BT51-EUR-04-2002,BT51-EUR-04-2002-E85-BMW-Z4_30i,Z4 E85,E85,Z4 3.0i,BT51,Roadster,EUR,2002-04,2005-11
GL82-EUR-04-2002,GL82-EUR-04-2002-E65-BMW-760i,7 Series E65,E65,760i,GL82,Sedan,EUR,2002-04,2004-10
EH73-USA-05-2002,EH73-USA-05-2002-E63-BMW-645Ci,6 Series E63,E63,645Ci,EH73,Coupe,USA,2002-05,2005-08
EJ23-USA-05-2002,EJ23-USA-05-2002-E52-BMW-BMW_ALPINA_V8,Z8 E52,E52,BMW ALPINA V8,EJ23,Roadster,USA,2002-05,2003-07
EH71-EUR-06-2002,EH71-EUR-06-2002-E63-BMW-645Ci,6 Series E63,E63,645Ci,EH71,Coupe,EUR,2002-06,2005-08
EV38-VNM-06-2002,EV38-VNM-06-2002-E46-BMW-325i,3 Series E46,E46,325i,EV38,Sedan,VNM,2002-06,2005-01
NA72-EUR-06-2002,NA72-EUR-06-2002-E60-BMW-530i,5 Series E60,E60,530i,NA72,Sedan,EUR,2002-06,2005-02
GL21-EUR-07-2002,GL21-EUR-07-2002-E65-BMW-730i,7 Series E65,E65,730i,GL21,Sedan,EUR,2002-07,2005-02
GN45-THA-07-2002,GN45-THA-07-2002-E66-BMW-735Li,7 Series E66,E66,735Li,GN45,Sedan,THA,2002-07,2004-05
AT91-EUR-08-2002,AT91-EUR-08-2002-E46-BMW-318td,3 Series E46,E46,318td,AT91,Compact,EUR,2002-08,2004-12
BD31-EUR-08-2002,BD31-EUR-08-2002-E46-BMW-325Ci,3 Series E46,E46,325Ci,BD31,Coupe,EUR,2002-08,2006-05
BT32-EUR-08-2002,BT32-EUR-08-2002-E85-BMW-Z4_25i,Z4 E85,E85,Z4 2.5i,BT32,Roadster,EUR,2002-08,2005-11
BT52-EUR-08-2002,BT52-EUR-08-2002-E85-BMW-Z4_30i,Z4 E85,E85,Z4 3.0i,BT52,Roadster,EUR,2002-08,2005-11
BV91-EUR-08-2002,BV91-EUR-08-2002-E46-BMW-330Cd,3 Series E46,E46,330Cd,BV91,Coupe,EUR,2002-08,2006-05
BW51-EUR-08-2002,BW51-EUR-08-2002-E46-BMW-330Ci,3 Series E46,E46,330Ci,BW51,Convertible,EUR,2002-08,2006-08
ED91-EUR-08-2002,ED91-EUR-08-2002-E46-BMW-330d,3 Series E46,E46,330d,ED91,Sedan,EUR,2002-08,2005-01
EL71-EUR-08-2002,EL71-EUR-08-2002-E46-BMW-318d,3 Series E46,E46,318d,EL71,Touring,EUR,2002-08,2005-07
EU71-EUR-08-2002,EU71-EUR-08-2002-E46-BMW-318d,3 Series E46,E46,318d,EU71,Sedan,EUR,2002-08,2005-01
EX71-EUR-08-2002,EX71-EUR-08-2002-E46-BMW-330xd,3 Series E46,E46,330xd,EX71,Touring,EUR,2002-08,2005-05
BD51-EUR-09-2002,BD51-EUR-09-2002-E46-BMW-330Ci,3 Series E46,E46,330Ci,BD51,Coupe,EUR,2002-09,2006-05
BD52-EUR-09-2002,BD52-EUR-09-2002-E46-BMW-330Ci,3 Series E46,E46,330Ci,BD52,Coupe,EUR,2002-09,2006-05
BD53-USA-09-2002,BD53-USA-09-2002-E46-BMW-330Ci,3 Series E46,E46,330Ci,BD53,Coupe,USA,2002-09,2006-05
BD71-EUR-09-2002,BD71-EUR-09-2002-E46-BMW-316Ci,3 Series E46,E46,316Ci,BD71,Coupe,EUR,2002-09,2004-02
BL95-EUR-09-2002,BL95-EUR-09-2002-E46-BMW-M3_CSL,3 Series E46,E46,M3 CSL,BL95,Coupe,EUR,2002-09,2003-12
BL96-EUR-09-2002,BL96-EUR-09-2002-E46-BMW-M3_CSL,3 Series E46,E46,M3 CSL,BL96,Coupe,EUR,2002-09,2003-12
BW31-EUR-09-2002,BW31-EUR-09-2002-E46-BMW-325Ci,3 Series E46,E46,325Ci,BW31,Convertible,EUR,2002-09,2006-08
BW33-USA-09-2002,BW33-USA-09-2002-E46-BMW-325Ci,3 Series E46,E46,325Ci,BW33,Convertible,USA,2002-09,2006-08
BW52-EUR-09-2002,BW52-EUR-09-2002-E46-BMW-330Ci,3 Series E46,E46,330Ci,BW52,Convertible,EUR,2002-09,2006-08
BW53-USA-09-2002,BW53-USA-09-2002-E46-BMW-330Ci,3 Series E46,E46,330Ci,BW53,Convertible,USA,2002-09,2006-08
ED71-EUR-09-2002,ED71-EUR-09-2002-E46-BMW-330xd,3 Series E46,E46,330xd,ED71,Sedan,EUR,2002-09,2004-12
EK71-EUR-09-2002,EK71-EUR-09-2002-E64-BMW-645Ci,6 Series E64,E64,645Ci,EK71,Convertible,EUR,2002-09,2005-08
EK72-EUR-09-2002,EK72-EUR-09-2002-E64-BMW-645Ci,6 Series E64,E64,645Ci,EK72,Convertible,EUR,2002-09,2005-08
EK73-USA-09-2002,EK73-USA-09-2002-E64-BMW-645Ci,6 Series E64,E64,645Ci,EK73,Convertible,USA,2002-09,2005-08
EX91-EUR-09-2002,EX91-EUR-09-2002-E46-BMW-330d,3 Series E46,E46,330d,EX91,Touring,EUR,2002-09,2005-07
GN21-EUR-09-2002,GN21-EUR-09-2002-E66-BMW-730Li,7 Series E66,E66,730Li,GN21,Sedan,EUR,2002-09,2005-02
BD11-EUR-10-2002,BD11-EUR-10-2002-E46-BMW-320Ci,3 Series E46,E46,320Ci,BD11,Coupe,EUR,2002-10,2006-05
BD32-EUR-10-2002,BD32-EUR-10-2002-E46-BMW-325Ci,3 Series E46,E46,325Ci,BD32,Coupe,EUR,2002-10,2006-05
BD33-USA-10-2002,BD33-USA-10-2002-E46-BMW-325Ci,3 Series E46,E46,325Ci,BD33,Coupe,USA,2002-10,2006-05
BD92-EUR-10-2002,BD92-EUR-10-2002-E46-BMW-318Ci,3 Series E46,E46,318Ci,BD92,Coupe,EUR,2002-10,2004-02
BW12-EUR-10-2002,BW12-EUR-10-2002-E46-BMW-320Ci,3 Series E46,E46,320Ci,BW12,Convertible,EUR,2002-10,2006-08
BW32-EUR-10-2002,BW32-EUR-10-2002-E46-BMW-325Ci,3 Series E46,E46,325Ci,BW32,Convertible,EUR,2002-10,2006-08
BW71-EUR-10-2002,BW71-EUR-10-2002-E46-BMW-318Ci,3 Series E46,E46,318Ci,BW71,Convertible,EUR,2002-10,2004-02
BW72-EUR-10-2002,BW72-EUR-10-2002-E46-BMW-318Ci,3 Series E46,E46,318Ci,BW72,Convertible,EUR,2002-10,2004-02
ED92-EUR-10-2002,ED92-EUR-10-2002-E46-BMW-330d,3 Series E46,E46,330d,ED92,Sedan,EUR,2002-10,2004-12
EJ92-EUR-10-2002,EJ92-EUR-10-2002-E46-BMW-330d,3 Series E46,E46,330d,EJ92,Sedan,EUR,2002-10,2005-02
GL22-EUR-10-2002,GL22-EUR-10-2002-E65-BMW-730i,7 Series E65,E65,730i,GL22,Sedan,EUR,2002-10,2005-02
GM22-EUR-10-2002,GM22-EUR-10-2002-E65-BMW-730d,7 Series E65,E65,730d,GM22,Sedan,EUR,2002-10,2005-02
GN22-EUR-10-2002,GN22-EUR-10-2002-E66-BMW-730Li,7 Series E66,E66,730Li,GN22,Sedan,EUR,2002-10,2005-02
GP61-EUR-10-2002,GP61-EUR-10-2002-E67-BMW-745LiS,7 Series E67,E67,745LiS,GP61,Sedan,EUR,2002-10,2004-12
GP81-EUR-10-2002,GP81-EUR-10-2002-E67-BMW-760LiS,7 Series E67,E67,760LiS,GP81,Sedan,EUR,2002-10,2005-01
NG51-EUR-10-2002,NG51-EUR-10-2002-E61-BMW-525i,5 Series E61,E61,525i,NG51,Touring,EUR,2002-10,2005-02
BD12-EUR-11-2002,BD12-EUR-11-2002-E46-BMW-320Ci,3 Series E46,E46,320Ci,BD12,Coupe,EUR,2002-11,2006-05
BD91-EUR-11-2002,BD91-EUR-11-2002-E46-BMW-318Ci,3 Series E46,E46,318Ci,BD91,Coupe,EUR,2002-11,2004-02
BV13-USA-11-2002,BV13-USA-11-2002-E46-BMW-325Ci,3 Series E46,E46,325Ci,BV13,Coupe,USA,2002-11,2006-05
BW11-EUR-11-2002,BW11-EUR-11-2002-E46-BMW-320Ci,3 Series E46,E46,320Ci,BW11,Convertible,EUR,2002-11,2006-08
EX92-EUR-11-2002,EX92-EUR-11-2002-E46-BMW-330d,3 Series E46,E46,330d,EX92,Touring,EUR,2002-11,2005-06
NH31-EUR-11-2002,NH31-EUR-11-2002-E61-BMW-545i,5 Series E61,E61,545i,NH31,Touring,EUR,2002-11,2005-08
NJ51-EUR-11-2002,NJ51-EUR-11-2002-E61-BMW-525d,5 Series E61,E61,525d,NJ51,Touring,EUR,2002-11,2007-02
NJ71-EUR-11-2002,NJ71-EUR-11-2002-E61-BMW-530d,5 Series E61,E61,530d,NJ71,Touring,EUR,2002-11,2005-09
BT11-EUR-12-2002,BT11-EUR-12-2002-E85-BMW-Z4_22i,Z4 E85,E85,Z4 2.2i,BT11,Roadster,EUR,2002-12,2005-11
BT12-EUR-12-2002,BT12-EUR-12-2002-E85-BMW-Z4_22i,Z4 E85,E85,Z4 2.2i,BT12,Roadster,EUR,2002-12,2005-11
NA32-EUR-12-2002,NA32-EUR-12-2002-E60-BMW-520i,5 Series E60,E60,520i,NA32,Sedan,EUR,2002-12,2005-02
NB32-EUR-12-2002,NB32-EUR-12-2002-E60-BMW-545i,5 Series E60,E60,545i,NB32,Sedan,EUR,2002-12,2005-08
NC72-EUR-12-2002,NC72-EUR-12-2002-E60-BMW-530d,5 Series E60,E60,530d,NC72,Sedan,EUR,2002-12,2005-08
FA11-EUR-01-2003,FA11-EUR-01-2003-E53-BMW-X5_30i,X5 E53,E53,X5 3.0i,FA11,SUV,EUR,2003-01,2006-09
FA13-USA-01-2003,FA13-USA-01-2003-E53-BMW-X5_30i,X5 E53,E53,X5 3.0i,FA13,SUV,USA,2003-01,2006-09
FB51-EUR-01-2003,FB51-EUR-01-2003-E53-BMW-X5_44i,X5 E53,E53,X5 4.4i,FB51,SUV,EUR,2003-01,2006-09
FB71-EUR-01-2003,FB71-EUR-01-2003-E53-BMW-X5_30d,X5 E53,E53,X5 3.0d,FB71,SUV,EUR,2003-01,2006-09
PA91-EUR-01-2003,PA91-EUR-01-2003-E83-BMW-X3_30i,X3 E83,E83,X3 3.0i,PA91,SUV,EUR,2003-01,2006-07
PB51-EUR-01-2003,PB51-EUR-01-2003-E83-BMW-X3_30d,X3 E83,E83,X3 3.0d,PB51,SUV,EUR,2003-01,2005-08
FB53-USA-02-2003,FB53-USA-02-2003-E53-BMW-X5_44i,X5 E53,E53,X5 4.4i,FB53,SUV,USA,2003-02,2006-09
PA71-EUR-02-2003,PA71-EUR-02-2003-E83-BMW-X3_25i,X3 E83,E83,X3 2.5i,PA71,SUV,EUR,2003-02,2006-07
PA93-USA-02-2003,PA93-USA-02-2003-E83-BMW-X3_30i,X3 E83,E83,X3 3.0i,PA93,SUV,USA,2003-02,2006-07
UG31-EUR-02-2003,UG31-EUR-02-2003-E87-BMW-118d,1 Series E87,E87,118d,UG31,5 doors,EUR,2003-02,2007-02
BV51-EUR-03-2003,BV51-EUR-03-2003-E46-BMW-320Cd,3 Series E46,E46,320Cd,BV51,Coupe,EUR,2003-03,2006-05
BV52-EUR-03-2003,BV52-EUR-03-2003-E46-BMW-320Cd,3 Series E46,E46,320Cd,BV52,Coupe,EUR,2003-03,2006-05
EH72-EUR-03-2003,EH72-EUR-03-2003-E63-BMW-645Ci,6 Series E63,E63,645Ci,EH72,Coupe,EUR,2003-03,2005-08
EV19-CHN-03-2003,EV19-CHN-03-2003-E46-BMW-325i,3 Series E46,E46,325i,EV19,Sedan,CHN,2003-03,2023-03
FB52-EUR-03-2003,FB52-EUR-03-2003-E53-BMW-X5_44i,X5 E53,E53,X5 4.4i,FB52,SUV,EUR,2003-03,2006-09
FB72-EUR-03-2003,FB72-EUR-03-2003-E53-BMW-X5_30d,X5 E53,E53,X5 3.0d,FB72,SUV,EUR,2003-03,2006-09
GN25-THA-03-2003,GN25-THA-03-2003-E66-BMW-730Li,7 Series E66,E66,730Li,GN25,Sedan,THA,2003-03,2004-09
PA72-EUR-03-2003,PA72-EUR-03-2003-E83-BMW-X3_25i,X3 E83,E83,X3 2.5i,PA72,SUV,EUR,2003-03,2006-07
PA73-USA-03-2003,PA73-USA-03-2003-E83-BMW-X3_25i,X3 E83,E83,X3 2.5i,PA73,SUV,USA,2003-03,2006-07
PA92-EUR-03-2003,PA92-EUR-03-2003-E83-BMW-X3_30i,X3 E83,E83,X3 3.0i,PA92,SUV,EUR,2003-03,2006-07
UF12-EUR-03-2003,UF12-EUR-03-2003-E87-BMW-116i,1 Series E87,E87,116i,UF12,5 doors,EUR,2003-03,2007-02
UF51-EUR-03-2003,UF51-EUR-03-2003-E87-BMW-120i,1 Series E87,E87,120i,UF51,5 doors,EUR,2003-03,2007-02
UG51-EUR-03-2003,UG51-EUR-03-2003-E87-BMW-120d,1 Series E87,E87,120d,UG51,5 doors,EUR,2003-03,2007-02
FA12-EUR-04-2003,FA12-EUR-04-2003-E53-BMW-X5_30i,X5 E53,E53,X5 3.0i,FA12,SUV,EUR,2003-04,2006-09
NA52-EUR-04-2003,NA52-EUR-04-2003-E60-BMW-525i,5 Series E60,E60,525i,NA52,Sedan,EUR,2003-04,2005-02
UF11-EUR-04-2003,UF11-EUR-04-2003-E87-BMW-116i,1 Series E87,E87,116i,UF11,5 doors,EUR,2003-04,2007-02
GP82-EUR-05-2003,GP82-EUR-05-2003-E67-BMW-760LiS,7 Series E67,E67,760LiS,GP82,Sedan,EUR,2003-05,2005-01
NB91-EUR-05-2003,NB91-EUR-05-2003-E60-BMW-M5,5 Series E60,E60,M5,NB91,Sedan,EUR,2003-05,2009-12
NB93-USA-05-2003,NB93-USA-05-2003-E60-BMW-M5,5 Series E60,E60,M5,NB93,Sedan,USA,2003-05,2009-12
PA31-EUR-05-2003,PA31-EUR-05-2003-E83-BMW-X3_20i,X3 E83,E83,X3 2.0i,PA31,SUV,EUR,2003-05,2006-07
PB11-EUR-05-2003,PB11-EUR-05-2003-E83-BMW-X3_20d,X3 E83,E83,X3 2.0d,PB11,SUV,EUR,2003-05,2006-07
GP62-EUR-06-2003,GP62-EUR-06-2003-E67-BMW-745LiS,7 Series E67,E67,745LiS,GP62,Sedan,EUR,2003-06,2004-12
NA79-CHN-07-2003,NA79-CHN-07-2003-E60-BMW-530i,5 Series E60,E60,530i,NA79,Sedan,CHN,2003-07,2023-04
BV92-EUR-09-2003,BV92-EUR-09-2003-E46-BMW-330Cd,3 Series E46,E46,330Cd,BV92,Coupe,EUR,2003-09,2006-05
BX71-EUR-09-2003,BX71-EUR-09-2003-E46-BMW-316Ci,3 Series E46,E46,316Ci,BX71,Coupe,EUR,2003-09,2006-05
BY71-EUR-09-2003,BY71-EUR-09-2003-E46-BMW-318Ci,3 Series E46,E46,318Ci,BY71,Convertible,EUR,2003-09,2006-08
EL72-EUR-09-2003,EL72-EUR-09-2003-E46-BMW-318d,3 Series E46,E46,318d,EL72,Touring,EUR,2003-09,2005-04
EU72-EUR-09-2003,EU72-EUR-09-2003-E46-BMW-318d,3 Series E46,E46,318d,EU72,Sedan,EUR,2003-09,2005-01
EY11-EUR-09-2003,EY11-EUR-09-2003-E46-BMW-316i,3 Series E46,E46,316i,EY11,Sedan,EUR,2003-09,2005-01
EY31-EUR-09-2003,EY31-EUR-09-2003-E46-BMW-316i,3 Series E46,E46,316i,EY31,Sedan,EUR,2003-09,2005-01
EY32-EUR-09-2003,EY32-EUR-09-2003-E46-BMW-316i,3 Series E46,E46,316i,EY32,Sedan,EUR,2003-09,2004-12
EY71-EUR-09-2003,EY71-EUR-09-2003-E46-BMW-318i,3 Series E46,E46,318i,EY71,Sedan,EUR,2003-09,2005-01
EY72-EUR-09-2003,EY72-EUR-09-2003-E46-BMW-318i,3 Series E46,E46,318i,EY72,Sedan,EUR,2003-09,2005-01
EZ51-EUR-09-2003,EZ51-EUR-09-2003-E46-BMW-316ti,3 Series E46,E46,316ti,EZ51,Compact,EUR,2003-09,2004-12
EZ71-EUR-09-2003,EZ71-EUR-09-2003-E46-BMW-318ti,3 Series E46,E46,318ti,EZ71,Compact,EUR,2003-09,2004-12
NA38-THA-09-2003,NA38-THA-09-2003-E60-BMW-525i,5 Series E60,E60,525i,NA38,Sedan,THA,2003-09,2005-01
BX91-EUR-10-2003,BX91-EUR-10-2003-E46-BMW-318Ci,3 Series E46,E46,318Ci,BX91,Coupe,EUR,2003-10,2006-05
BY72-EUR-10-2003,BY72-EUR-10-2003-E46-BMW-318Ci,3 Series E46,E46,318Ci,BY72,Convertible,EUR,2003-10,2006-08
ET75-EUR-10-2003,ET75-EUR-10-2003-E46-BMW-318i,3 Series E46,E46,318i,ET75,Sedan,EUR,2003-10,2005-02
ET76-EUR-10-2003,ET76-EUR-10-2003-E46-BMW-318i,3 Series E46,E46,318i,ET76,Sedan,EUR,2003-10,2005-02
EX31-EUR-10-2003,EX31-EUR-10-2003-E46-BMW-316i,3 Series E46,E46,316i,EX31,Touring,EUR,2003-10,2005-07
EX32-EUR-10-2003,EX32-EUR-10-2003-E46-BMW-316i,3 Series E46,E46,316i,EX32,Touring,EUR,2003-10,2005-05
EX51-EUR-10-2003,EX51-EUR-10-2003-E46-BMW-318i,3 Series E46,E46,318i,EX51,Touring,EUR,2003-10,2005-07
EZ31-EUR-10-2003,EZ31-EUR-10-2003-E46-BMW-316ti,3 Series E46,E46,316ti,EZ31,Compact,EUR,2003-10,2004-12
EZ52-EUR-10-2003,EZ52-EUR-10-2003-E46-BMW-316ti,3 Series E46,E46,316ti,EZ52,Compact,EUR,2003-10,2004-12
EZ72-EUR-10-2003,EZ72-EUR-10-2003-E46-BMW-318ti,3 Series E46,E46,318ti,EZ72,Compact,EUR,2003-10,2004-12
NA58-RUS-10-2003,NA58-RUS-10-2003-E60-BMW-525i,5 Series E60,E60,525i,NA58,Sedan,RUS,2003-10,2005-02
NC52-EUR-10-2003,NC52-EUR-10-2003-E60-BMW-525d,5 Series E60,E60,525d,NC52,Sedan,EUR,2003-10,2007-02
NG52-EUR-10-2003,NG52-EUR-10-2003-E61-BMW-525i,5 Series E61,E61,525i,NG52,Touring,EUR,2003-10,2005-02
NH32-EUR-10-2003,NH32-EUR-10-2003-E61-BMW-545i,5 Series E61,E61,545i,NH32,Touring,EUR,2003-10,2005-07
PA32-EUR-10-2003,PA32-EUR-10-2003-E83-BMW-X3_20i,X3 E83,E83,X3 2.0i,PA32,SUV,EUR,2003-10,2006-07
EV34-THA-11-2003,EV34-THA-11-2003-E46-BMW-325i,3 Series E46,E46,325i,EV34,Sedan,THA,2003-11,2004-10
FA91-EUR-11-2003,FA91-EUR-11-2003-E53-BMW-X5_48is,X5 E53,E53,X5 4.8is,FA91,SUV,EUR,2003-11,2006-09
FA92-EUR-11-2003,FA92-EUR-11-2003-E53-BMW-X5_48is,X5 E53,E53,X5 4.8is,FA92,SUV,EUR,2003-11,2006-09
FA93-USA-11-2003,FA93-USA-11-2003-E53-BMW-X5_48is,X5 E53,E53,X5 4.8is,FA93,SUV,USA,2003-11,2006-08
NB92-EUR-11-2003,NB92-EUR-11-2003-E60-BMW-M5,5 Series E60,E60,M5,NB92,Sedan,EUR,2003-11,2009-12
PB12-EUR-11-2003,PB12-EUR-11-2003-E83-BMW-X3_20d,X3 E83,E83,X3 2.0d,PB12,SUV,EUR,2003-11,2006-07
UF52-EUR-11-2003,UF52-EUR-11-2003-E87-BMW-120i,1 Series E87,E87,120i,UF52,5 doors,EUR,2003-11,2007-02
AY97-CHN-12-2003,AY97-CHN-12-2003-E46-BMW-318i,3 Series E46,E46,318i,AY97,Sedan,CHN,2003-12,2004-02
BX92-EUR-12-2003,BX92-EUR-12-2003-E46-BMW-318Ci,3 Series E46,E46,318Ci,BX92,Coupe,EUR,2003-12,2006-05
GL83-USA-12-2003,GL83-USA-12-2003-E65-BMW-760i,7 Series E65,E65,760i,GL83,Sedan,USA,2003-12,2005-02
NJ72-EUR-12-2003,NJ72-EUR-12-2003-E61-BMW-530d,5 Series E61,E61,530d,NJ72,Touring,EUR,2003-12,2005-07
NA78-RUS-01-2004,NA78-RUS-01-2004-E60-BMW-530i,5 Series E60,E60,530i,NA78,Sedan,RUS,2004-01,2005-02
NC91-EUR-01-2004,NC91-EUR-01-2004-E60-BMW-535d,5 Series E60,E60,535d,NC91,Sedan,EUR,2004-01,2007-02
NJ52-EUR-01-2004,NJ52-EUR-01-2004-E61-BMW-525d,5 Series E61,E61,525d,NJ52,Touring,EUR,2004-01,2007-02
NJ91-EUR-01-2004,NJ91-EUR-01-2004-E61-BMW-535d,5 Series E61,E61,535d,NJ91,Touring,EUR,2004-01,2007-02
UG32-EUR-01-2004,UG32-EUR-01-2004-E87-BMW-118d,1 Series E87,E87,118d,UG32,5 doors,EUR,2004-01,2007-02
EH31-EUR-02-2004,EH31-EUR-02-2004-E63-BMW-630i,6 Series E63,E63,630i,EH31,Coupe,EUR,2004-02,2007-07
EH32-EUR-02-2004,EH32-EUR-02-2004-E63-BMW-630i,6 Series E63,E63,630i,EH32,Coupe,EUR,2004-02,2007-07
EX52-EUR-02-2004,EX52-EUR-02-2004-E46-BMW-318i,3 Series E46,E46,318i,EX52,Touring,EUR,2004-02,2005-06
NA39-CHN-02-2004,NA39-CHN-02-2004-E60-BMW-520i,5 Series E60,E60,520i,NA39,Sedan,CHN,2004-02,2023-04
NA98-CHN-02-2004,NA98-CHN-02-2004-E60-BMW-525i,5 Series E60,E60,525i,NA98,Sedan,CHN,2004-02,2004-08
UG52-EUR-02-2004,UG52-EUR-02-2004-E87-BMW-120d,1 Series E87,E87,120d,UG52,5 doors,EUR,2004-02,2007-02
VA71-EUR-02-2004,VA71-EUR-02-2004-E90-BMW-320i,3 Series E90,E90,320i,VA71,Sedan,EUR,2004-02,2007-08
VA72-EUR-02-2004,VA72-EUR-02-2004-E90-BMW-320i,3 Series E90,E90,320i,VA72,Sedan,EUR,2004-02,2007-08
VB13-USA-02-2004,VB13-USA-02-2004-E90-BMW-325i,3 Series E90,E90,325i,VB13,Sedan,USA,2004-02,2006-08
VB31-EUR-02-2004,VB31-EUR-02-2004-E90-BMW-330i,3 Series E90,E90,330i,VB31,Sedan,EUR,2004-02,2007-08
VB32-EUR-02-2004,VB32-EUR-02-2004-E90-BMW-330i,3 Series E90,E90,330i,VB32,Sedan,EUR,2004-02,2007-08
VB33-USA-02-2004,VB33-USA-02-2004-E90-BMW-330i,3 Series E90,E90,330i,VB33,Sedan,USA,2004-02,2006-08
VC11-EUR-02-2004,VC11-EUR-02-2004-E90-BMW-318d,3 Series E90,E90,318d,VC11,Sedan,EUR,2004-02,2007-08
VC32-EUR-02-2004,VC32-EUR-02-2004-E90-BMW-320d,3 Series E90,E90,320d,VC32,Sedan,EUR,2004-02,2007-08
VD31-EUR-02-2004,VD31-EUR-02-2004-E90-BMW-330xi,3 Series E90,E90,330xi,VD31,Sedan,EUR,2004-02,2007-08
VD91-EUR-02-2004,VD91-EUR-02-2004-E90-BMW-330xd,3 Series E90,E90,330xd,VD91,Sedan,EUR,2004-02,2008-08
VS13-USA-02-2004,VS13-USA-02-2004-E91-BMW-328i,3 Series E91,E91,328i,VS13,Touring,USA,2004-02,2008-08
VU31-EUR-02-2004,VU31-EUR-02-2004-E91-BMW-320d,3 Series E91,E91,320d,VU31,Touring,EUR,2004-02,2007-08
VU91-EUR-02-2004,VU91-EUR-02-2004-E91-BMW-330d,3 Series E91,E91,330d,VU91,Touring,EUR,2004-02,2008-08
AZ96-EGY-03-2004,AZ96-EGY-03-2004-E46-BMW-325i,3 Series E46,E46,325i,AZ96,Sedan,EGY,2004-03,2004-06
EH91-EUR-03-2004,EH91-EUR-03-2004-E63-BMW-M6,6 Series E63,E63,M6,EH91,Coupe,EUR,2004-03,2010-07
EH93-USA-03-2004,EH93-USA-03-2004-E63-BMW-M6,6 Series E63,E63,M6,EH93,Coupe,USA,2004-03,2010-07
EK31-EUR-03-2004,EK31-EUR-03-2004-E64-BMW-630i,6 Series E64,E64,630i,EK31,Convertible,EUR,2004-03,2007-07
EY74-MYS-03-2004,EY74-MYS-03-2004-E46-BMW-318i,3 Series E46,E46,318i,EY74,Sedan,MYS,2004-03,2004-10
EY77-IDN-03-2004,EY77-IDN-03-2004-E46-BMW-318i,3 Series E46,E46,318i,EY77,Sedan,IDN,2004-03,2004-08
EY97-CHN-03-2004,EY97-CHN-03-2004-E46-BMW-318i,3 Series E46,E46,318i,EY97,Sedan,CHN,2004-03,2005-05
EY98-RUS-03-2004,EY98-RUS-03-2004-E46-BMW-318i,3 Series E46,E46,318i,EY98,Sedan,RUS,2004-03,2004-07
NA34-MYS-03-2004,NA34-MYS-03-2004-E60-BMW-520i,5 Series E60,E60,520i,NA34,Sedan,MYS,2004-03,2004-12
NA37-IDN-03-2004,NA37-IDN-03-2004-E60-BMW-520i,5 Series E60,E60,520i,NA37,Sedan,IDN,2004-03,2005-01
NA74-MYS-03-2004,NA74-MYS-03-2004-E60-BMW-530i,5 Series E60,E60,530i,NA74,Sedan,MYS,2004-03,2004-11
NA77-IDN-03-2004,NA77-IDN-03-2004-E60-BMW-530i,5 Series E60,E60,530i,NA77,Sedan,IDN,2004-03,2005-02
VC91-EUR-03-2004,VC91-EUR-03-2004-E90-BMW-330d,3 Series E90,E90,330d,VC91,Sedan,EUR,2004-03,2008-07
VC92-EUR-03-2004,VC92-EUR-03-2004-E90-BMW-330d,3 Series E90,E90,330d,VC92,Sedan,EUR,2004-03,2008-07
VR71-EUR-03-2004,VR71-EUR-03-2004-E91-BMW-320i,3 Series E91,E91,320i,VR71,Touring,EUR,2004-03,2007-08
VT31-EUR-03-2004,VT31-EUR-03-2004-E91-BMW-330xi,3 Series E91,E91,330xi,VT31,Touring,EUR,2004-03,2007-08
EK32-EUR-04-2004,EK32-EUR-04-2004-E64-BMW-630i,6 Series E64,E64,630i,EK32,Convertible,EUR,2004-04,2007-07
EY75-THA-04-2004,EY75-THA-04-2004-E46-BMW-318i,3 Series E46,E46,318i,EY75,Sedan,THA,2004-04,2004-10
EY76-EGY-04-2004,EY76-EGY-04-2004-E46-BMW-318i,3 Series E46,E46,318i,EY76,Sedan,EGY,2004-04,2004-11
EY78-VNM-04-2004,EY78-VNM-04-2004-E46-BMW-318i,3 Series E46,E46,318i,EY78,Sedan,VNM,2004-04,2005-01
NC92-EUR-04-2004,NC92-EUR-04-2004-E60-BMW-535d,5 Series E60,E60,535d,NC92,Sedan,EUR,2004-04,2007-02
NJ92-EUR-04-2004,NJ92-EUR-04-2004-E61-BMW-535d,5 Series E61,E61,535d,NJ92,Touring,EUR,2004-04,2007-02
NA36-EGY-05-2004,NA36-EGY-05-2004-E60-BMW-520i,5 Series E60,E60,520i,NA36,Sedan,EGY,2004-05,2005-02
NA76-EGY-05-2004,NA76-EGY-05-2004-E60-BMW-530i,5 Series E60,E60,530i,NA76,Sedan,EGY,2004-05,2004-11
BS71-EUR-06-2004,BS71-EUR-06-2004-E46-BMW-320Cd,3 Series E46,E46,320Cd,BS71,Convertible,EUR,2004-06,2006-08
BS72-EUR-06-2004,BS72-EUR-06-2004-E46-BMW-320Cd,3 Series E46,E46,320Cd,BS72,Convertible,EUR,2004-06,2006-08
BZ11-EUR-06-2004,BZ11-EUR-06-2004-E85-BMW-Z4_20i,Z4 E85,E85,Z4 2.0i,BZ11,Roadster,EUR,2004-06,2008-08
BZ12-EUR-06-2004,BZ12-EUR-06-2004-E85-BMW-Z4_20i,Z4 E85,E85,Z4 2.0i,BZ12,Roadster,EUR,2004-06,2008-08
HL21-EUR-06-2004,HL21-EUR-06-2004-E65-BMW-730i,7 Series E65,E65,730i,HL21,Sedan,EUR,2004-06,2008-07
HL22-EUR-06-2004,HL22-EUR-06-2004-E65-BMW-730i,7 Series E65,E65,730i,HL22,Sedan,EUR,2004-06,2008-07
HL61-EUR-06-2004,HL61-EUR-06-2004-E65-BMW-740i,7 Series E65,E65,740i,HL61,Sedan,EUR,2004-06,2008-07
HL81-EUR-06-2004,HL81-EUR-06-2004-E65-BMW-750i,7 Series E65,E65,750i,HL81,Sedan,EUR,2004-06,2008-07
HN81-EUR-06-2004,HN81-EUR-06-2004-E66-BMW-750Li,7 Series E66,E66,750Li,HN81,Sedan,EUR,2004-06,2008-07
HN83-USA-06-2004,HN83-USA-06-2004-E66-BMW-750Li,7 Series E66,E66,750Li,HN83,Sedan,USA,2004-06,2008-07
NA54-MYS-06-2004,NA54-MYS-06-2004-E60-BMW-525i,5 Series E60,E60,525i,NA54,Sedan,MYS,2004-06,2004-12
VB11-EUR-06-2004,VB11-EUR-06-2004-E90-BMW-325i,3 Series E90,E90,325i,VB11,Sedan,EUR,2004-06,2007-08
VC31-EUR-06-2004,VC31-EUR-06-2004-E90-BMW-320d,3 Series E90,E90,320d,VC31,Sedan,EUR,2004-06,2007-08
HL83-USA-07-2004,HL83-USA-07-2004-E65-BMW-750i,7 Series E65,E65,750i,HL83,Sedan,USA,2004-07,2008-07
HM21-EUR-07-2004,HM21-EUR-07-2004-E65-BMW-730d,7 Series E65,E65,730d,HM21,Sedan,EUR,2004-07,2008-07
HM61-EUR-07-2004,HM61-EUR-07-2004-E65-BMW-745d,7 Series E65,E65,745d,HM61,Sedan,EUR,2004-07,2008-07
HN01-EUR-07-2004,HN01-EUR-07-2004-E66-BMW-760Li,7 Series E66,E66,760Li,HN01,Sedan,EUR,2004-07,2008-07
HN21-EUR-07-2004,HN21-EUR-07-2004-E66-BMW-730Li,7 Series E66,E66,730Li,HN21,Sedan,EUR,2004-07,2008-07
NA56-EGY-07-2004,NA56-EGY-07-2004-E60-BMW-525i,5 Series E60,E60,525i,NA56,Sedan,EGY,2004-07,2005-02
NE31-EUR-07-2004,NE31-EUR-07-2004-E60-BMW-523i,5 Series E60,E60,523i,NE31,Sedan,EUR,2004-07,2007-02
NE51-EUR-07-2004,NE51-EUR-07-2004-E60-BMW-525i,5 Series E60,E60,525i,NE51,Sedan,EUR,2004-07,2007-02
NE52-EUR-07-2004,NE52-EUR-07-2004-E60-BMW-525i,5 Series E60,E60,525i,NE52,Sedan,EUR,2004-07,2007-02
NE53-USA-07-2004,NE53-USA-07-2004-E60-BMW-525i,5 Series E60,E60,525i,NE53,Sedan,USA,2004-07,2007-02
NE71-EUR-07-2004,NE71-EUR-07-2004-E60-BMW-530i,5 Series E60,E60,530i,NE71,Sedan,EUR,2004-07,2007-02
NE72-EUR-07-2004,NE72-EUR-07-2004-E60-BMW-530i,5 Series E60,E60,530i,NE72,Sedan,EUR,2004-07,2007-02
NE73-USA-07-2004,NE73-USA-07-2004-E60-BMW-530i,5 Series E60,E60,530i,NE73,Sedan,USA,2004-07,2007-02
NF73-USA-07-2004,NF73-USA-07-2004-E60-BMW-530xi,5 Series E60,E60,530xi,NF73,Sedan,USA,2004-07,2007-02
NL52-EUR-07-2004,NL52-EUR-07-2004-E61-BMW-525i,5 Series E61,E61,525i,NL52,Touring,EUR,2004-07,2007-02
NL72-EUR-07-2004,NL72-EUR-07-2004-E61-BMW-530i,5 Series E61,E61,530i,NL72,Touring,EUR,2004-07,2007-02
UF31-EUR-07-2004,UF31-EUR-07-2004-E87-BMW-118i,1 Series E87,E87,118i,UF31,5 doors,EUR,2004-07,2007-02
UF32-EUR-07-2004,UF32-EUR-07-2004-E87-BMW-118i,1 Series E87,E87,118i,UF32,5 doors,EUR,2004-07,2007-02
VB12-EUR-07-2004,VB12-EUR-07-2004-E90-BMW-325i,3 Series E90,E90,325i,VB12,Sedan,EUR,2004-07,2007-08
NA99-THA-08-2004,NA99-THA-08-2004-E60-BMW-520i,5 Series E60,E60,520i,NA99,Sedan,THA,2004-08,2004-11
VA11-EUR-08-2004,VA11-EUR-08-2004-E90-BMW-316i,3 Series E90,E90,316i,VA11,Sedan,EUR,2004-08,2007-08
VA51-EUR-08-2004,VA51-EUR-08-2004-E90-BMW-318i,3 Series E90,E90,318i,VA51,Sedan,EUR,2004-08,2007-08
VA76-EUR-08-2004,VA76-EUR-08-2004-E90-BMW-320i,3 Series E90,E90,320i,VA76,Sedan,EUR,2004-08,2007-09
VB16-EUR-08-2004,VB16-EUR-08-2004-E90-BMW-325i,3 Series E90,E90,325i,VB16,Sedan,EUR,2004-08,2007-03
VB36-EUR-08-2004,VB36-EUR-08-2004-E90-BMW-330i,3 Series E90,E90,330i,VB36,Sedan,EUR,2004-08,2007-03
VB51-EUR-08-2004,VB51-EUR-08-2004-E90-BMW-323i,3 Series E90,E90,323i,VB51,Sedan,EUR,2004-08,2007-02
VC36-EUR-08-2004,VC36-EUR-08-2004-E90-BMW-320d,3 Series E90,E90,320d,VC36,Sedan,EUR,2004-08,2007-09
HL01-EUR-09-2004,HL01-EUR-09-2004-E65-BMW-760i,7 Series E65,E65,760i,HL01,Sedan,EUR,2004-09,2008-07
HL82-EUR-09-2004,HL82-EUR-09-2004-E65-BMW-750i,7 Series E65,E65,750i,HL82,Sedan,EUR,2004-09,2008-07
HM22-EUR-09-2004,HM22-EUR-09-2004-E65-BMW-730d,7 Series E65,E65,730d,HM22,Sedan,EUR,2004-09,2008-07
HN03-USA-09-2004,HN03-USA-09-2004-E66-BMW-760Li,7 Series E66,E66,760Li,HN03,Sedan,USA,2004-09,2008-07
HN22-EUR-09-2004,HN22-EUR-09-2004-E66-BMW-730Li,7 Series E66,E66,730Li,HN22,Sedan,EUR,2004-09,2008-06
HN61-EUR-09-2004,HN61-EUR-09-2004-E66-BMW-740Li,7 Series E66,E66,740Li,HN61,Sedan,EUR,2004-09,2008-07
HN82-EUR-09-2004,HN82-EUR-09-2004-E66-BMW-750Li,7 Series E66,E66,750Li,HN82,Sedan,EUR,2004-09,2008-07
HP81-EUR-09-2004,HP81-EUR-09-2004-E67-BMW-760LiS,7 Series E67,E67,760LiS,HP81,Sedan,EUR,2004-09,2008-06
NF71-EUR-09-2004,NF71-EUR-09-2004-E60-BMW-530xi,5 Series E60,E60,530xi,NF71,Sedan,EUR,2004-09,2007-02
NL71-EUR-09-2004,NL71-EUR-09-2004-E61-BMW-530i,5 Series E61,E61,530i,NL71,Touring,EUR,2004-09,2007-02
NN71-EUR-09-2004,NN71-EUR-09-2004-E61-BMW-530xi,5 Series E61,E61,530xi,NN71,Touring,EUR,2004-09,2007-02
VB15-EUR-09-2004,VB15-EUR-09-2004-E90-BMW-325i,3 Series E90,E90,325i,VB15,Sedan,EUR,2004-09,2007-03
VB17-USA-09-2004,VB17-USA-09-2004-E90-BMW-325i,3 Series E90,E90,325i,VB17,Sedan,USA,2004-09,2006-07
VB35-EUR-09-2004,VB35-EUR-09-2004-E90-BMW-330i,3 Series E90,E90,330i,VB35,Sedan,EUR,2004-09,2007-02
VD11-EUR-09-2004,VD11-EUR-09-2004-E90-BMW-325xi,3 Series E90,E90,325xi,VD11,Sedan,EUR,2004-09,2007-08
VD13-USA-09-2004,VD13-USA-09-2004-E90-BMW-325xi,3 Series E90,E90,325xi,VD13,Sedan,USA,2004-09,2006-08
BU11-EUR-10-2004,BU11-EUR-10-2004-E85-BMW-Z4_25i,Z4 E85,E85,Z4 2.5i,BU11,Roadster,EUR,2004-10,2008-07
BU12-EUR-10-2004,BU12-EUR-10-2004-E85-BMW-Z4_25i,Z4 E85,E85,Z4 2.5i,BU12,Roadster,EUR,2004-10,2008-07
BU31-EUR-10-2004,BU31-EUR-10-2004-E85-BMW-Z4_25si,Z4 E85,E85,Z4 2.5si,BU31,Roadster,EUR,2004-10,2008-08
BU33-USA-10-2004,BU33-USA-10-2004-E85-BMW-Z4_30i,Z4 E85,E85,Z4 3.0i,BU33,Roadster,USA,2004-10,2008-08
BU51-EUR-10-2004,BU51-EUR-10-2004-E85-BMW-Z4_30si,Z4 E85,E85,Z4 3.0si,BU51,Roadster,EUR,2004-10,2008-07
BU52-EUR-10-2004,BU52-EUR-10-2004-E85-BMW-Z4_30si,Z4 E85,E85,Z4 3.0si,BU52,Roadster,EUR,2004-10,2008-07
BU53-USA-10-2004,BU53-USA-10-2004-E85-BMW-Z4_30si,Z4 E85,E85,Z4 3.0si,BU53,Roadster,USA,2004-10,2008-08
HL03-USA-10-2004,HL03-USA-10-2004-E65-BMW-760i,7 Series E65,E65,760i,HL03,Sedan,USA,2004-10,2006-09
HL62-EUR-10-2004,HL62-EUR-10-2004-E65-BMW-740i,7 Series E65,E65,740i,HL62,Sedan,EUR,2004-10,2008-07
HP62-EUR-10-2004,HP62-EUR-10-2004-E67-BMW-745LiS,7 Series E67,E67,745LiS,HP62,Sedan,EUR,2004-10,2008-06
NE39-CHN-10-2004,NE39-CHN-10-2004-E60-BMW-523i,5 Series E60,E60,523i,NE39,Sedan,CHN,2004-10,2006-06
NE79-CHN-10-2004,NE79-CHN-10-2004-E60-BMW-530i,5 Series E60,E60,530i,NE79,Sedan,CHN,2004-10,2006-06
NE98-CHN-10-2004,NE98-CHN-10-2004-E60-BMW-525i,5 Series E60,E60,525i,NE98,Sedan,CHN,2004-10,2006-05
NF31-EUR-10-2004,NF31-EUR-10-2004-E60-BMW-525xi,5 Series E60,E60,525xi,NF31,Sedan,EUR,2004-10,2007-02
NF33-USA-10-2004,NF33-USA-10-2004-E60-BMW-525xi,5 Series E60,E60,525xi,NF33,Sedan,USA,2004-10,2007-02
NL31-EUR-10-2004,NL31-EUR-10-2004-E61-BMW-523i,5 Series E61,E61,523i,NL31,Touring,EUR,2004-10,2007-02
NL32-EUR-10-2004,NL32-EUR-10-2004-E61-BMW-523i,5 Series E61,E61,523i,NL32,Touring,EUR,2004-10,2007-02
NL51-EUR-10-2004,NL51-EUR-10-2004-E61-BMW-525i,5 Series E61,E61,525i,NL51,Touring,EUR,2004-10,2007-02
NN51-EUR-10-2004,NN51-EUR-10-2004-E61-BMW-525xi,5 Series E61,E61,525xi,NN51,Touring,EUR,2004-10,2007-02
NN73-USA-10-2004,NN73-USA-10-2004-E61-BMW-530xi,5 Series E61,E61,530xi,NN73,Touring,USA,2004-10,2007-02
PD51-EUR-10-2004,PD51-EUR-10-2004-E83-BMW-X3_30d,X3 E83,E83,X3 3.0d,PD51,SUV,EUR,2004-10,2006-07
PD52-EUR-10-2004,PD52-EUR-10-2004-E83-BMW-X3_30d,X3 E83,E83,X3 3.0d,PD52,SUV,EUR,2004-10,2006-07
VA75-EUR-10-2004,VA75-EUR-10-2004-E90-BMW-320i,3 Series E90,E90,320i,VA75,Sedan,EUR,2004-10,2007-08
VA96-CHN-10-2004,VA96-CHN-10-2004-E90-BMW-320i,3 Series E90,E90,320i,VA96,Sedan,CHN,2004-10,2023-05
VB59-CHN-10-2004,VB59-CHN-10-2004-E90-BMW-325i,3 Series E90,E90,325i,VB59,Sedan,CHN,2004-10,2023-05
BT91-EUR-11-2004,BT91-EUR-11-2004-E85-BMW-Z4_M32,Z4 E85,E85,Z4 M3.2,BT91,Roadster,EUR,2004-11,2008-07
BT93-USA-11-2004,BT93-USA-11-2004-E85-BMW-Z4_M32,Z4 E85,E85,Z4 M3.2,BT93,Roadster,USA,2004-11,2008-08
BW91-EUR-11-2004,BW91-EUR-11-2004-E46-BMW-330Cd,3 Series E46,E46,330Cd,BW91,Convertible,EUR,2004-11,2006-07
BW92-EUR-11-2004,BW92-EUR-11-2004-E46-BMW-330Cd,3 Series E46,E46,330Cd,BW92,Convertible,EUR,2004-11,2006-08
NE32-EUR-11-2004,NE32-EUR-11-2004-E60-BMW-523i,5 Series E60,E60,523i,NE32,Sedan,EUR,2004-11,2007-02
BT92-EUR-12-2004,BT92-EUR-12-2004-E85-BMW-Z4_M32,Z4 E85,E85,Z4 M3.2,BT92,Roadster,EUR,2004-12,2008-07
VS11-EUR-12-2004,VS11-EUR-12-2004-E91-BMW-325i,3 Series E91,E91,325i,VS11,Touring,EUR,2004-12,2007-08
VS12-EUR-12-2004,VS12-EUR-12-2004-E91-BMW-325i,3 Series E91,E91,325i,VS12,Touring,EUR,2004-12,2007-08
VS31-EUR-12-2004,VS31-EUR-12-2004-E91-BMW-330i,3 Series E91,E91,330i,VS31,Touring,EUR,2004-12,2007-08
VT91-EUR-12-2004,VT91-EUR-12-2004-E91-BMW-330xd,3 Series E91,E91,330xd,VT91,Touring,EUR,2004-12,2008-08
VU32-EUR-12-2004,VU32-EUR-12-2004-E91-BMW-320d,3 Series E91,E91,320d,VU32,Touring,EUR,2004-12,2007-08
HL02-EUR-01-2005,HL02-EUR-01-2005-E65-BMW-760i,7 Series E65,E65,760i,HL02,Sedan,EUR,2005-01,2008-04
HN02-EUR-01-2005,HN02-EUR-01-2005-E66-BMW-760Li,7 Series E66,E66,760Li,HN02,Sedan,EUR,2005-01,2008-06
HN62-EUR-01-2005,HN62-EUR-01-2005-E66-BMW-740Li,7 Series E66,E66,740Li,HN62,Sedan,EUR,2005-01,2008-06
VT11-EUR-01-2005,VT11-EUR-01-2005-E91-BMW-325xi,3 Series E91,E91,325xi,VT11,Touring,EUR,2005-01,2007-08
VT13-USA-01-2005,VT13-USA-01-2005-E91-BMW-325xi,3 Series E91,E91,325xi,VT13,Touring,USA,2005-01,2006-08
EH11-EUR-02-2005,EH11-EUR-02-2005-E63-BMW-650i,6 Series E63,E63,650i,EH11,Coupe,EUR,2005-02,2007-07
EH12-EUR-02-2005,EH12-EUR-02-2005-E63-BMW-650i,6 Series E63,E63,650i,EH12,Coupe,EUR,2005-02,2007-07
EK11-EUR-02-2005,EK11-EUR-02-2005-E64-BMW-650i,6 Series E64,E64,650i,EK11,Convertible,EUR,2005-02,2007-07
EK13-USA-02-2005,EK13-USA-02-2005-E64-BMW-650i,6 Series E64,E64,650i,EK13,Convertible,USA,2005-02,2007-07
HP61-EUR-02-2005,HP61-EUR-02-2005-E67-BMW-745LiS,7 Series E67,E67,745LiS,HP61,Sedan,EUR,2005-02,2008-06
NB11-EUR-02-2005,NB11-EUR-02-2005-E60-BMW-540i,5 Series E60,E60,540i,NB11,Sedan,EUR,2005-02,2007-02
NB12-EUR-02-2005,NB12-EUR-02-2005-E60-BMW-540i,5 Series E60,E60,540i,NB12,Sedan,EUR,2005-02,2007-02
NB51-EUR-02-2005,NB51-EUR-02-2005-E60-BMW-550i,5 Series E60,E60,550i,NB51,Sedan,EUR,2005-02,2007-02
NB53-USA-02-2005,NB53-USA-02-2005-E60-BMW-550i,5 Series E60,E60,550i,NB53,Sedan,USA,2005-02,2007-02
NC31-EUR-02-2005,NC31-EUR-02-2005-E60-BMW-520d,5 Series E60,E60,520d,NC31,Sedan,EUR,2005-02,2007-02
NC32-EUR-02-2005,NC32-EUR-02-2005-E60-BMW-520d,5 Series E60,E60,520d,NC32,Sedan,EUR,2005-02,2007-02
NH51-EUR-02-2005,NH51-EUR-02-2005-E61-BMW-550i,5 Series E61,E61,550i,NH51,Touring,EUR,2005-02,2007-02
NM71-EUR-02-2005,NM71-EUR-02-2005-E60-BMW-530xd,5 Series E60,E60,530xd,NM71,Sedan,EUR,2005-02,2007-02
NP71-EUR-02-2005,NP71-EUR-02-2005-E61-BMW-530xd,5 Series E61,E61,530xd,NP71,Touring,EUR,2005-02,2007-02
NR71-EUR-02-2005,NR71-EUR-02-2005-E60-BMW-530d,5 Series E60,E60,530d,NR71,Sedan,EUR,2005-02,2007-02
NS71-EUR-02-2005,NS71-EUR-02-2005-E61-BMW-530d,5 Series E61,E61,530d,NS71,Touring,EUR,2005-02,2007-02
VA97-THA-02-2005,VA97-THA-02-2005-E90-BMW-320i,3 Series E90,E90,320i,VA97,Sedan,THA,2005-02,2007-03
VB38-THA-02-2005,VB38-THA-02-2005-E90-BMW-330i,3 Series E90,E90,330i,VB38,Sedan,THA,2005-02,2005-09
EH13-USA-03-2005,EH13-USA-03-2005-E63-BMW-650i,6 Series E63,E63,650i,EH13,Coupe,USA,2005-03,2007-07
EH92-EUR-03-2005,EH92-EUR-03-2005-E63-BMW-M6,6 Series E63,E63,M6,EH92,Coupe,EUR,2005-03,2010-06
HM41-EUR-03-2005,HM41-EUR-03-2005-E66-BMW-730Ld,7 Series E66,E66,730Ld,HM41,Sedan,EUR,2005-03,2008-07
HN25-THA-03-2005,HN25-THA-03-2005-E66-BMW-730Li,7 Series E66,E66,730Li,HN25,Sedan,THA,2005-03,2008-04
NE37-IDN-03-2005,NE37-IDN-03-2005-E60-BMW-523i,5 Series E60,E60,523i,NE37,Sedan,IDN,2005-03,2005-11
NE77-IDN-03-2005,NE77-IDN-03-2005-E60-BMW-530i,5 Series E60,E60,530i,NE77,Sedan,IDN,2005-03,2006-04
UF91-EUR-03-2005,UF91-EUR-03-2005-E87-BMW-130i,1 Series E87,E87,130i,UF91,5 doors,EUR,2005-03,2007-02
UF92-EUR-03-2005,UF92-EUR-03-2005-E87-BMW-130i,1 Series E87,E87,130i,UF92,5 doors,EUR,2005-03,2007-02
VA77-IDN-03-2005,VA77-IDN-03-2005-E90-BMW-320i,3 Series E90,E90,320i,VA77,Sedan,IDN,2005-03,2005-11
VA98-RUS-03-2005,VA98-RUS-03-2005-E90-BMW-320i,3 Series E90,E90,320i,VA98,Sedan,RUS,2005-03,2007-08
VB52-EUR-03-2005,VB52-EUR-03-2005-E90-BMW-323i,3 Series E90,E90,323i,VB52,Sedan,EUR,2005-03,2005-10
VB53-USA-03-2005,VB53-USA-03-2005-E90-BMW-323i,3 Series E90,E90,323i,VB53,Sedan,USA,2005-03,2006-08
VD33-USA-03-2005,VD33-USA-03-2005-E90-BMW-330xi,3 Series E90,E90,330xi,VD33,Sedan,USA,2005-03,2006-08
VR72-EUR-03-2005,VR72-EUR-03-2005-E91-BMW-320i,3 Series E91,E91,320i,VR72,Touring,EUR,2005-03,2007-08
VS51-EUR-03-2005,VS51-EUR-03-2005-E91-BMW-323i,3 Series E91,E91,323i,VS51,Touring,EUR,2005-03,2005-06
VU92-EUR-03-2005,VU92-EUR-03-2005-E91-BMW-330d,3 Series E91,E91,330d,VU92,Touring,EUR,2005-03,2008-07
BU32-EUR-04-2005,BU32-EUR-04-2005-E85-BMW-Z4_25si,Z4 E85,E85,Z4 2.5si,BU32,Roadster,EUR,2005-04,2008-07
EK12-EUR-04-2005,EK12-EUR-04-2005-E64-BMW-650i,6 Series E64,E64,650i,EK12,Convertible,EUR,2005-04,2007-07
HM42-EUR-04-2005,HM42-EUR-04-2005-E66-BMW-730Ld,7 Series E66,E66,730Ld,HM42,Sedan,EUR,2005-04,2008-07
HN65-THA-04-2005,HN65-THA-04-2005-E66-BMW-740Li,7 Series E66,E66,740Li,HN65,Sedan,THA,2005-04,2007-03
NB52-EUR-04-2005,NB52-EUR-04-2005-E60-BMW-550i,5 Series E60,E60,550i,NB52,Sedan,EUR,2005-04,2007-02
NE34-MYS-04-2005,NE34-MYS-04-2005-E60-BMW-523i,5 Series E60,E60,523i,NE34,Sedan,MYS,2005-04,2007-02
NE54-MYS-04-2005,NE54-MYS-04-2005-E60-BMW-525i,5 Series E60,E60,525i,NE54,Sedan,MYS,2005-04,2007-02
NE59-RUS-04-2005,NE59-RUS-04-2005-E60-BMW-525i,5 Series E60,E60,525i,NE59,Sedan,RUS,2005-04,2007-01
NE74-MYS-04-2005,NE74-MYS-04-2005-E60-BMW-530i,5 Series E60,E60,530i,NE74,Sedan,MYS,2005-04,2007-02
NH52-EUR-04-2005,NH52-EUR-04-2005-E61-BMW-550i,5 Series E61,E61,550i,NH52,Touring,EUR,2005-04,2007-02
NJ31-EUR-04-2005,NJ31-EUR-04-2005-E61-BMW-520d,5 Series E61,E61,520d,NJ31,Touring,EUR,2005-04,2007-02
NJ32-EUR-04-2005,NJ32-EUR-04-2005-E61-BMW-520d,5 Series E61,E61,520d,NJ32,Touring,EUR,2005-04,2007-02
NR72-EUR-04-2005,NR72-EUR-04-2005-E60-BMW-530d,5 Series E60,E60,530d,NR72,Sedan,EUR,2005-04,2007-02
VA52-EUR-04-2005,VA52-EUR-04-2005-E90-BMW-318i,3 Series E90,E90,318i,VA52,Sedan,EUR,2005-04,2007-08
VB19-IDN-04-2005,VB19-IDN-04-2005-E90-BMW-325i,3 Series E90,E90,325i,VB19,Sedan,IDN,2005-04,2005-09
VB55-EUR-04-2005,VB55-EUR-04-2005-E90-BMW-323i,3 Series E90,E90,323i,VB55,Sedan,EUR,2005-04,2007-03
VB56-EUR-04-2005,VB56-EUR-04-2005-E90-BMW-323i,3 Series E90,E90,323i,VB56,Sedan,EUR,2005-04,2007-03
VC12-EUR-04-2005,VC12-EUR-04-2005-E90-BMW-318d,3 Series E90,E90,318d,VC12,Sedan,EUR,2005-04,2007-08
VS32-EUR-04-2005,VS32-EUR-04-2005-E91-BMW-330i,3 Series E91,E91,330i,VS32,Touring,EUR,2005-04,2007-08
HP82-EUR-05-2005,HP82-EUR-05-2005-E67-BMW-760LiS,7 Series E67,E67,760LiS,HP82,Sedan,EUR,2005-05,2008-06
NE36-EGY-05-2005,NE36-EGY-05-2005-E60-BMW-523i,5 Series E60,E60,523i,NE36,Sedan,EGY,2005-05,2007-02
NE76-EGY-05-2005,NE76-EGY-05-2005-E60-BMW-530i,5 Series E60,E60,530i,NE76,Sedan,EGY,2005-05,2006-12
NE78-RUS-05-2005,NE78-RUS-05-2005-E60-BMW-530i,5 Series E60,E60,530i,NE78,Sedan,RUS,2005-05,2007-01
NS72-EUR-05-2005,NS72-EUR-05-2005-E61-BMW-530d,5 Series E61,E61,530d,NS72,Touring,EUR,2005-05,2007-02
VA99-EGY-05-2005,VA99-EGY-05-2005-E90-BMW-320i,3 Series E90,E90,320i,VA99,Sedan,EGY,2005-05,2007-07
VC96-EUR-05-2005,VC96-EUR-05-2005-E90-BMW-330d,3 Series E90,E90,330d,VC96,Sedan,EUR,2005-05,2008-08
WB31-EUR-05-2005,WB31-EUR-05-2005-E92-BMW-325i,3 Series E92,E92,325i,WB31,Coupe,EUR,2005-05,2010-02
WB33-USA-05-2005,WB33-USA-05-2005-E92-BMW-328i,3 Series E92,E92,328i,WB33,Coupe,USA,2005-05,2010-02
WB51-EUR-05-2005,WB51-EUR-05-2005-E92-BMW-330i,3 Series E92,E92,330i,WB51,Coupe,EUR,2005-05,2010-02
WC91-EUR-05-2005,WC91-EUR-05-2005-E92-BMW-330xd,3 Series E92,E92,330xd,WC91,Coupe,EUR,2005-05,2008-08
WD51-EUR-05-2005,WD51-EUR-05-2005-E92-BMW-330d,3 Series E92,E92,330d,WD51,Coupe,EUR,2005-05,2008-08
WD71-EUR-05-2005,WD71-EUR-05-2005-E92-BMW-335d,3 Series E92,E92,335d,WD71,Coupe,EUR,2005-05,2010-02
WD72-EUR-05-2005,WD72-EUR-05-2005-E92-BMW-335d,3 Series E92,E92,335d,WD72,Coupe,EUR,2005-05,2010-02
WE31-EUR-05-2005,WE31-EUR-05-2005-E92-BMW-325i,3 Series E92,E92,325i,WE31,Coupe,EUR,2005-05,2010-02
9252-EUR-06-2005,9252-EUR-06-2005-A67-BMW-A67_9252_,A67,A67,A67 (9252),9252,,EUR,2005-06,2005-09
NE56-EGY-06-2005,NE56-EGY-06-2005-E60-BMW-525i,5 Series E60,E60,525i,NE56,Sedan,EGY,2005-06,2007-02
VB97-THA-06-2005,VB97-THA-06-2005-E90-BMW-325i,3 Series E90,E90,325i,VB97,Sedan,THA,2005-06,2005-09
WB32-EUR-06-2005,WB32-EUR-06-2005-E92-BMW-325i,3 Series E92,E92,325i,WB32,Coupe,EUR,2005-06,2010-02
WB73-USA-06-2005,WB73-USA-06-2005-E92-BMW-335i,3 Series E92,E92,335i,WB73,Coupe,USA,2005-06,2010-02
WC51-EUR-06-2005,WC51-EUR-06-2005-E92-BMW-330xi,3 Series E92,E92,330xi,WC51,Coupe,EUR,2005-06,2007-08
WD11-EUR-06-2005,WD11-EUR-06-2005-E92-BMW-320d,3 Series E92,E92,320d,WD11,Coupe,EUR,2005-06,2010-02
WE71-EUR-06-2005,WE71-EUR-06-2005-E92-BMW-330i,3 Series E92,E92,330i,WE71,Coupe,EUR,2005-06,2010-02
WV53-USA-06-2005,WV53-USA-06-2005-E92-BMW-328xi,3 Series E92,E92,328xi,WV53,Coupe,USA,2005-06,2010-02
EK91-EUR-07-2005,EK91-EUR-07-2005-E64-BMW-M6,6 Series E64,E64,M6,EK91,Convertible,EUR,2005-07,2010-07
EK92-EUR-07-2005,EK92-EUR-07-2005-E64-BMW-M6,6 Series E64,E64,M6,EK92,Convertible,EUR,2005-07,2010-06
EK93-USA-07-2005,EK93-USA-07-2005-E64-BMW-M6,6 Series E64,E64,M6,EK93,Convertible,USA,2005-07,2010-07
PA75-THA-09-2005,PA75-THA-09-2005-E83-BMW-X3_25i,X3 E83,E83,X3 2.5i,PA75,SUV,THA,2005-09,2006-06
VB14-RUS-09-2005,VB14-RUS-09-2005-E90-BMW-325i,3 Series E90,E90,325i,VB14,Sedan,RUS,2005-09,2007-02
VF71-EUR-09-2005,VF71-EUR-09-2005-E90-BMW-320si,3 Series E90,E90,320si,VF71,Sedan,EUR,2005-09,2006-08
VR51-EUR-09-2005,VR51-EUR-09-2005-E91-BMW-318i,3 Series E91,E91,318i,VR51,Touring,EUR,2005-09,2007-08
VU11-EUR-09-2005,VU11-EUR-09-2005-E91-BMW-318d,3 Series E91,E91,318d,VU11,Touring,EUR,2005-09,2007-08
WK51-EUR-09-2005,WK51-EUR-09-2005-E93-BMW-320i,3 Series E93,E93,320i,WK51,Convertible,EUR,2005-09,2010-02
WL13-USA-09-2005,WL13-USA-09-2005-E93-BMW-328i,3 Series E93,E93,328i,WL13,Convertible,USA,2005-09,2010-02
WM51-EUR-09-2005,WM51-EUR-09-2005-E93-BMW-330d,3 Series E93,E93,330d,WM51,Convertible,EUR,2005-09,2009-02
WN72-EUR-09-2005,WN72-EUR-09-2005-E93-BMW-330i,3 Series E93,E93,330i,WN72,Convertible,EUR,2005-09,2010-02
DU51-EUR-10-2005,DU51-EUR-10-2005-E86-BMW-Z4_30si,Z4 E86,E86,Z4 3.0si,DU51,Coupe,EUR,2005-10,2008-08
DU52-EUR-10-2005,DU52-EUR-10-2005-E86-BMW-Z4_30si,Z4 E86,E86,Z4 3.0si,DU52,Coupe,EUR,2005-10,2008-08
DU53-USA-10-2005,DU53-USA-10-2005-E86-BMW-Z4_30si,Z4 E86,E86,Z4 3.0si,DU53,Coupe,USA,2005-10,2008-08
DU91-EUR-10-2005,DU91-EUR-10-2005-E86-BMW-Z4_M32,Z4 E86,E86,Z4 M3.2,DU91,Coupe,EUR,2005-10,2008-07
DU93-USA-10-2005,DU93-USA-10-2005-E86-BMW-Z4_M32,Z4 E86,E86,Z4 M3.2,DU93,Coupe,USA,2005-10,2008-08
NY71-EUR-10-2005,NY71-EUR-10-2005-E60N-BMW-530xd,5 Series E60 LCI,E60N,530xd,NY71,Sedan,EUR,2005-10,2009-12
VA12-EUR-10-2005,VA12-EUR-10-2005-E90-BMW-316i,3 Series E90,E90,316i,VA12,Sedan,EUR,2005-10,2007-08
VB99-MYS-10-2005,VB99-MYS-10-2005-E90-BMW-325i,3 Series E90,E90,325i,VB99,Sedan,MYS,2005-10,2007-02
VF72-EUR-10-2005,VF72-EUR-10-2005-E90-BMW-320si,3 Series E90,E90,320si,VF72,Sedan,EUR,2005-10,2006-07
VR52-EUR-10-2005,VR52-EUR-10-2005-E91-BMW-318i,3 Series E91,E91,318i,VR52,Touring,EUR,2005-10,2007-08
VS52-EUR-10-2005,VS52-EUR-10-2005-E91-BMW-323i,3 Series E91,E91,323i,VS52,Touring,EUR,2005-10,2007-02
VU12-EUR-10-2005,VU12-EUR-10-2005-E91-BMW-318d,3 Series E91,E91,318d,VU12,Touring,EUR,2005-10,2007-08
WK71-EUR-10-2005,WK71-EUR-10-2005-E93-BMW-320i,3 Series E93,E93,320i,WK71,Convertible,EUR,2005-10,2010-02
WK72-EUR-10-2005,WK72-EUR-10-2005-E93-BMW-320i,3 Series E93,E93,320i,WK72,Convertible,EUR,2005-10,2010-02
WL51-EUR-10-2005,WL51-EUR-10-2005-E93-BMW-330i,3 Series E93,E93,330i,WL51,Convertible,EUR,2005-10,2010-02
WL52-EUR-10-2005,WL52-EUR-10-2005-E93-BMW-330i,3 Series E93,E93,330i,WL52,Convertible,EUR,2005-10,2010-02
WL71-EUR-10-2005,WL71-EUR-10-2005-E93-BMW-335i,3 Series E93,E93,335i,WL71,Convertible,EUR,2005-10,2010-02
WL73-USA-10-2005,WL73-USA-10-2005-E93-BMW-335i,3 Series E93,E93,335i,WL73,Convertible,USA,2005-10,2010-02
WM52-EUR-10-2005,WM52-EUR-10-2005-E93-BMW-330d,3 Series E93,E93,330d,WM52,Convertible,EUR,2005-10,2009-02
WR33-USA-10-2005,WR33-USA-10-2005-E93-BMW-328i,3 Series E93,E93,328i,WR33,Convertible,USA,2005-10,2010-02
ND71-EUR-11-2005,ND71-EUR-11-2005-E60N-BMW-530i,5 Series E60 LCI,E60N,530i,ND71,Sedan,EUR,2005-11,2009-12
NK71-EUR-11-2005,NK71-EUR-11-2005-E61N-BMW-530i,5 Series E61 LCI,E61N,530i,NK71,Touring,EUR,2005-11,2010-04
NU11-EUR-11-2005,NU11-EUR-11-2005-E60N-BMW-523i,5 Series E60 LCI,E60N,523i,NU11,Sedan,EUR,2005-11,2009-12
NU31-EUR-11-2005,NU31-EUR-11-2005-E60N-BMW-523i,5 Series E60 LCI,E60N,523i,NU31,Sedan,EUR,2005-11,2009-12
NU53-USA-11-2005,NU53-USA-11-2005-E60N-BMW-528i,5 Series E60 LCI,E60N,528i,NU53,Sedan,USA,2005-11,2009-12
NU71-EUR-11-2005,NU71-EUR-11-2005-E60N-BMW-525i,5 Series E60 LCI,E60N,525i,NU71,Sedan,EUR,2005-11,2009-12
NU91-EUR-11-2005,NU91-EUR-11-2005-E60N-BMW-530i,5 Series E60 LCI,E60N,530i,NU91,Sedan,EUR,2005-11,2009-12
NV13-USA-11-2005,NV13-USA-11-2005-E60N-BMW-528xi,5 Series E60 LCI,E60N,528xi,NV13,Sedan,USA,2005-11,2009-12
NV51-EUR-11-2005,NV51-EUR-11-2005-E60N-BMW-530xi,5 Series E60 LCI,E60N,530xi,NV51,Sedan,EUR,2005-11,2009-10
NV71-EUR-11-2005,NV71-EUR-11-2005-E60N-BMW-530xi,5 Series E60 LCI,E60N,530xi,NV71,Sedan,EUR,2005-11,2009-12
NW31-EUR-11-2005,NW31-EUR-11-2005-E60N-BMW-540i,5 Series E60 LCI,E60N,540i,NW31,Sedan,EUR,2005-11,2009-12
NW51-EUR-11-2005,NW51-EUR-11-2005-E60N-BMW-550i,5 Series E60 LCI,E60N,550i,NW51,Sedan,EUR,2005-11,2009-12
NW53-USA-11-2005,NW53-USA-11-2005-E60N-BMW-550i,5 Series E60 LCI,E60N,550i,NW53,Sedan,USA,2005-11,2009-12
NX51-EUR-11-2005,NX51-EUR-11-2005-E60N-BMW-525d,5 Series E60 LCI,E60N,525d,NX51,Sedan,EUR,2005-11,2009-12
NX71-EUR-11-2005,NX71-EUR-11-2005-E60N-BMW-530d,5 Series E60 LCI,E60N,530d,NX71,Sedan,EUR,2005-11,2009-12
NX91-EUR-11-2005,NX91-EUR-11-2005-E60N-BMW-535d,5 Series E60 LCI,E60N,535d,NX91,Sedan,EUR,2005-11,2009-12
PU11-EUR-11-2005,PU11-EUR-11-2005-E61N-BMW-523i,5 Series E61 LCI,E61N,523i,PU11,Touring,EUR,2005-11,2010-01
PU31-EUR-11-2005,PU31-EUR-11-2005-E61N-BMW-523i,5 Series E61 LCI,E61N,523i,PU31,Touring,EUR,2005-11,2010-05
PU32-EUR-11-2005,PU32-EUR-11-2005-E61N-BMW-523i,5 Series E61 LCI,E61N,523i,PU32,Touring,EUR,2005-11,2010-03
PU71-EUR-11-2005,PU71-EUR-11-2005-E61N-BMW-525i,5 Series E61 LCI,E61N,525i,PU71,Touring,EUR,2005-11,2010-05
PU91-EUR-11-2005,PU91-EUR-11-2005-E61N-BMW-530i,5 Series E61 LCI,E61N,530i,PU91,Touring,EUR,2005-11,2009-02
PV31-EUR-11-2005,PV31-EUR-11-2005-E61N-BMW-525xi,5 Series E61 LCI,E61N,525xi,PV31,Touring,EUR,2005-11,2010-05
PV51-EUR-11-2005,PV51-EUR-11-2005-E61N-BMW-530xi,5 Series E61 LCI,E61N,530xi,PV51,Touring,EUR,2005-11,2010-03
PW51-EUR-11-2005,PW51-EUR-11-2005-E61N-BMW-550i,5 Series E61 LCI,E61N,550i,PW51,Touring,EUR,2005-11,2010-03
PX51-EUR-11-2005,PX51-EUR-11-2005-E61N-BMW-525d,5 Series E61 LCI,E61N,525d,PX51,Touring,EUR,2005-11,2010-05
PX52-EUR-11-2005,PX52-EUR-11-2005-E61N-BMW-525d,5 Series E61 LCI,E61N,525d,PX52,Touring,EUR,2005-11,2010-03
PX71-EUR-11-2005,PX71-EUR-11-2005-E61N-BMW-530d,5 Series E61 LCI,E61N,530d,PX71,Touring,EUR,2005-11,2010-05
PX72-EUR-11-2005,PX72-EUR-11-2005-E61N-BMW-530d,5 Series E61 LCI,E61N,530d,PX72,Touring,EUR,2005-11,2010-04
PX91-EUR-11-2005,PX91-EUR-11-2005-E61N-BMW-535d,5 Series E61 LCI,E61N,535d,PX91,Touring,EUR,2005-11,2010-05
PX92-EUR-11-2005,PX92-EUR-11-2005-E61N-BMW-535d,5 Series E61 LCI,E61N,535d,PX92,Touring,EUR,2005-11,2010-04
PY71-EUR-11-2005,PY71-EUR-11-2005-E61N-BMW-530xd,5 Series E61 LCI,E61N,530xd,PY71,Touring,EUR,2005-11,2010-05
VA74-MYS-11-2005,VA74-MYS-11-2005-E90-BMW-320i,3 Series E90,E90,320i,VA74,Sedan,MYS,2005-11,2007-07
WB71-EUR-11-2005,WB71-EUR-11-2005-E92-BMW-335i,3 Series E92,E92,335i,WB71,Coupe,EUR,2005-11,2010-02
WB72-EUR-11-2005,WB72-EUR-11-2005-E92-BMW-335i,3 Series E92,E92,335i,WB72,Coupe,EUR,2005-11,2010-02
WC31-EUR-11-2005,WC31-EUR-11-2005-E92-BMW-325xi,3 Series E92,E92,325xi,WC31,Coupe,EUR,2005-11,2010-02
NK72-EUR-12-2005,NK72-EUR-12-2005-E61N-BMW-530i,5 Series E61 LCI,E61N,530i,NK72,Touring,EUR,2005-12,2010-03
NU92-EUR-12-2005,NU92-EUR-12-2005-E60N-BMW-530i,5 Series E60 LCI,E60N,530i,NU92,Sedan,EUR,2005-12,2009-12
NW52-EUR-12-2005,NW52-EUR-12-2005-E60N-BMW-550i,5 Series E60 LCI,E60N,550i,NW52,Sedan,EUR,2005-12,2009-11
PU51-EUR-12-2005,PU51-EUR-12-2005-E61N-BMW-525i,5 Series E61 LCI,E61N,525i,PU51,Touring,EUR,2005-12,2008-07
PV71-EUR-12-2005,PV71-EUR-12-2005-E61N-BMW-530xi,5 Series E61 LCI,E61N,530xi,PV71,Touring,EUR,2005-12,2010-04
PV91-EUR-12-2005,PV91-EUR-12-2005-E61N-BMW-M5,5 Series E61 LCI,E61N,M5,PV91,Touring,EUR,2005-12,2010-04
WE32-EUR-12-2005,WE32-EUR-12-2005-E92-BMW-325i,3 Series E92,E92,325i,WE32,Coupe,EUR,2005-12,2010-02
WV13-USA-12-2005,WV13-USA-12-2005-E92-BMW-328i,3 Series E92,E92,328i,WV13,Coupe,USA,2005-12,2010-02
UD51-EUR-01-2006,UD51-EUR-01-2006-E87N-BMW-130i,1 Series E87 LCI,E87N,130i,UD51,5 doors,EUR,2006-01,2011-06
UD71-EUR-01-2006,UD71-EUR-01-2006-E87N-BMW-118d,1 Series E87 LCI,E87N,118d,UD71,5 doors,EUR,2006-01,2011-06
DU92-EUR-02-2006,DU92-EUR-02-2006-E86-BMW-Z4_M32,Z4 E86,E86,Z4 M3.2,DU92,Coupe,EUR,2006-02,2008-06
FE43-USA-02-2006,FE43-USA-02-2006-E70-BMW-X5_30si,X5 E70,E70,X5 3.0si,FE43,SUV,USA,2006-02,2010-03
FE83-USA-02-2006,FE83-USA-02-2006-E70-BMW-X5_48i,X5 E70,E70,X5 4.8i,FE83,SUV,USA,2006-02,2010-03
FF41-EUR-02-2006,FF41-EUR-02-2006-E70-BMW-X5_30d,X5 E70,E70,X5 3.0d,FF41,SUV,EUR,2006-02,2010-03
PA96-EGY-02-2006,PA96-EGY-02-2006-E83-BMW-X3_30i,X3 E83,E83,X3 3.0i,PA96,SUV,EGY,2006-02,2006-07
PC91-EUR-02-2006,PC91-EUR-02-2006-E83N-BMW-X3_30si,X3 E83 LCI,E83N,X3 3.0si,PC91,SUV,EUR,2006-02,2010-08
UB11-EUR-02-2006,UB11-EUR-02-2006-E81-BMW-130i,1 Series E81,E81,130i,UB11,3 doors,EUR,2006-02,2011-12
UB51-EUR-02-2006,UB51-EUR-02-2006-E81-BMW-120d,1 Series E81,E81,120d,UB51,3 doors,EUR,2006-02,2011-12
UB91-EUR-02-2006,UB91-EUR-02-2006-E81-BMW-118i,1 Series E81,E81,118i,UB91,3 doors,EUR,2006-02,2011-12
UD11-EUR-02-2006,UD11-EUR-02-2006-E87N-BMW-120i,1 Series E87 LCI,E87N,120i,UD11,5 doors,EUR,2006-02,2011-06
UD91-EUR-02-2006,UD91-EUR-02-2006-E87N-BMW-120d,1 Series E87 LCI,E87N,120d,UD91,5 doors,EUR,2006-02,2011-06
UE12-EUR-02-2006,UE12-EUR-02-2006-E87N-BMW-116i_16,1 Series E87 LCI,E87N,116i 1.6,UE12,5 doors,EUR,2006-02,2011-06
UE51-EUR-02-2006,UE51-EUR-02-2006-E87N-BMW-118i,1 Series E87 LCI,E87N,118i,UE51,5 doors,EUR,2006-02,2011-06
HL43-USA-03-2006,HL43-USA-03-2006-E65-BMW-BMW_ALPINA_B7,7 Series E65,E65,BMW ALPINA B7,HL43,Sedan,USA,2006-03,2008-01
PC32-EUR-03-2006,PC32-EUR-03-2006-E83N-BMW-X3_20i,X3 E83 LCI,E83N,X3 2.0i,PC32,SUV,EUR,2006-03,2008-11
PC71-EUR-03-2006,PC71-EUR-03-2006-E83N-BMW-X3_25si,X3 E83 LCI,E83N,X3 2.5si,PC71,SUV,EUR,2006-03,2010-08
PC72-EUR-03-2006,PC72-EUR-03-2006-E83N-BMW-X3_25si,X3 E83 LCI,E83N,X3 2.5si,PC72,SUV,EUR,2006-03,2010-07
PC73-USA-03-2006,PC73-USA-03-2006-E83N-BMW-X3_30i,X3 E83 LCI,E83N,X3 3.0i,PC73,SUV,USA,2006-03,2010-07
PC92-EUR-03-2006,PC92-EUR-03-2006-E83N-BMW-X3_30si,X3 E83 LCI,E83N,X3 3.0si,PC92,SUV,EUR,2006-03,2010-05
PC93-USA-03-2006,PC93-USA-03-2006-E83N-BMW-X3_30si,X3 E83 LCI,E83N,X3 3.0si,PC93,SUV,USA,2006-03,2010-08
PD11-EUR-03-2006,PD11-EUR-03-2006-E83N-BMW-X3_20d,X3 E83 LCI,E83N,X3 2.0d,PD11,SUV,EUR,2006-03,2007-08
PD71-EUR-03-2006,PD71-EUR-03-2006-E83N-BMW-X3_30sd,X3 E83 LCI,E83N,X3 3.0sd,PD71,SUV,EUR,2006-03,2010-08
PD72-EUR-03-2006,PD72-EUR-03-2006-E83N-BMW-X3_30sd,X3 E83 LCI,E83N,X3 3.0sd,PD72,SUV,EUR,2006-03,2010-06
PD91-EUR-03-2006,PD91-EUR-03-2006-E83N-BMW-X3_30d,X3 E83 LCI,E83N,X3 3.0d,PD91,SUV,EUR,2006-03,2010-08
VA33-USA-03-2006,VA33-USA-03-2006-E90-BMW-328i,3 Series E90,E90,328i,VA33,Sedan,USA,2006-03,2008-08
VB71-EUR-03-2006,VB71-EUR-03-2006-E90-BMW-335i,3 Series E90,E90,335i,VB71,Sedan,EUR,2006-03,2008-08
VB72-EUR-03-2006,VB72-EUR-03-2006-E90-BMW-335i,3 Series E90,E90,335i,VB72,Sedan,EUR,2006-03,2008-07
VB73-USA-03-2006,VB73-USA-03-2006-E90-BMW-335i,3 Series E90,E90,335i,VB73,Sedan,USA,2006-03,2008-07
VC51-EUR-03-2006,VC51-EUR-03-2006-E90-BMW-325d,3 Series E90,E90,325d,VC51,Sedan,EUR,2006-03,2008-08
VC53-USA-03-2006,VC53-USA-03-2006-E90-BMW-328i,3 Series E90,E90,328i,VC53,Sedan,USA,2006-03,2008-08
VC73-USA-03-2006,VC73-USA-03-2006-E90-BMW-328xi,3 Series E90,E90,328xi,VC73,Sedan,USA,2006-03,2008-08
VC93-USA-03-2006,VC93-USA-03-2006-E90-BMW-328xi,3 Series E90,E90,328xi,VC93,Sedan,USA,2006-03,2008-08
VD71-EUR-03-2006,VD71-EUR-03-2006-E90-BMW-335d,3 Series E90,E90,335d,VD71,Sedan,EUR,2006-03,2008-07
VH13-USA-03-2006,VH13-USA-03-2006-E90-BMW-323i,3 Series E90,E90,323i,VH13,Sedan,USA,2006-03,2008-07
VS71-EUR-03-2006,VS71-EUR-03-2006-E91-BMW-335i,3 Series E91,E91,335i,VS71,Touring,EUR,2006-03,2008-07
VS72-EUR-03-2006,VS72-EUR-03-2006-E91-BMW-335i,3 Series E91,E91,335i,VS72,Touring,EUR,2006-03,2008-08
VS91-EUR-03-2006,VS91-EUR-03-2006-E91-BMW-335d,3 Series E91,E91,335d,VS91,Touring,EUR,2006-03,2008-08
VS92-EUR-03-2006,VS92-EUR-03-2006-E91-BMW-335d,3 Series E91,E91,335d,VS92,Touring,EUR,2006-03,2008-08
VT73-USA-03-2006,VT73-USA-03-2006-E91-BMW-328xi,3 Series E91,E91,328xi,VT73,Touring,USA,2006-03,2008-08
VU71-EUR-03-2006,VU71-EUR-03-2006-E91-BMW-325d,3 Series E91,E91,325d,VU71,Touring,EUR,2006-03,2008-08
WB52-EUR-03-2006,WB52-EUR-03-2006-E92-BMW-330i,3 Series E92,E92,330i,WB52,Coupe,EUR,2006-03,2010-01
WC33-USA-03-2006,WC33-USA-03-2006-E92-BMW-328xi,3 Series E92,E92,328xi,WC33,Coupe,USA,2006-03,2010-02
WD52-EUR-03-2006,WD52-EUR-03-2006-E92-BMW-330d,3 Series E92,E92,330d,WD52,Coupe,EUR,2006-03,2008-08
EA31-EUR-04-2006,EA31-EUR-04-2006-E63N-BMW-630i,6 Series E63 LCI,E63N,630i,EA31,Coupe,EUR,2006-04,2010-07
EA51-EUR-04-2006,EA51-EUR-04-2006-E63N-BMW-650i,6 Series E63 LCI,E63N,650i,EA51,Coupe,EUR,2006-04,2010-07
EA53-USA-04-2006,EA53-USA-04-2006-E63N-BMW-650i,6 Series E63 LCI,E63N,650i,EA53,Coupe,USA,2006-04,2010-07
EB31-EUR-04-2006,EB31-EUR-04-2006-E64N-BMW-630i,6 Series E64 LCI,E64N,630i,EB31,Convertible,EUR,2006-04,2010-07
EB32-EUR-04-2006,EB32-EUR-04-2006-E64N-BMW-630i,6 Series E64 LCI,E64N,630i,EB32,Convertible,EUR,2006-04,2010-07
EB51-EUR-04-2006,EB51-EUR-04-2006-E64N-BMW-650i,6 Series E64 LCI,E64N,650i,EB51,Convertible,EUR,2006-04,2010-07
EB71-EUR-04-2006,EB71-EUR-04-2006-E64N-BMW-635d,6 Series E64 LCI,E64N,635d,EB71,Convertible,EUR,2006-04,2010-07
NT11-EUR-04-2006,NT11-EUR-04-2006-E60N-BMW-520i,5 Series E60 LCI,E60N,520i,NT11,Sedan,EUR,2006-04,2009-12
NT12-EUR-04-2006,NT12-EUR-04-2006-E60N-BMW-520i,5 Series E60 LCI,E60N,520i,NT12,Sedan,EUR,2006-04,2009-12
NT31-EUR-04-2006,NT31-EUR-04-2006-E60N-BMW-520i,5 Series E60 LCI,E60N,520i,NT31,Sedan,EUR,2006-04,2009-12
NV93-USA-04-2006,NV93-USA-04-2006-E60N-BMW-535xi,5 Series E60 LCI,E60N,535xi,NV93,Sedan,USA,2006-04,2009-12
NW13-USA-04-2006,NW13-USA-04-2006-E60N-BMW-535i,5 Series E60 LCI,E60N,535i,NW13,Sedan,USA,2006-04,2009-12
NX31-EUR-04-2006,NX31-EUR-04-2006-E60N-BMW-520d,5 Series E60 LCI,E60N,520d,NX31,Sedan,EUR,2006-04,2009-12
NY51-EUR-04-2006,NY51-EUR-04-2006-E60N-BMW-525xd,5 Series E60 LCI,E60N,525xd,NY51,Sedan,EUR,2006-04,2009-12
PT11-EUR-04-2006,PT11-EUR-04-2006-E61N-BMW-520i,5 Series E61 LCI,E61N,520i,PT11,Touring,EUR,2006-04,2010-05
PT73-USA-04-2006,PT73-USA-04-2006-E61N-BMW-535xi,5 Series E61 LCI,E61N,535xi,PT73,Touring,USA,2006-04,2010-03
PX31-EUR-04-2006,PX31-EUR-04-2006-E61N-BMW-520d,5 Series E61 LCI,E61N,520d,PX31,Touring,EUR,2006-04,2010-05
PY51-EUR-04-2006,PY51-EUR-04-2006-E61N-BMW-525xd,5 Series E61 LCI,E61N,525xd,PY51,Touring,EUR,2006-04,2010-05
VA31-EUR-04-2006,VA31-EUR-04-2006-E90-BMW-328i,3 Series E90,E90,328i,VA31,Sedan,EUR,2006-04,2008-02
VA37-USA-04-2006,VA37-USA-04-2006-E90-BMW-328i,3 Series E90,E90,328i,VA37,Sedan,USA,2006-04,2008-08
VC52-EUR-04-2006,VC52-EUR-04-2006-E90-BMW-325d,3 Series E90,E90,325d,VC52,Sedan,EUR,2006-04,2008-07
VD72-EUR-04-2006,VD72-EUR-04-2006-E90-BMW-335d,3 Series E90,E90,335d,VD72,Sedan,EUR,2006-04,2008-07
WB12-EUR-04-2006,WB12-EUR-04-2006-E92-BMW-323i,3 Series E92,E92,323i,WB12,Coupe,EUR,2006-04,2009-11
EA11-EUR-05-2006,EA11-EUR-05-2006-E63N-BMW-630i,6 Series E63 LCI,E63N,630i,EA11,Coupe,EUR,2006-05,2010-07
EA71-EUR-05-2006,EA71-EUR-05-2006-E63N-BMW-635d,6 Series E63 LCI,E63N,635d,EA71,Coupe,EUR,2006-05,2010-07
EB11-EUR-05-2006,EB11-EUR-05-2006-E64N-BMW-630i,6 Series E64 LCI,E64N,630i,EB11,Convertible,EUR,2006-05,2010-07
FE41-EUR-05-2006,FE41-EUR-05-2006-E70-BMW-X5_30si,X5 E70,E70,X5 3.0si,FE41,SUV,EUR,2006-05,2010-03
FE81-EUR-05-2006,FE81-EUR-05-2006-E70-BMW-X5_48i,X5 E70,E70,X5 4.8i,FE81,SUV,EUR,2006-05,2010-03
FE82-EUR-05-2006,FE82-EUR-05-2006-E70-BMW-X5_48i,X5 E70,E70,X5 4.8i,FE82,SUV,EUR,2006-05,2010-03
NC37-THA-05-2006,NC37-THA-05-2006-E60-BMW-520d,5 Series E60,E60,520d,NC37,Sedan,THA,2006-05,2007-01
NF78-RUS-05-2006,NF78-RUS-05-2006-E60-BMW-530xi,5 Series E60,E60,530xi,NF78,Sedan,RUS,2006-05,2007-02
NU12-EUR-05-2006,NU12-EUR-05-2006-E60N-BMW-523i,5 Series E60 LCI,E60N,523i,NU12,Sedan,EUR,2006-05,2009-12
NU98-CHN-05-2006,NU98-CHN-05-2006-E60-BMW-530Li,5 Series E60,E60,530Li,NU98,Sedan,CHN,2006-05,2023-06
NX32-EUR-05-2006,NX32-EUR-05-2006-E60N-BMW-520d,5 Series E60 LCI,E60N,520d,NX32,Sedan,EUR,2006-05,2009-12
NX52-EUR-05-2006,NX52-EUR-05-2006-E60N-BMW-525d,5 Series E60 LCI,E60N,525d,NX52,Sedan,EUR,2006-05,2009-12
PC31-EUR-05-2006,PC31-EUR-05-2006-E83N-BMW-X3_20i,X3 E83 LCI,E83N,X3 2.0i,PC31,SUV,EUR,2006-05,2010-08
PD12-EUR-05-2006,PD12-EUR-05-2006-E83N-BMW-X3_20d,X3 E83 LCI,E83N,X3 2.0d,PD12,SUV,EUR,2006-05,2007-08
PD92-EUR-05-2006,PD92-EUR-05-2006-E83N-BMW-X3_30d,X3 E83 LCI,E83N,X3 3.0d,PD92,SUV,EUR,2006-05,2010-07
PT12-EUR-05-2006,PT12-EUR-05-2006-E61N-BMW-520i,5 Series E61 LCI,E61N,520i,PT12,Touring,EUR,2006-05,2007-03
PV92-EUR-05-2006,PV92-EUR-05-2006-E61N-BMW-M5,5 Series E61 LCI,E61N,M5,PV92,Touring,EUR,2006-05,2010-02
PX11-EUR-05-2006,PX11-EUR-05-2006-E61N-BMW-520d,5 Series E61 LCI,E61N,520d,PX11,Touring,EUR,2006-05,2008-02
PX32-EUR-05-2006,PX32-EUR-05-2006-E61N-BMW-520d,5 Series E61 LCI,E61N,520d,PX32,Touring,EUR,2006-05,2010-04
VA57-THA-05-2006,VA57-THA-05-2006-E90-BMW-318i,3 Series E90,E90,318i,VA57,Sedan,THA,2006-05,2007-03
FE42-EUR-06-2006,FE42-EUR-06-2006-E70-BMW-X5_30si,X5 E70,E70,X5 3.0si,FE42,SUV,EUR,2006-06,2010-03
FF42-EUR-06-2006,FF42-EUR-06-2006-E70-BMW-X5_30d,X5 E70,E70,X5 3.0d,FF42,SUV,EUR,2006-06,2010-03
NU15-CHN-06-2006,NU15-CHN-06-2006-E60-BMW-523Li,5 Series E60,E60,523Li,NU15,Sedan,CHN,2006-06,2023-06
NU57-CHN-06-2006,NU57-CHN-06-2006-E60-BMW-525Li,5 Series E60,E60,525Li,NU57,Sedan,CHN,2006-06,2023-06
VU72-EUR-06-2006,VU72-EUR-06-2006-E91-BMW-325d,3 Series E91,E91,325d,VU72,Touring,EUR,2006-06,2008-08
WL11-EUR-06-2006,WL11-EUR-06-2006-E93-BMW-325i,3 Series E93,E93,325i,WL11,Convertible,EUR,2006-06,2010-02
WL72-EUR-06-2006,WL72-EUR-06-2006-E93-BMW-335i,3 Series E93,E93,335i,WL72,Convertible,EUR,2006-06,2010-02
WN31-EUR-06-2006,WN31-EUR-06-2006-E93-BMW-325i,3 Series E93,E93,325i,WN31,Convertible,EUR,2006-06,2010-02
WR31-EUR-06-2006,WR31-EUR-06-2006-E93-BMW-328i,3 Series E93,E93,328i,WR31,Convertible,EUR,2006-06,2010-01
HN66-EGY-07-2006,HN66-EGY-07-2006-E66-BMW-740Li,7 Series E66,E66,740Li,HN66,Sedan,EGY,2006-07,2008-04
NE38-THA-07-2006,NE38-THA-07-2006-E60-BMW-523i,5 Series E60,E60,523i,NE38,Sedan,THA,2006-07,2007-02
WD91-EUR-07-2006,WD91-EUR-07-2006-E92-BMW-M3,3 Series E92,E92,M3,WD91,Coupe,EUR,2006-07,2010-02
WD92-EUR-07-2006,WD92-EUR-07-2006-E92-BMW-M3,3 Series E92,E92,M3,WD92,Coupe,EUR,2006-07,2010-02
WD93-USA-07-2006,WD93-USA-07-2006-E92-BMW-M3,3 Series E92,E92,M3,WD93,Coupe,USA,2006-07,2010-02
WN32-EUR-07-2006,WN32-EUR-07-2006-E93-BMW-325i,3 Series E93,E93,325i,WN32,Convertible,EUR,2006-07,2010-02
NE58-THA-08-2006,NE58-THA-08-2006-E60-BMW-525i,5 Series E60,E60,525i,NE58,Sedan,THA,2006-08,2007-01
WL12-EUR-08-2006,WL12-EUR-08-2006-E93-BMW-325i,3 Series E93,E93,325i,WL12,Convertible,EUR,2006-08,2010-02
ND79-CHN-09-2006,ND79-CHN-09-2006-E60N-BMW-530Li,5 Series E60 LCI,E60N,530Li,ND79,Sedan,CHN,2006-09,2009-10
NU39-CHN-09-2006,NU39-CHN-09-2006-E60N-BMW-523Li,5 Series E60 LCI,E60N,523Li,NU39,Sedan,CHN,2006-09,2009-10
NU51-EUR-09-2006,NU51-EUR-09-2006-E60N-BMW-525i,5 Series E60 LCI,E60N,525i,NU51,Sedan,EUR,2006-09,2009-12
NU52-EUR-09-2006,NU52-EUR-09-2006-E60N-BMW-525i,5 Series E60 LCI,E60N,525i,NU52,Sedan,EUR,2006-09,2009-12
NU79-CHN-09-2006,NU79-CHN-09-2006-E60N-BMW-525Li,5 Series E60 LCI,E60N,525Li,NU79,Sedan,CHN,2006-09,2009-10
NV31-EUR-09-2006,NV31-EUR-09-2006-E60N-BMW-525xi,5 Series E60 LCI,E60N,525xi,NV31,Sedan,EUR,2006-09,2009-12
PC75-THA-09-2006,PC75-THA-09-2006-E83N-BMW-X3_25si,X3 E83 LCI,E83N,X3 2.5si,PC75,SUV,THA,2006-09,2009-01
PC78-RUS-09-2006,PC78-RUS-09-2006-E83N-BMW-X3_25si,X3 E83 LCI,E83N,X3 2.5si,PC78,SUV,RUS,2006-09,2010-07
PC98-RUS-09-2006,PC98-RUS-09-2006-E83N-BMW-X3_30si,X3 E83 LCI,E83N,X3 3.0si,PC98,SUV,RUS,2006-09,2010-02
PU52-EUR-09-2006,PU52-EUR-09-2006-E61N-BMW-525i,5 Series E61 LCI,E61N,525i,PU52,Touring,EUR,2006-09,2010-03
PU92-EUR-09-2006,PU92-EUR-09-2006-E61N-BMW-530i,5 Series E61 LCI,E61N,530i,PU92,Touring,EUR,2006-09,2010-03
UA31-EUR-09-2006,UA31-EUR-09-2006-E81-BMW-118i,1 Series E81,E81,118i,UA31,3 doors,EUR,2006-09,2011-10
UA51-EUR-09-2006,UA51-EUR-09-2006-E81-BMW-120i,1 Series E81,E81,120i,UA51,3 doors,EUR,2006-09,2011-09
UA71-EUR-09-2006,UA71-EUR-09-2006-E81-BMW-120i,1 Series E81,E81,120i,UA71,3 doors,EUR,2006-09,2011-12
UB12-EUR-09-2006,UB12-EUR-09-2006-E81-BMW-130i,1 Series E81,E81,130i,UB12,3 doors,EUR,2006-09,2011-10
UB31-EUR-09-2006,UB31-EUR-09-2006-E81-BMW-118d,1 Series E81,E81,118d,UB31,3 doors,EUR,2006-09,2011-12
UB32-EUR-09-2006,UB32-EUR-09-2006-E81-BMW-118d,1 Series E81,E81,118d,UB32,3 doors,EUR,2006-09,2011-12
UB52-EUR-09-2006,UB52-EUR-09-2006-E81-BMW-120d,1 Series E81,E81,120d,UB52,3 doors,EUR,2006-09,2011-12
UB92-EUR-09-2006,UB92-EUR-09-2006-E81-BMW-118i,1 Series E81,E81,118i,UB92,3 doors,EUR,2006-09,2011-12
UD31-EUR-09-2006,UD31-EUR-09-2006-E87N-BMW-120i,1 Series E87 LCI,E87N,120i,UD31,5 doors,EUR,2006-09,2011-06
UD72-EUR-09-2006,UD72-EUR-09-2006-E87N-BMW-118d,1 Series E87 LCI,E87N,118d,UD72,5 doors,EUR,2006-09,2011-06
UD92-EUR-09-2006,UD92-EUR-09-2006-E87N-BMW-120d,1 Series E87 LCI,E87N,120d,UD92,5 doors,EUR,2006-09,2011-06
UE11-EUR-09-2006,UE11-EUR-09-2006-E87N-BMW-116i_16,1 Series E87 LCI,E87N,116i 1.6,UE11,5 doors,EUR,2006-09,2011-06
VA95-IND-09-2006,VA95-IND-09-2006-E90-BMW-320i,3 Series E90,E90,320i,VA95,Sedan,IND,2006-09,2007-07
VD51-EUR-09-2006,VD51-EUR-09-2006-E90-BMW-335xi,3 Series E90,E90,335xi,VD51,Sedan,EUR,2006-09,2008-07
VD53-USA-09-2006,VD53-USA-09-2006-E90-BMW-335xi,3 Series E90,E90,335xi,VD53,Sedan,USA,2006-09,2008-07
VF11-EUR-09-2006,VF11-EUR-09-2006-E90-BMW-325xi,3 Series E90,E90,325xi,VF11,Sedan,EUR,2006-09,2008-07
VG71-EUR-09-2006,VG71-EUR-09-2006-E90-BMW-320i,3 Series E90,E90,320i,VG71,Sedan,EUR,2006-09,2008-08
VH11-EUR-09-2006,VH11-EUR-09-2006-E90-BMW-323i,3 Series E90,E90,323i,VH11,Sedan,EUR,2006-09,2008-07
VH12-EUR-09-2006,VH12-EUR-09-2006-E90-BMW-323i,3 Series E90,E90,323i,VH12,Sedan,EUR,2006-09,2006-12
VH31-EUR-09-2006,VH31-EUR-09-2006-E90-BMW-325i,3 Series E90,E90,325i,VH31,Sedan,EUR,2006-09,2008-08
VH32-EUR-09-2006,VH32-EUR-09-2006-E90-BMW-325i,3 Series E90,E90,325i,VH32,Sedan,EUR,2006-09,2008-05
VH38-CHN-09-2006,VH38-CHN-09-2006-E90-BMW-325i,3 Series E90,E90,325i,VH38,Sedan,CHN,2006-09,2023-07
VH51-EUR-09-2006,VH51-EUR-09-2006-E90-BMW-330i,3 Series E90,E90,330i,VH51,Sedan,EUR,2006-09,2008-08
VT51-EUR-09-2006,VT51-EUR-09-2006-E91-BMW-335xi,3 Series E91,E91,335xi,VT51,Touring,EUR,2006-09,2008-08
VT71-EUR-09-2006,VT71-EUR-09-2006-E91-BMW-325xi,3 Series E91,E91,325xi,VT71,Touring,EUR,2006-09,2008-07
VW52-EUR-09-2006,VW52-EUR-09-2006-E91-BMW-323i,3 Series E91,E91,323i,VW52,Touring,EUR,2006-09,2008-07
VW91-EUR-09-2006,VW91-EUR-09-2006-E91-BMW-325i,3 Series E91,E91,325i,VW91,Touring,EUR,2006-09,2008-07
VW92-EUR-09-2006,VW92-EUR-09-2006-E91-BMW-325i,3 Series E91,E91,325i,VW92,Touring,EUR,2006-09,2008-08
VY31-EUR-09-2006,VY31-EUR-09-2006-E91-BMW-330i,3 Series E91,E91,330i,VY31,Touring,EUR,2006-09,2008-04
WA51-EUR-09-2006,WA51-EUR-09-2006-E92-BMW-320i,3 Series E92,E92,320i,WA51,Coupe,EUR,2006-09,2010-02
WA71-EUR-09-2006,WA71-EUR-09-2006-E92-BMW-320i,3 Series E92,E92,320i,WA71,Coupe,EUR,2006-09,2010-02
WA72-EUR-09-2006,WA72-EUR-09-2006-E92-BMW-320i,3 Series E92,E92,320i,WA72,Coupe,EUR,2006-09,2010-02
WD31-EUR-09-2006,WD31-EUR-09-2006-E92-BMW-325d,3 Series E92,E92,325d,WD31,Coupe,EUR,2006-09,2010-02
WN71-EUR-09-2006,WN71-EUR-09-2006-E93-BMW-330i,3 Series E93,E93,330i,WN71,Convertible,EUR,2006-09,2010-02
PC96-EGY-10-2006,PC96-EGY-10-2006-E83N-BMW-X3_30si,X3 E83 LCI,E83N,X3 3.0si,PC96,SUV,EGY,2006-10,2010-07
UA32-EUR-10-2006,UA32-EUR-10-2006-E81-BMW-118i,1 Series E81,E81,118i,UA32,3 doors,EUR,2006-10,2011-12
UA52-EUR-10-2006,UA52-EUR-10-2006-E81-BMW-120i,1 Series E81,E81,120i,UA52,3 doors,EUR,2006-10,2011-10
UA72-EUR-10-2006,UA72-EUR-10-2006-E81-BMW-120i,1 Series E81,E81,120i,UA72,3 doors,EUR,2006-10,2010-02
UD12-EUR-10-2006,UD12-EUR-10-2006-E87N-BMW-120i,1 Series E87 LCI,E87N,120i,UD12,5 doors,EUR,2006-10,2011-06
UD32-EUR-10-2006,UD32-EUR-10-2006-E87N-BMW-120i,1 Series E87 LCI,E87N,120i,UD32,5 doors,EUR,2006-10,2011-06
UD52-EUR-10-2006,UD52-EUR-10-2006-E87N-BMW-130i,1 Series E87 LCI,E87N,130i,UD52,5 doors,EUR,2006-10,2011-06
UE52-EUR-10-2006,UE52-EUR-10-2006-E87N-BMW-118i,1 Series E87 LCI,E87N,118i,UE52,5 doors,EUR,2006-10,2011-06
UE71-EUR-10-2006,UE71-EUR-10-2006-E87N-BMW-118i,1 Series E87 LCI,E87N,118i,UE71,5 doors,EUR,2006-10,2011-06
VB95-IND-10-2006,VB95-IND-10-2006-E90-BMW-325i,3 Series E90,E90,325i,VB95,Sedan,IND,2006-10,2007-01
VH52-EUR-10-2006,VH52-EUR-10-2006-E90-BMW-330i,3 Series E90,E90,330i,VH52,Sedan,EUR,2006-10,2007-11
WA52-EUR-10-2006,WA52-EUR-10-2006-E92-BMW-320i,3 Series E92,E92,320i,WA52,Coupe,EUR,2006-10,2010-02
WK52-EUR-10-2006,WK52-EUR-10-2006-E93-BMW-320i,3 Series E93,E93,320i,WK52,Convertible,EUR,2006-10,2010-01
EA32-EUR-11-2006,EA32-EUR-11-2006-E63N-BMW-630i,6 Series E63 LCI,E63N,630i,EA32,Coupe,EUR,2006-11,2010-07
EB53-USA-11-2006,EB53-USA-11-2006-E64N-BMW-650i,6 Series E64 LCI,E64N,650i,EB53,Convertible,USA,2006-11,2010-07
ND72-EUR-11-2006,ND72-EUR-11-2006-E60N-BMW-530i,5 Series E60 LCI,E60N,530i,ND72,Sedan,EUR,2006-11,2009-11
NW32-EUR-11-2006,NW32-EUR-11-2006-E60N-BMW-540i,5 Series E60 LCI,E60N,540i,NW32,Sedan,EUR,2006-11,2009-09
NX11-EUR-11-2006,NX11-EUR-11-2006-E60N-BMW-520d,5 Series E60 LCI,E60N,520d,NX11,Sedan,EUR,2006-11,2008-02
NX12-EUR-11-2006,NX12-EUR-11-2006-E60N-BMW-520d,5 Series E60 LCI,E60N,520d,NX12,Sedan,EUR,2006-11,2008-02
PE11-EUR-11-2006,PE11-EUR-11-2006-E83N-BMW-X3_20d,X3 E83 LCI,E83N,X3 2.0d,PE11,SUV,EUR,2006-11,2010-08
UC71-EUR-11-2006,UC71-EUR-11-2006-E82-BMW-135i,1 Series E82,E82,135i,UC71,Coupe,EUR,2006-11,2010-02
UC73-USA-11-2006,UC73-USA-11-2006-E82-BMW-135i,1 Series E82,E82,135i,UC73,Coupe,USA,2006-11,2010-02
UE72-EUR-11-2006,UE72-EUR-11-2006-E87N-BMW-118i,1 Series E87 LCI,E87N,118i,UE72,5 doors,EUR,2006-11,2011-06
UL52-EUR-11-2006,UL52-EUR-11-2006-E88-BMW-120i,1 Series E88,E88,120i,UL52,Convertible,EUR,2006-11,2013-10
UL73-USA-11-2006,UL73-USA-11-2006-E88-BMW-128i,1 Series E88,E88,128i,UL73,Convertible,USA,2006-11,2013-10
UM51-EUR-11-2006,UM51-EUR-11-2006-E88-BMW-120i,1 Series E88,E88,120i,UM51,Convertible,EUR,2006-11,2013-10
UN91-EUR-11-2006,UN91-EUR-11-2006-E88-BMW-135i,1 Series E88,E88,135i,UN91,Convertible,EUR,2006-11,2010-02
UN93-USA-11-2006,UN93-USA-11-2006-E88-BMW-135i,1 Series E88,E88,135i,UN93,Convertible,USA,2006-11,2010-02
UR52-EUR-11-2006,UR52-EUR-11-2006-E82-BMW-123d,1 Series E82,E82,123d,UR52,Coupe,EUR,2006-11,2013-09
VB76-EUR-11-2006,VB76-EUR-11-2006-E90-BMW-335i,3 Series E90,E90,335i,VB76,Sedan,EUR,2006-11,2008-09
VH15-EUR-11-2006,VH15-EUR-11-2006-E90-BMW-323i,3 Series E90,E90,323i,VH15,Sedan,EUR,2006-11,2008-07
VH16-EUR-11-2006,VH16-EUR-11-2006-E90-BMW-323i,3 Series E90,E90,323i,VH16,Sedan,EUR,2006-11,2008-09
VH35-EUR-11-2006,VH35-EUR-11-2006-E90-BMW-325i,3 Series E90,E90,325i,VH35,Sedan,EUR,2006-11,2008-09
VH36-EUR-11-2006,VH36-EUR-11-2006-E90-BMW-325i,3 Series E90,E90,325i,VH36,Sedan,EUR,2006-11,2008-09
VH56-EUR-11-2006,VH56-EUR-11-2006-E90-BMW-330i,3 Series E90,E90,330i,VH56,Sedan,EUR,2006-11,2008-08
VY32-EUR-11-2006,VY32-EUR-11-2006-E91-BMW-330i,3 Series E91,E91,330i,VY32,Touring,EUR,2006-11,2008-01
WD12-EUR-11-2006,WD12-EUR-11-2006-E92-BMW-320d,3 Series E92,E92,320d,WD12,Coupe,EUR,2006-11,2010-02
WD32-EUR-11-2006,WD32-EUR-11-2006-E92-BMW-325d,3 Series E92,E92,325d,WD32,Coupe,EUR,2006-11,2010-02
UC72-EUR-12-2006,UC72-EUR-12-2006-E82-BMW-135i,1 Series E82,E82,135i,UC72,Coupe,EUR,2006-12,2010-02
UP73-USA-12-2006,UP73-USA-12-2006-E82-BMW-128i,1 Series E82,E82,128i,UP73,Coupe,USA,2006-12,2013-10
UR31-EUR-12-2006,UR31-EUR-12-2006-E82-BMW-120d,1 Series E82,E82,120d,UR31,Coupe,EUR,2006-12,2013-10
UR32-EUR-12-2006,UR32-EUR-12-2006-E82-BMW-120d,1 Series E82,E82,120d,UR32,Coupe,EUR,2006-12,2013-10
UR51-EUR-12-2006,UR51-EUR-12-2006-E82-BMW-123d,1 Series E82,E82,123d,UR51,Coupe,EUR,2006-12,2013-09
VC37-IND-12-2006,VC37-IND-12-2006-E90-BMW-320d,3 Series E90,E90,320d,VC37,Sedan,IND,2006-12,2007-08
VG79-CHN-12-2006,VG79-CHN-12-2006-E90-BMW-320i,3 Series E90,E90,320i,VG79,Sedan,CHN,2006-12,2023-09
FF01-EUR-01-2007,FF01-EUR-01-2007-E70-BMW-X5_30sd,X5 E70,E70,X5 3.0sd,FF01,SUV,EUR,2007-01,2010-03
FG01-EUR-01-2007,FG01-EUR-01-2007-E71-BMW-X6_35dX,X6 E71,E71,X6 35dX,FG01,SAC,EUR,2007-01,2010-03
FG43-USA-01-2007,FG43-USA-01-2007-E71-BMW-X6_35iX,X6 E71,E71,X6 35iX,FG43,SAC,USA,2007-01,2010-03
FG81-EUR-01-2007,FG81-EUR-01-2007-E71-BMW-X6_50iX,X6 E71,E71,X6 50iX,FG81,SAC,EUR,2007-01,2014-06
VA91-EUR-01-2007,VA91-EUR-01-2007-E90-BMW-M3,3 Series E90,E90,M3,VA91,Sedan,EUR,2007-01,2008-07
VA92-EUR-01-2007,VA92-EUR-01-2007-E90-BMW-M3,3 Series E90,E90,M3,VA92,Sedan,EUR,2007-01,2008-07
VA93-USA-01-2007,VA93-USA-01-2007-E90-BMW-M3,3 Series E90,E90,M3,VA93,Sedan,USA,2007-01,2008-07
VB75-EUR-01-2007,VB75-EUR-01-2007-E90-BMW-335i,3 Series E90,E90,335i,VB75,Sedan,EUR,2007-01,2008-07
FF02-EUR-02-2007,FF02-EUR-02-2007-E70-BMW-X5_30sd,X5 E70,E70,X5 3.0sd,FF02,SUV,EUR,2007-02,2010-03
NU32-EUR-02-2007,NU32-EUR-02-2007-E60N-BMW-523i,5 Series E60 LCI,E60N,523i,NU32,Sedan,EUR,2007-02,2009-12
NX72-EUR-02-2007,NX72-EUR-02-2007-E60N-BMW-530d,5 Series E60 LCI,E60N,530d,NX72,Sedan,EUR,2007-02,2009-12
NX92-EUR-02-2007,NX92-EUR-02-2007-E60N-BMW-535d,5 Series E60 LCI,E60N,535d,NX92,Sedan,EUR,2007-02,2009-12
PW52-EUR-02-2007,PW52-EUR-02-2007-E61N-BMW-550i,5 Series E61 LCI,E61N,550i,PW52,Touring,EUR,2007-02,2010-03
PX12-EUR-02-2007,PX12-EUR-02-2007-E61N-BMW-520d,5 Series E61 LCI,E61N,520d,PX12,Touring,EUR,2007-02,2007-08
UC31-EUR-02-2007,UC31-EUR-02-2007-E82-BMW-125i,1 Series E82,E82,125i,UC31,Coupe,EUR,2007-02,2013-09
UP93-USA-02-2007,UP93-USA-02-2007-E82-BMW-128i,1 Series E82,E82,128i,UP93,Coupe,USA,2007-02,2013-09
VE51-EUR-02-2007,VE51-EUR-02-2007-E90-BMW-325xi,3 Series E90,E90,325xi,VE51,Sedan,EUR,2007-02,2008-07
VE91-EUR-02-2007,VE91-EUR-02-2007-E90-BMW-330xi,3 Series E90,E90,330xi,VE91,Sedan,EUR,2007-02,2008-07
VF31-EUR-02-2007,VF31-EUR-02-2007-E90-BMW-316i,3 Series E90,E90,316i,VF31,Sedan,EUR,2007-02,2008-08
VF51-EUR-02-2007,VF51-EUR-02-2007-E90-BMW-318i,3 Series E90,E90,318i,VF51,Sedan,EUR,2007-02,2008-08
VG11-EUR-02-2007,VG11-EUR-02-2007-E90-BMW-318d,3 Series E90,E90,318d,VG11,Sedan,EUR,2007-02,2008-08
VG31-EUR-02-2007,VG31-EUR-02-2007-E90-BMW-316i,3 Series E90,E90,316i,VG31,Sedan,EUR,2007-02,2008-07
VR91-EUR-02-2007,VR91-EUR-02-2007-E91-BMW-320i,3 Series E91,E91,320i,VR91,Touring,EUR,2007-02,2008-08
VU51-EUR-02-2007,VU51-EUR-02-2007-E91-BMW-320d,3 Series E91,E91,320d,VU51,Touring,EUR,2007-02,2008-08
VV31-EUR-02-2007,VV31-EUR-02-2007-E91-BMW-325i,3 Series E91,E91,325i,VV31,Touring,EUR,2007-02,2008-08
VV51-EUR-02-2007,VV51-EUR-02-2007-E91-BMW-325xi,3 Series E91,E91,325xi,VV51,Touring,EUR,2007-02,2008-07
VV71-EUR-02-2007,VV71-EUR-02-2007-E91-BMW-330i,3 Series E91,E91,330i,VV71,Touring,EUR,2007-02,2008-08
VV91-EUR-02-2007,VV91-EUR-02-2007-E91-BMW-330xi,3 Series E91,E91,330xi,VV91,Touring,EUR,2007-02,2008-08
VW11-EUR-02-2007,VW11-EUR-02-2007-E91-BMW-318d,3 Series E91,E91,318d,VW11,Touring,EUR,2007-02,2008-08
VW31-EUR-02-2007,VW31-EUR-02-2007-E91-BMW-318i,3 Series E91,E91,318i,VW31,Touring,EUR,2007-02,2007-06
VW71-EUR-02-2007,VW71-EUR-02-2007-E91-BMW-320i,3 Series E91,E91,320i,VW71,Touring,EUR,2007-02,2008-07
EA12-EUR-03-2007,EA12-EUR-03-2007-E63N-BMW-630i,6 Series E63 LCI,E63N,630i,EA12,Coupe,EUR,2007-03,2010-04
EA52-EUR-03-2007,EA52-EUR-03-2007-E63N-BMW-650i,6 Series E63 LCI,E63N,650i,EA52,Coupe,EUR,2007-03,2010-07
ND75-IND-03-2007,ND75-IND-03-2007-E60N-BMW-530i,5 Series E60 LCI,E60N,530i,ND75,Sedan,IND,2007-03,2009-02
NU14-MYS-03-2007,NU14-MYS-03-2007-E60N-BMW-523i,5 Series E60 LCI,E60N,523i,NU14,Sedan,MYS,2007-03,2009-12
NU16-EGY-03-2007,NU16-EGY-03-2007-E60N-BMW-523i,5 Series E60 LCI,E60N,523i,NU16,Sedan,EGY,2007-03,2008-12
NU18-THA-03-2007,NU18-THA-03-2007-E60N-BMW-523i,5 Series E60 LCI,E60N,523i,NU18,Sedan,THA,2007-03,2008-11
NU35-IND-03-2007,NU35-IND-03-2007-E60N-BMW-523i,5 Series E60 LCI,E60N,523i,NU35,Sedan,IND,2007-03,2008-02
NU55-RUS-03-2007,NU55-RUS-03-2007-E60N-BMW-525i,5 Series E60 LCI,E60N,525i,NU55,Sedan,RUS,2007-03,2009-07
NU56-EGY-03-2007,NU56-EGY-03-2007-E60N-BMW-525i,5 Series E60 LCI,E60N,525i,NU56,Sedan,EGY,2007-03,2008-12
NU58-THA-03-2007,NU58-THA-03-2007-E60N-BMW-525i,5 Series E60 LCI,E60N,525i,NU58,Sedan,THA,2007-03,2009-12
NU72-EUR-03-2007,NU72-EUR-03-2007-E60N-BMW-525i,5 Series E60 LCI,E60N,525i,NU72,Sedan,EUR,2007-03,2009-12
NU95-RUS-03-2007,NU95-RUS-03-2007-E60N-BMW-530i,5 Series E60 LCI,E60N,530i,NU95,Sedan,RUS,2007-03,2009-06
NV58-RUS-03-2007,NV58-RUS-03-2007-E60N-BMW-530xi,5 Series E60 LCI,E60N,530xi,NV58,Sedan,RUS,2007-03,2009-07
NX17-THA-03-2007,NX17-THA-03-2007-E60N-BMW-520d,5 Series E60 LCI,E60N,520d,NX17,Sedan,THA,2007-03,2007-11
NX55-IND-03-2007,NX55-IND-03-2007-E60N-BMW-525d,5 Series E60 LCI,E60N,525d,NX55,Sedan,IND,2007-03,2008-02
PE12-EUR-03-2007,PE12-EUR-03-2007-E83N-BMW-X3_20d,X3 E83 LCI,E83N,X3 2.0d,PE12,SUV,EUR,2007-03,2010-08
PU12-EUR-03-2007,PU12-EUR-03-2007-E61N-BMW-523i,5 Series E61 LCI,E61N,523i,PU12,Touring,EUR,2007-03,2009-07
PU72-EUR-03-2007,PU72-EUR-03-2007-E61N-BMW-525i,5 Series E61 LCI,E61N,525i,PU72,Touring,EUR,2007-03,2010-03
UB71-EUR-03-2007,UB71-EUR-03-2007-E81-BMW-116i_16,1 Series E81,E81,116i 1.6,UB71,3 doors,EUR,2007-03,2011-11
UB72-EUR-03-2007,UB72-EUR-03-2007-E81-BMW-116i_16,1 Series E81,E81,116i 1.6,UB72,3 doors,EUR,2007-03,2011-04
UE31-EUR-03-2007,UE31-EUR-03-2007-E87N-BMW-116i_16,1 Series E87 LCI,E87N,116i 1.6,UE31,5 doors,EUR,2007-03,2011-06
UH11-EUR-03-2007,UH11-EUR-03-2007-E87N-BMW-123d,1 Series E87 LCI,E87N,123d,UH11,5 doors,EUR,2007-03,2011-06
UK11-EUR-03-2007,UK11-EUR-03-2007-E81-BMW-123d,1 Series E81,E81,123d,UK11,3 doors,EUR,2007-03,2011-12
UK12-EUR-03-2007,UK12-EUR-03-2007-E81-BMW-123d,1 Series E81,E81,123d,UK12,3 doors,EUR,2007-03,2011-11
VE31-EUR-03-2007,VE31-EUR-03-2007-E90-BMW-325i,3 Series E90,E90,325i,VE31,Sedan,EUR,2007-03,2008-08
VE71-EUR-03-2007,VE71-EUR-03-2007-E90-BMW-330i,3 Series E90,E90,330i,VE71,Sedan,EUR,2007-03,2008-07
VF32-EUR-03-2007,VF32-EUR-03-2007-E90-BMW-316i,3 Series E90,E90,316i,VF32,Sedan,EUR,2007-03,2008-07
VF91-EUR-03-2007,VF91-EUR-03-2007-E90-BMW-320i,3 Series E90,E90,320i,VF91,Sedan,EUR,2007-03,2008-08
VF92-EUR-03-2007,VF92-EUR-03-2007-E90-BMW-320i,3 Series E90,E90,320i,VF92,Sedan,EUR,2007-03,2008-07
VG51-EUR-03-2007,VG51-EUR-03-2007-E90-BMW-318i,3 Series E90,E90,318i,VG51,Sedan,EUR,2007-03,2008-08
VG72-EUR-03-2007,VG72-EUR-03-2007-E90-BMW-320i,3 Series E90,E90,320i,VG72,Sedan,EUR,2007-03,2008-07
VG91-EUR-03-2007,VG91-EUR-03-2007-E90-BMW-320d,3 Series E90,E90,320d,VG91,Sedan,EUR,2007-03,2008-08
VH34-RUS-03-2007,VH34-RUS-03-2007-E90-BMW-325i,3 Series E90,E90,325i,VH34,Sedan,RUS,2007-03,2008-07
VH59-MYS-03-2007,VH59-MYS-03-2007-E90-BMW-325i,3 Series E90,E90,325i,VH59,Sedan,MYS,2007-03,2008-07
VW72-EUR-03-2007,VW72-EUR-03-2007-E91-BMW-320i,3 Series E91,E91,320i,VW72,Touring,EUR,2007-03,2008-08
WA11-EUR-03-2007,WA11-EUR-03-2007-E92-BMW-316i,3 Series E92,E92,316i,WA11,Coupe,EUR,2007-03,2010-02
WC71-EUR-03-2007,WC71-EUR-03-2007-E92-BMW-335xi,3 Series E92,E92,335xi,WC71,Coupe,EUR,2007-03,2010-02
WC73-USA-03-2007,WC73-USA-03-2007-E92-BMW-335xi,3 Series E92,E92,335xi,WC73,Coupe,USA,2007-03,2010-02
WE51-EUR-03-2007,WE51-EUR-03-2007-E92-BMW-325xi,3 Series E92,E92,325xi,WE51,Coupe,EUR,2007-03,2010-02
WE91-EUR-03-2007,WE91-EUR-03-2007-E92-BMW-330xi,3 Series E92,E92,330xi,WE91,Coupe,EUR,2007-03,2010-02
WL32-EUR-03-2007,WL32-EUR-03-2007-E93-BMW-323i,3 Series E93,E93,323i,WL32,Convertible,EUR,2007-03,2009-12
WL91-EUR-03-2007,WL91-EUR-03-2007-E93-BMW-M3,3 Series E93,E93,M3,WL91,Convertible,EUR,2007-03,2010-02
WL93-USA-03-2007,WL93-USA-03-2007-E93-BMW-M3,3 Series E93,E93,M3,WL93,Convertible,USA,2007-03,2010-02
WM71-EUR-03-2007,WM71-EUR-03-2007-E93-BMW-325d,3 Series E93,E93,325d,WM71,Convertible,EUR,2007-03,2010-02
WM72-EUR-03-2007,WM72-EUR-03-2007-E93-BMW-325d,3 Series E93,E93,325d,WM72,Convertible,EUR,2007-03,2010-02
EA72-EUR-04-2007,EA72-EUR-04-2007-E63N-BMW-635d,6 Series E63 LCI,E63N,635d,EA72,Coupe,EUR,2007-04,2010-07
NU54-MYS-04-2007,NU54-MYS-04-2007-E60N-BMW-525i,5 Series E60 LCI,E60N,525i,NU54,Sedan,MYS,2007-04,2009-12
NU75-IND-04-2007,NU75-IND-04-2007-E60N-BMW-525i,5 Series E60 LCI,E60N,525i,NU75,Sedan,IND,2007-04,2009-05
NU94-MYS-04-2007,NU94-MYS-04-2007-E60N-BMW-530i,5 Series E60 LCI,E60N,530i,NU94,Sedan,MYS,2007-04,2009-03
NU96-EGY-04-2007,NU96-EGY-04-2007-E60N-BMW-530i,5 Series E60 LCI,E60N,530i,NU96,Sedan,EGY,2007-04,2008-12
UA11-EUR-04-2007,UA11-EUR-04-2007-E81-BMW-116i_16,1 Series E81,E81,116i 1.6,UA11,3 doors,EUR,2007-04,2011-12
UA12-EUR-04-2007,UA12-EUR-04-2007-E81-BMW-116i_16,1 Series E81,E81,116i 1.6,UA12,3 doors,EUR,2007-04,2011-12
UE32-EUR-04-2007,UE32-EUR-04-2007-E87N-BMW-116i_16,1 Series E87 LCI,E87N,116i 1.6,UE32,5 doors,EUR,2007-04,2011-06
UH12-EUR-04-2007,UH12-EUR-04-2007-E87N-BMW-123d,1 Series E87 LCI,E87N,123d,UH12,5 doors,EUR,2007-04,2011-06
VF52-EUR-04-2007,VF52-EUR-04-2007-E90-BMW-318i,3 Series E90,E90,318i,VF52,Sedan,EUR,2007-04,2008-08
VG12-EUR-04-2007,VG12-EUR-04-2007-E90-BMW-318d,3 Series E90,E90,318d,VG12,Sedan,EUR,2007-04,2008-08
VG92-EUR-04-2007,VG92-EUR-04-2007-E90-BMW-320d,3 Series E90,E90,320d,VG92,Sedan,EUR,2007-04,2008-08
VH55-EUR-04-2007,VH55-EUR-04-2007-E90-BMW-330i,3 Series E90,E90,330i,VH55,Sedan,EUR,2007-04,2008-04
VH95-IND-04-2007,VH95-IND-04-2007-E90-BMW-325i,3 Series E90,E90,325i,VH95,Sedan,IND,2007-04,2008-06
VU52-EUR-04-2007,VU52-EUR-04-2007-E91-BMW-320d,3 Series E91,E91,320d,VU52,Touring,EUR,2007-04,2008-08
VV72-EUR-04-2007,VV72-EUR-04-2007-E91-BMW-330i,3 Series E91,E91,330i,VV72,Touring,EUR,2007-04,2008-07
VW12-EUR-04-2007,VW12-EUR-04-2007-E91-BMW-318d,3 Series E91,E91,318d,VW12,Touring,EUR,2007-04,2008-08
WE72-EUR-04-2007,WE72-EUR-04-2007-E92-BMW-330i,3 Series E92,E92,330i,WE72,Coupe,EUR,2007-04,2010-02
UL91-EUR-05-2007,UL91-EUR-05-2007-E88-BMW-125i,1 Series E88,E88,125i,UL91,Convertible,EUR,2007-05,2013-10
UL92-EUR-05-2007,UL92-EUR-05-2007-E88-BMW-125i,1 Series E88,E88,125i,UL92,Convertible,EUR,2007-05,2013-10
UM52-EUR-05-2007,UM52-EUR-05-2007-E88-BMW-120i,1 Series E88,E88,120i,UM52,Convertible,EUR,2007-05,2013-09
VE32-EUR-05-2007,VE32-EUR-05-2007-E90-BMW-325i,3 Series E90,E90,325i,VE32,Sedan,EUR,2007-05,2008-07
VE72-EUR-05-2007,VE72-EUR-05-2007-E90-BMW-330i,3 Series E90,E90,330i,VE72,Sedan,EUR,2007-05,2008-07
VG52-EUR-05-2007,VG52-EUR-05-2007-E90-BMW-318i,3 Series E90,E90,318i,VG52,Sedan,EUR,2007-05,2008-04
VG75-EUR-05-2007,VG75-EUR-05-2007-E90-BMW-320i,3 Series E90,E90,320i,VG75,Sedan,EUR,2007-05,2008-08
VG76-EUR-05-2007,VG76-EUR-05-2007-E90-BMW-320i,3 Series E90,E90,320i,VG76,Sedan,EUR,2007-05,2008-09
VG96-EUR-05-2007,VG96-EUR-05-2007-E90-BMW-320d,3 Series E90,E90,320d,VG96,Sedan,EUR,2007-05,2008-09
VR31-EUR-05-2007,VR31-EUR-05-2007-E91-BMW-318i,3 Series E91,E91,318i,VR31,Touring,EUR,2007-05,2008-08
VR32-EUR-05-2007,VR32-EUR-05-2007-E91-BMW-318i,3 Series E91,E91,318i,VR32,Touring,EUR,2007-05,2008-08
VR92-EUR-05-2007,VR92-EUR-05-2007-E91-BMW-320i,3 Series E91,E91,320i,VR92,Touring,EUR,2007-05,2008-07
VV32-EUR-05-2007,VV32-EUR-05-2007-E91-BMW-325i,3 Series E91,E91,325i,VV32,Touring,EUR,2007-05,2008-07
VW32-EUR-05-2007,VW32-EUR-05-2007-E91-BMW-318i,3 Series E91,E91,318i,VW32,Touring,EUR,2007-05,2007-06
WL92-EUR-05-2007,WL92-EUR-05-2007-E93-BMW-M3,3 Series E93,E93,M3,WL92,Convertible,EUR,2007-05,2010-02
EB52-EUR-06-2007,EB52-EUR-06-2007-E64N-BMW-650i,6 Series E64 LCI,E64N,650i,EB52,Convertible,EUR,2007-06,2010-07
EB72-EUR-06-2007,EB72-EUR-06-2007-E64N-BMW-635d,6 Series E64 LCI,E64N,635d,EB72,Convertible,EUR,2007-06,2010-07
FG41-EUR-06-2007,FG41-EUR-06-2007-E71-BMW-X6_35iX,X6 E71,E71,X6 35iX,FG41,SAC,EUR,2007-06,2010-03
KA81-EUR-06-2007,KA81-EUR-06-2007-F01-BMW-750i,7 Series F01,F01,750i,KA81,Sedan,EUR,2007-06,2012-06
UL51-EUR-06-2007,UL51-EUR-06-2007-E88-BMW-120i,1 Series E88,E88,120i,UL51,Convertible,EUR,2007-06,2013-10
UN92-EUR-06-2007,UN92-EUR-06-2007-E88-BMW-135i,1 Series E88,E88,135i,UN92,Convertible,EUR,2007-06,2010-02
VF14-RUS-06-2007,VF14-RUS-06-2007-E90-BMW-325xi,3 Series E90,E90,325xi,VF14,Sedan,RUS,2007-06,2008-05
VG32-EUR-06-2007,VG32-EUR-06-2007-E90-BMW-316i,3 Series E90,E90,316i,VG32,Sedan,EUR,2007-06,2008-07
EB12-EUR-07-2007,EB12-EUR-07-2007-E64N-BMW-630i,6 Series E64 LCI,E64N,630i,EB12,Convertible,EUR,2007-07,2010-07
FG02-EUR-07-2007,FG02-EUR-07-2007-E71-BMW-X6_35dX,X6 E71,E71,X6 35dX,FG02,SAC,EUR,2007-07,2010-03
KB81-EUR-07-2007,KB81-EUR-07-2007-F02-BMW-750Li,7 Series F02,F02,750Li,KB81,Sedan,EUR,2007-07,2012-05
KB83-USA-07-2007,KB83-USA-07-2007-F02-BMW-750Li,7 Series F02,F02,750Li,KB83,Sedan,USA,2007-07,2012-06
PG51-EUR-07-2007,PG51-EUR-07-2007-E90N-BMW-320i,3 Series E90 LCI,E90N,320i,PG51,Sedan,EUR,2007-07,2011-11
PH31-EUR-07-2007,PH31-EUR-07-2007-E90N-BMW-325i,3 Series E90 LCI,E90N,325i,PH31,Sedan,EUR,2007-07,2011-10
PH73-USA-07-2007,PH73-USA-07-2007-E90N-BMW-328i,3 Series E90 LCI,E90N,328i,PH73,Sedan,USA,2007-07,2011-10
PL31-EUR-07-2007,PL31-EUR-07-2007-E90N-BMW-335xi,3 Series E90 LCI,E90N,335xi,PL31,Sedan,EUR,2007-07,2010-02
PM32-EUR-07-2007,PM32-EUR-07-2007-E90N-BMW-330i,3 Series E90 LCI,E90N,330i,PM32,Sedan,EUR,2007-07,2011-02
PM71-EUR-07-2007,PM71-EUR-07-2007-E90N-BMW-335i,3 Series E90 LCI,E90N,335i,PM71,Sedan,EUR,2007-07,2010-02
PN31-EUR-07-2007,PN31-EUR-07-2007-E90N-BMW-320d,3 Series E90 LCI,E90N,320d,PN31,Sedan,EUR,2007-07,2010-02
PP71-EUR-07-2007,PP71-EUR-07-2007-E90N-BMW-320xd,3 Series E90 LCI,E90N,320xd,PP71,Sedan,EUR,2007-07,2010-02
PP91-EUR-07-2007,PP91-EUR-07-2007-E90N-BMW-330xd,3 Series E90 LCI,E90N,330xd,PP91,Sedan,EUR,2007-07,2011-10
PR91-EUR-07-2007,PR91-EUR-07-2007-E90N-BMW-330d,3 Series E90 LCI,E90N,330d,PR91,Sedan,EUR,2007-07,2011-10
PR92-EUR-07-2007,PR92-EUR-07-2007-E90N-BMW-330d,3 Series E90 LCI,E90N,330d,PR92,Sedan,EUR,2007-07,2011-10
US91-EUR-07-2007,US91-EUR-07-2007-E91N-BMW-320i,3 Series E91 LCI,E91N,320i,US91,Touring,EUR,2007-07,2012-05
UT93-USA-07-2007,UT93-USA-07-2007-E91N-BMW-328i,3 Series E91 LCI,E91N,328i,UT93,Touring,USA,2007-07,2012-05
UV71-EUR-07-2007,UV71-EUR-07-2007-E91N-BMW-335i,3 Series E91 LCI,E91N,335i,UV71,Touring,EUR,2007-07,2010-02
UW71-EUR-07-2007,UW71-EUR-07-2007-E91N-BMW-320xd,3 Series E91 LCI,E91N,320xd,UW71,Touring,EUR,2007-07,2010-02
UW91-EUR-07-2007,UW91-EUR-07-2007-E91N-BMW-330xd,3 Series E91 LCI,E91N,330xd,UW91,Touring,EUR,2007-07,2012-05
UX31-EUR-07-2007,UX31-EUR-07-2007-E91N-BMW-320d,3 Series E91 LCI,E91N,320d,UX31,Touring,EUR,2007-07,2010-02
UY91-EUR-07-2007,UY91-EUR-07-2007-E91N-BMW-330d,3 Series E91 LCI,E91N,330d,UY91,Touring,EUR,2007-07,2012-05
UY92-EUR-07-2007,UY92-EUR-07-2007-E91N-BMW-330d,3 Series E91 LCI,E91N,330d,UY92,Touring,EUR,2007-07,2012-04
FG61-EUR-09-2007,FG61-EUR-09-2007-E71-BMW-X6_30dX,X6 E71,E71,X6 30dX,FG61,SAC,EUR,2007-09,2010-03
FG62-EUR-09-2007,FG62-EUR-09-2007-E71-BMW-X6_30dX,X6 E71,E71,X6 30dX,FG62,SAC,EUR,2007-09,2010-03
KA01-EUR-09-2007,KA01-EUR-09-2007-F01-BMW-760i,7 Series F01,F01,760i,KA01,Sedan,EUR,2007-09,2012-04
KA41-EUR-09-2007,KA41-EUR-09-2007-F01-BMW-740i,7 Series F01,F01,740i,KA41,Sedan,EUR,2007-09,2012-06
KA42-EUR-09-2007,KA42-EUR-09-2007-F01-BMW-740i,7 Series F01,F01,740i,KA42,Sedan,EUR,2007-09,2012-04
KA82-EUR-09-2007,KA82-EUR-09-2007-F01-BMW-750i,7 Series F01,F01,750i,KA82,Sedan,EUR,2007-09,2012-05
KA83-USA-09-2007,KA83-USA-09-2007-F01-BMW-750i,7 Series F01,F01,750i,KA83,Sedan,USA,2007-09,2012-06
KB01-EUR-09-2007,KB01-EUR-09-2007-F02-BMW-760Li,7 Series F02,F02,760Li,KB01,Sedan,EUR,2007-09,2012-06
KB03-USA-09-2007,KB03-USA-09-2007-F02-BMW-760Li,7 Series F02,F02,760Li,KB03,Sedan,USA,2007-09,2012-06
KB21-EUR-09-2007,KB21-EUR-09-2007-F02-BMW-730Li,7 Series F02,F02,730Li,KB21,Sedan,EUR,2007-09,2012-06
KB41-EUR-09-2007,KB41-EUR-09-2007-F02-BMW-740Li,7 Series F02,F02,740Li,KB41,Sedan,EUR,2007-09,2012-06
KC61-EUR-09-2007,KC61-EUR-09-2007-F01-BMW-750iX,7 Series F01,F01,750iX,KC61,Sedan,EUR,2007-09,2012-05
KC81-EUR-09-2007,KC81-EUR-09-2007-F02-BMW-750LiX,7 Series F02,F02,750LiX,KC81,Sedan,EUR,2007-09,2012-06
KM21-EUR-09-2007,KM21-EUR-09-2007-F01-BMW-730d,7 Series F01,F01,730d,KM21,Sedan,EUR,2007-09,2012-06
KM22-EUR-09-2007,KM22-EUR-09-2007-F01-BMW-730d,7 Series F01,F01,730d,KM22,Sedan,EUR,2007-09,2012-06
KM41-EUR-09-2007,KM41-EUR-09-2007-F02-BMW-730Ld,7 Series F02,F02,730Ld,KM41,Sedan,EUR,2007-09,2012-06
NT32-EUR-09-2007,NT32-EUR-09-2007-E60N-BMW-520i,5 Series E60 LCI,E60N,520i,NT32,Sedan,EUR,2007-09,2009-10
NU17-IDN-09-2007,NU17-IDN-09-2007-E60N-BMW-523i,5 Series E60 LCI,E60N,523i,NU17,Sedan,IDN,2007-09,2009-12
PG96-CHN-09-2007,PG96-CHN-09-2007-E90N-BMW-320i,3 Series E90 LCI,E90N,320i,PG96,Sedan,CHN,2007-09,2009-10
PH18-CHN-09-2007,PH18-CHN-09-2007-E90N-BMW-325i,3 Series E90 LCI,E90N,325i,PH18,Sedan,CHN,2007-09,2009-10
UM11-EUR-09-2007,UM11-EUR-09-2007-E88-BMW-118i,1 Series E88,E88,118i,UM11,Convertible,EUR,2007-09,2013-10
UM71-EUR-09-2007,UM71-EUR-09-2007-E88-BMW-120d,1 Series E88,E88,120d,UM71,Convertible,EUR,2007-09,2013-10
UN13-USA-09-2007,UN13-USA-09-2007-E88-BMW-128i,1 Series E88,E88,128i,UN13,Convertible,USA,2007-09,2013-10
VG37-IND-09-2007,VG37-IND-09-2007-E90-BMW-320d,3 Series E90,E90,320d,VG37,Sedan,IND,2007-09,2008-06
VG57-THA-09-2007,VG57-THA-09-2007-E90-BMW-318i,3 Series E90,E90,318i,VG57,Sedan,THA,2007-09,2008-07
VG74-MYS-09-2007,VG74-MYS-09-2007-E90-BMW-320i,3 Series E90,E90,320i,VG74,Sedan,MYS,2007-09,2008-07
VG97-THA-09-2007,VG97-THA-09-2007-E90-BMW-320i,3 Series E90,E90,320i,VG97,Sedan,THA,2007-09,2008-05
VG98-RUS-09-2007,VG98-RUS-09-2007-E90-BMW-320i,3 Series E90,E90,320i,VG98,Sedan,RUS,2007-09,2008-07
VG99-EGY-09-2007,VG99-EGY-09-2007-E90-BMW-320i,3 Series E90,E90,320i,VG99,Sedan,EGY,2007-09,2008-07
WM31-EUR-09-2007,WM31-EUR-09-2007-E93-BMW-320d,3 Series E93,E93,320d,WM31,Convertible,EUR,2007-09,2010-02
FG42-EUR-10-2007,FG42-EUR-10-2007-E71-BMW-X6_35iX,X6 E71,E71,X6 35iX,FG42,SAC,EUR,2007-10,2010-03
FG83-USA-10-2007,FG83-USA-10-2007-E71-BMW-X6_50iX,X6 E71,E71,X6 50iX,FG83,SAC,USA,2007-10,2014-06
KB82-EUR-10-2007,KB82-EUR-10-2007-F02-BMW-750Li,7 Series F02,F02,750Li,KB82,Sedan,EUR,2007-10,2012-05
KM81-EUR-10-2007,KM81-EUR-10-2007-F01-BMW-740d,7 Series F01,F01,740d,KM81,Sedan,EUR,2007-10,2012-06
UC32-EUR-10-2007,UC32-EUR-10-2007-E82-BMW-125i,1 Series E82,E82,125i,UC32,Coupe,EUR,2007-10,2013-09
UM12-EUR-10-2007,UM12-EUR-10-2007-E88-BMW-118i,1 Series E88,E88,118i,UM12,Convertible,EUR,2007-10,2013-10
UM72-EUR-10-2007,UM72-EUR-10-2007-E88-BMW-120d,1 Series E88,E88,120d,UM72,Convertible,EUR,2007-10,2013-09
VG77-IDN-10-2007,VG77-IDN-10-2007-E90-BMW-320i,3 Series E90,E90,320i,VG77,Sedan,IDN,2007-10,2008-08
VG95-IND-10-2007,VG95-IND-10-2007-E90-BMW-320i,3 Series E90,E90,320i,VG95,Sedan,IND,2007-10,2008-05
WM32-EUR-10-2007,WM32-EUR-10-2007-E93-BMW-320d,3 Series E93,E93,320d,WM32,Convertible,EUR,2007-10,2010-02
PN11-EUR-11-2007,PN11-EUR-11-2007-E90N-BMW-318d,3 Series E90 LCI,E90N,318d,PN11,Sedan,EUR,2007-11,2010-02
PN73-USA-11-2007,PN73-USA-11-2007-E90N-BMW-335d,3 Series E90 LCI,E90N,335d,PN73,Sedan,USA,2007-11,2011-08
VB77-USA-11-2007,VB77-USA-11-2007-E90-BMW-335i,3 Series E90,E90,335i,VB77,Sedan,USA,2007-11,2008-08
VG38-THA-11-2007,VG38-THA-11-2007-E90-BMW-320d,3 Series E90,E90,320d,VG38,Sedan,THA,2007-11,2008-07
PE15-THA-12-2007,PE15-THA-12-2007-E83N-BMW-X3_20d,X3 E83 LCI,E83N,X3 2.0d,PE15,SUV,THA,2007-12,2010-07
FF03-USA-01-2008,FF03-USA-01-2008-E70-BMW-X5_35d,X5 E70,E70,X5 3.5d,FF03,SUV,USA,2008-01,2010-03
FG82-EUR-01-2008,FG82-EUR-01-2008-E71-BMW-X6_50iX,X6 E71,E71,X6 50iX,FG82,SAC,EUR,2008-01,2014-05
LM31-EUR-01-2008,LM31-EUR-01-2008-E89-BMW-Z4_23i,Z4 E89,E89,Z4 23i,LM31,Roadster,EUR,2008-01,2011-08
LM51-EUR-01-2008,LM51-EUR-01-2008-E89-BMW-Z4_30i,Z4 E89,E89,Z4 30i,LM51,Roadster,EUR,2008-01,2011-08
LM53-USA-01-2008,LM53-USA-01-2008-E89-BMW-Z4_30i,Z4 E89,E89,Z4 30i,LM53,Roadster,USA,2008-01,2011-08
LM71-EUR-01-2008,LM71-EUR-01-2008-E89-BMW-Z4_35i,Z4 E89,E89,Z4 35i,LM71,Roadster,EUR,2008-01,2016-08
LM72-EUR-01-2008,LM72-EUR-01-2008-E89-BMW-Z4_35i,Z4 E89,E89,Z4 35i,LM72,Roadster,EUR,2008-01,2016-08
LM73-USA-01-2008,LM73-USA-01-2008-E89-BMW-Z4_35i,Z4 E89,E89,Z4 35i,LM73,Roadster,USA,2008-01,2016-08
NT15-RUS-02-2008,NT15-RUS-02-2008-E60N-BMW-520i,5 Series E60 LCI,E60N,520i,NT15,Sedan,RUS,2008-02,2009-07
PN71-EUR-02-2008,PN71-EUR-02-2008-E90N-BMW-335d,3 Series E90 LCI,E90N,335d,PN71,Sedan,EUR,2008-02,2011-10
UX11-EUR-02-2008,UX11-EUR-02-2008-E91N-BMW-318d,3 Series E91 LCI,E91N,318d,UX11,Touring,EUR,2008-02,2010-02
VG58-RUS-02-2008,VG58-RUS-02-2008-E90-BMW-318i,3 Series E90,E90,318i,VG58,Sedan,RUS,2008-02,2008-07
KB42-EUR-03-2008,KB42-EUR-03-2008-F02-BMW-740Li,7 Series F02,F02,740Li,KB42,Sedan,EUR,2008-03,2012-06
NT17-CHN-03-2008,NT17-CHN-03-2008-E60N-BMW-520Li,5 Series E60 LCI,E60N,520Li,NT17,Sedan,CHN,2008-03,2009-10
NX35-IND-03-2008,NX35-IND-03-2008-E60N-BMW-520d,5 Series E60 LCI,E60N,520d,NX35,Sedan,IND,2008-03,2009-12
NX37-THA-03-2008,NX37-THA-03-2008-E60N-BMW-520d,5 Series E60 LCI,E60N,520d,NX37,Sedan,THA,2008-03,2009-12
NX75-IND-03-2008,NX75-IND-03-2008-E60N-BMW-530d,5 Series E60 LCI,E60N,530d,NX75,Sedan,IND,2008-03,2009-06
PG31-EUR-03-2008,PG31-EUR-03-2008-E90N-BMW-320i,3 Series E90 LCI,E90N,320i,PG31,Sedan,EUR,2008-03,2011-11
PG32-EUR-03-2008,PG32-EUR-03-2008-E90N-BMW-320i,3 Series E90 LCI,E90N,320i,PG32,Sedan,EUR,2008-03,2011-10
PH11-EUR-03-2008,PH11-EUR-03-2008-E90N-BMW-325i,3 Series E90 LCI,E90N,325i,PH11,Sedan,EUR,2008-03,2011-10
PH12-EUR-03-2008,PH12-EUR-03-2008-E90N-BMW-325i,3 Series E90 LCI,E90N,325i,PH12,Sedan,EUR,2008-03,2011-07
PH51-EUR-03-2008,PH51-EUR-03-2008-E90N-BMW-328i,3 Series E90 LCI,E90N,328i,PH51,Sedan,EUR,2008-03,2010-06
PM31-EUR-03-2008,PM31-EUR-03-2008-E90N-BMW-330i,3 Series E90 LCI,E90N,330i,PM31,Sedan,EUR,2008-03,2011-10
PM72-EUR-03-2008,PM72-EUR-03-2008-E90N-BMW-335i,3 Series E90 LCI,E90N,335i,PM72,Sedan,EUR,2008-03,2010-02
PM92-EUR-03-2008,PM92-EUR-03-2008-E90N-BMW-M3,3 Series E90 LCI,E90N,M3,PM92,Sedan,EUR,2008-03,2011-10
PN32-EUR-03-2008,PN32-EUR-03-2008-E90N-BMW-320d,3 Series E90 LCI,E90N,320d,PN32,Sedan,EUR,2008-03,2010-02
PN51-EUR-03-2008,PN51-EUR-03-2008-E90N-BMW-325d,3 Series E90 LCI,E90N,325d,PN51,Sedan,EUR,2008-03,2010-02
UM31-EUR-03-2008,UM31-EUR-03-2008-E88-BMW-118i,1 Series E88,E88,118i,UM31,Convertible,EUR,2008-03,2013-06
UM32-EUR-03-2008,UM32-EUR-03-2008-E88-BMW-118i,1 Series E88,E88,118i,UM32,Convertible,EUR,2008-03,2013-09
UM91-EUR-03-2008,UM91-EUR-03-2008-E88-BMW-118d,1 Series E88,E88,118d,UM91,Convertible,EUR,2008-03,2013-10
UM92-EUR-03-2008,UM92-EUR-03-2008-E88-BMW-118d,1 Series E88,E88,118d,UM92,Convertible,EUR,2008-03,2013-10
UP11-EUR-03-2008,UP11-EUR-03-2008-E88-BMW-123d,1 Series E88,E88,123d,UP11,Convertible,EUR,2008-03,2013-09
UP12-EUR-03-2008,UP12-EUR-03-2008-E88-BMW-123d,1 Series E88,E88,123d,UP12,Convertible,EUR,2008-03,2013-09
US72-EUR-03-2008,US72-EUR-03-2008-E91N-BMW-320i,3 Series E91 LCI,E91N,320i,US72,Touring,EUR,2008-03,2012-05
UT71-EUR-03-2008,UT71-EUR-03-2008-E91N-BMW-325i,3 Series E91 LCI,E91N,325i,UT71,Touring,EUR,2008-03,2012-05
UV51-EUR-03-2008,UV51-EUR-03-2008-E91N-BMW-330i,3 Series E91 LCI,E91N,330i,UV51,Touring,EUR,2008-03,2012-05
UX32-EUR-03-2008,UX32-EUR-03-2008-E91N-BMW-320d,3 Series E91 LCI,E91N,320d,UX32,Touring,EUR,2008-03,2010-02
UX71-EUR-03-2008,UX71-EUR-03-2008-E91N-BMW-335d,3 Series E91 LCI,E91N,335d,UX71,Touring,EUR,2008-03,2012-05
VC57-USA-03-2008,VC57-USA-03-2008-E90-BMW-328i,3 Series E90,E90,328i,VC57,Sedan,USA,2008-03,2008-07
WA91-EUR-03-2008,WA91-EUR-03-2008-E92-BMW-330d,3 Series E92,E92,330d,WA91,Coupe,EUR,2008-03,2010-02
WB91-EUR-03-2008,WB91-EUR-03-2008-E92-BMW-330xd,3 Series E92,E92,330xd,WB91,Coupe,EUR,2008-03,2010-02
WC11-EUR-03-2008,WC11-EUR-03-2008-E92-BMW-320xd,3 Series E92,E92,320xd,WC11,Coupe,EUR,2008-03,2010-02
KB02-EUR-04-2008,KB02-EUR-04-2008-F02-BMW-760Li,7 Series F02,F02,760Li,KB02,Sedan,EUR,2008-04,2012-05
KC83-USA-04-2008,KC83-USA-04-2008-F02-BMW-750LiX,7 Series F02,F02,750LiX,KC83,Sedan,USA,2008-04,2012-06
LK41-EUR-04-2008,LK41-EUR-04-2008-F03-BMW-760LiS,7 Series F03,F03,760LiS,LK41,Sedan,EUR,2008-04,2012-04
PM11-EUR-04-2008,PM11-EUR-04-2008-E90N-BMW-330i,3 Series E90 LCI,E90N,330i,PM11,Sedan,EUR,2008-04,2011-10
PM73-USA-04-2008,PM73-USA-04-2008-E90N-BMW-335i,3 Series E90 LCI,E90N,335i,PM73,Sedan,USA,2008-04,2010-02
PM91-EUR-04-2008,PM91-EUR-04-2008-E90N-BMW-M3,3 Series E90 LCI,E90N,M3,PM91,Sedan,EUR,2008-04,2011-10
PM93-USA-04-2008,PM93-USA-04-2008-E90N-BMW-M3,3 Series E90 LCI,E90N,M3,PM93,Sedan,USA,2008-04,2011-10
WA12-EUR-04-2008,WA12-EUR-04-2008-E92-BMW-316i,3 Series E92,E92,316i,WA12,Coupe,EUR,2008-04,2010-02
WA92-EUR-04-2008,WA92-EUR-04-2008-E92-BMW-330d,3 Series E92,E92,330d,WA92,Coupe,EUR,2008-04,2010-02
KC63-USA-05-2008,KC63-USA-05-2008-F01-BMW-750iX,7 Series F01,F01,750iX,KC63,Sedan,USA,2008-05,2012-06
PF11-EUR-05-2008,PF11-EUR-05-2008-E90N-BMW-316i,3 Series E90 LCI,E90N,316i,PF11,Sedan,EUR,2008-05,2011-10
PF31-EUR-05-2008,PF31-EUR-05-2008-E90N-BMW-316i,3 Series E90 LCI,E90N,316i,PF31,Sedan,EUR,2008-05,2011-10
PF32-EUR-05-2008,PF32-EUR-05-2008-E90N-BMW-316i,3 Series E90 LCI,E90N,316i,PF32,Sedan,EUR,2008-05,2011-10
PF51-EUR-05-2008,PF51-EUR-05-2008-E90N-BMW-318i,3 Series E90 LCI,E90N,318i,PF51,Sedan,EUR,2008-05,2011-10
PF72-EUR-05-2008,PF72-EUR-05-2008-E90N-BMW-318i,3 Series E90 LCI,E90N,318i,PF72,Sedan,EUR,2008-05,2011-07
PG56-EUR-05-2008,PG56-EUR-05-2008-E90N-BMW-320i,3 Series E90 LCI,E90N,320i,PG56,Sedan,EUR,2008-05,2011-12
PG73-USA-05-2008,PG73-USA-05-2008-E90N-BMW-323i,3 Series E90 LCI,E90N,323i,PG73,Sedan,USA,2008-05,2011-10
PG76-EUR-05-2008,PG76-EUR-05-2008-E90N-BMW-323i,3 Series E90 LCI,E90N,323i,PG76,Sedan,EUR,2008-05,2011-12
PH15-EUR-05-2008,PH15-EUR-05-2008-E90N-BMW-325i,3 Series E90 LCI,E90N,325i,PH15,Sedan,EUR,2008-05,2010-07
PH16-EUR-05-2008,PH16-EUR-05-2008-E90N-BMW-325i,3 Series E90 LCI,E90N,325i,PH16,Sedan,EUR,2008-05,2011-12
PH53-USA-05-2008,PH53-USA-05-2008-E90N-BMW-328i,3 Series E90 LCI,E90N,328i,PH53,Sedan,USA,2008-05,2011-11
PH57-USA-05-2008,PH57-USA-05-2008-E90N-BMW-328i,3 Series E90 LCI,E90N,328i,PH57,Sedan,USA,2008-05,2011-12
PH77-USA-05-2008,PH77-USA-05-2008-E90N-BMW-328i,3 Series E90 LCI,E90N,328i,PH77,Sedan,USA,2008-05,2011-12
PK73-USA-05-2008,PK73-USA-05-2008-E90N-BMW-328xi,3 Series E90 LCI,E90N,328xi,PK73,Sedan,USA,2008-05,2011-11
PL11-EUR-05-2008,PL11-EUR-05-2008-E90N-BMW-330xi,3 Series E90 LCI,E90N,330xi,PL11,Sedan,EUR,2008-05,2011-10
PL33-USA-05-2008,PL33-USA-05-2008-E90N-BMW-335xi,3 Series E90 LCI,E90N,335xi,PL33,Sedan,USA,2008-05,2010-02
PM36-EUR-05-2008,PM36-EUR-05-2008-E90N-BMW-330i,3 Series E90 LCI,E90N,330i,PM36,Sedan,EUR,2008-05,2011-12
PM76-EUR-05-2008,PM76-EUR-05-2008-E90N-BMW-335i,3 Series E90 LCI,E90N,335i,PM76,Sedan,EUR,2008-05,2010-03
PN12-EUR-05-2008,PN12-EUR-05-2008-E90N-BMW-318d,3 Series E90 LCI,E90N,318d,PN12,Sedan,EUR,2008-05,2010-03
PN36-EUR-05-2008,PN36-EUR-05-2008-E90N-BMW-320d,3 Series E90 LCI,E90N,320d,PN36,Sedan,EUR,2008-05,2010-03
PN52-EUR-05-2008,PN52-EUR-05-2008-E90N-BMW-325d,3 Series E90 LCI,E90N,325d,PN52,Sedan,EUR,2008-05,2010-02
PN72-EUR-05-2008,PN72-EUR-05-2008-E90N-BMW-335d,3 Series E90 LCI,E90N,335d,PN72,Sedan,EUR,2008-05,2011-10
PR96-EUR-05-2008,PR96-EUR-05-2008-E90N-BMW-330d,3 Series E90 LCI,E90N,330d,PR96,Sedan,EUR,2008-05,2011-12
US11-EUR-05-2008,US11-EUR-05-2008-E91N-BMW-316i,3 Series E91 LCI,E91N,316i,US11,Touring,EUR,2008-05,2012-05
US52-EUR-05-2008,US52-EUR-05-2008-E91N-BMW-318i,3 Series E91 LCI,E91N,318i,US52,Touring,EUR,2008-05,2012-03
US71-EUR-05-2008,US71-EUR-05-2008-E91N-BMW-320i,3 Series E91 LCI,E91N,320i,US71,Touring,EUR,2008-05,2009-06
UU31-EUR-05-2008,UU31-EUR-05-2008-E91N-BMW-325xi,3 Series E91 LCI,E91N,325xi,UU31,Touring,EUR,2008-05,2011-08
UU51-EUR-05-2008,UU51-EUR-05-2008-E91N-BMW-325xi,3 Series E91 LCI,E91N,325xi,UU51,Touring,EUR,2008-05,2012-05
UU91-EUR-05-2008,UU91-EUR-05-2008-E91N-BMW-335xi,3 Series E91 LCI,E91N,335xi,UU91,Touring,EUR,2008-05,2010-02
UV31-EUR-05-2008,UV31-EUR-05-2008-E91N-BMW-330i,3 Series E91 LCI,E91N,330i,UV31,Touring,EUR,2008-05,2008-05
UV72-EUR-05-2008,UV72-EUR-05-2008-E91N-BMW-335i,3 Series E91 LCI,E91N,335i,UV72,Touring,EUR,2008-05,2010-02
UX12-EUR-05-2008,UX12-EUR-05-2008-E91N-BMW-318d,3 Series E91 LCI,E91N,318d,UX12,Touring,EUR,2008-05,2010-02
UX52-EUR-05-2008,UX52-EUR-05-2008-E91N-BMW-325d,3 Series E91 LCI,E91N,325d,UX52,Touring,EUR,2008-05,2010-02
UX72-EUR-05-2008,UX72-EUR-05-2008-E91N-BMW-335d,3 Series E91 LCI,E91N,335d,UX72,Touring,EUR,2008-05,2012-04
KA21-EUR-06-2008,KA21-EUR-06-2008-F01-BMW-730i,7 Series F01,F01,730i,KA21,Sedan,EUR,2008-06,2012-06
KM82-EUR-06-2008,KM82-EUR-06-2008-F01-BMW-740d,7 Series F01,F01,740d,KM82,Sedan,EUR,2008-06,2012-06
LK21-EUR-06-2008,LK21-EUR-06-2008-F03-BMW-750LiS,7 Series F03,F03,750LiS,LK21,Sedan,EUR,2008-06,2012-05
PF12-EUR-06-2008,PF12-EUR-06-2008-E90N-BMW-316i,3 Series E90 LCI,E90N,316i,PF12,Sedan,EUR,2008-06,2011-06
PF52-EUR-06-2008,PF52-EUR-06-2008-E90N-BMW-318i,3 Series E90 LCI,E90N,318i,PF52,Sedan,EUR,2008-06,2011-10
PF71-EUR-06-2008,PF71-EUR-06-2008-E90N-BMW-318i,3 Series E90 LCI,E90N,318i,PF71,Sedan,EUR,2008-06,2011-10
PG52-EUR-06-2008,PG52-EUR-06-2008-E90N-BMW-320i,3 Series E90 LCI,E90N,320i,PG52,Sedan,EUR,2008-06,2011-10
PH32-EUR-06-2008,PH32-EUR-06-2008-E90N-BMW-325i,3 Series E90 LCI,E90N,325i,PH32,Sedan,EUR,2008-06,2011-10
PK11-EUR-06-2008,PK11-EUR-06-2008-E90N-BMW-325xi,3 Series E90 LCI,E90N,325xi,PK11,Sedan,EUR,2008-06,2011-10
PK31-EUR-06-2008,PK31-EUR-06-2008-E90N-BMW-325xi,3 Series E90 LCI,E90N,325xi,PK31,Sedan,EUR,2008-06,2011-10
PK53-USA-06-2008,PK53-USA-06-2008-E90N-BMW-328xi,3 Series E90 LCI,E90N,328xi,PK53,Sedan,USA,2008-06,2011-10
PM12-EUR-06-2008,PM12-EUR-06-2008-E90N-BMW-330i,3 Series E90 LCI,E90N,330i,PM12,Sedan,EUR,2008-06,2010-02
PM77-USA-06-2008,PM77-USA-06-2008-E90N-BMW-335i,3 Series E90 LCI,E90N,335i,PM77,Sedan,USA,2008-06,2010-02
US31-EUR-06-2008,US31-EUR-06-2008-E91N-BMW-318i,3 Series E91 LCI,E91N,318i,US31,Touring,EUR,2008-06,2012-05
US32-EUR-06-2008,US32-EUR-06-2008-E91N-BMW-318i,3 Series E91 LCI,E91N,318i,US32,Touring,EUR,2008-06,2012-05
US51-EUR-06-2008,US51-EUR-06-2008-E91N-BMW-318i,3 Series E91 LCI,E91N,318i,US51,Touring,EUR,2008-06,2010-10
US92-EUR-06-2008,US92-EUR-06-2008-E91N-BMW-320i,3 Series E91 LCI,E91N,320i,US92,Touring,EUR,2008-06,2012-05
UT52-EUR-06-2008,UT52-EUR-06-2008-E91N-BMW-323i,3 Series E91 LCI,E91N,323i,UT52,Touring,EUR,2008-06,2012-05
UT92-EUR-06-2008,UT92-EUR-06-2008-E91N-BMW-325i,3 Series E91 LCI,E91N,325i,UT92,Touring,EUR,2008-06,2010-12
UU33-USA-06-2008,UU33-USA-06-2008-E91N-BMW-328xi,3 Series E91 LCI,E91N,328xi,UU33,Touring,USA,2008-06,2012-05
UU71-EUR-06-2008,UU71-EUR-06-2008-E91N-BMW-330xi,3 Series E91 LCI,E91N,330xi,UU71,Touring,EUR,2008-06,2012-05
UX51-EUR-06-2008,UX51-EUR-06-2008-E91N-BMW-325d,3 Series E91 LCI,E91N,325d,UX51,Touring,EUR,2008-06,2010-02
GY01-EUR-07-2008,GY01-EUR-07-2008-E70-BMW-X5_M,X5 E70,E70,X5 M,GY01,SUV,EUR,2008-07,2013-06
GY03-USA-07-2008,GY03-USA-07-2008-E70-BMW-X5_M,X5 E70,E70,X5 M,GY03,SUV,USA,2008-07,2013-06
GZ01-EUR-07-2008,GZ01-EUR-07-2008-E71-BMW-X6_M,X6 E71,E71,X6 M,GZ01,SAC,EUR,2008-07,2014-06
KB22-EUR-07-2008,KB22-EUR-07-2008-F02-BMW-730Li,7 Series F02,F02,730Li,KB22,Sedan,EUR,2008-07,2012-06
PG55-EUR-07-2008,PG55-EUR-07-2008-E90N-BMW-320i,3 Series E90 LCI,E90N,320i,PG55,Sedan,EUR,2008-07,2011-09
GY02-EUR-08-2008,GY02-EUR-08-2008-E70-BMW-X5_M,X5 E70,E70,X5 M,GY02,SUV,EUR,2008-08,2013-06
GZ02-EUR-08-2008,GZ02-EUR-08-2008-E71-BMW-X6_M,X6 E71,E71,X6 M,GZ02,SAC,EUR,2008-08,2014-04
GZ03-USA-08-2008,GZ03-USA-08-2008-E71-BMW-X6_M,X6 E71,E71,X6 M,GZ03,SAC,USA,2008-08,2014-06
PG58-CHN-08-2008,PG58-CHN-08-2008-E90N-BMW-318i,3 Series E90 LCI,E90N,318i,PG58,Sedan,CHN,2008-08,2023-08
PG75-EUR-08-2008,PG75-EUR-08-2008-E90N-BMW-323i,3 Series E90 LCI,E90N,323i,PG75,Sedan,EUR,2008-08,2011-09
UT72-EUR-08-2008,UT72-EUR-08-2008-E91N-BMW-325i,3 Series E91 LCI,E91N,325i,UT72,Touring,EUR,2008-08,2012-04
UV52-EUR-08-2008,UV52-EUR-08-2008-E91N-BMW-330i,3 Series E91 LCI,E91N,330i,UV52,Touring,EUR,2008-08,2010-03
LM32-EUR-09-2008,LM32-EUR-09-2008-E89-BMW-Z4_23i,Z4 E89,E89,Z4 23i,LM32,Roadster,EUR,2008-09,2011-08
LM52-EUR-09-2008,LM52-EUR-09-2008-E89-BMW-Z4_30i,Z4 E89,E89,Z4 30i,LM52,Roadster,EUR,2008-09,2011-08
PF77-THA-09-2008,PF77-THA-09-2008-E90N-BMW-318i,3 Series E90 LCI,E90N,318i,PF77,Sedan,THA,2008-09,2011-10
PG54-MYS-09-2008,PG54-MYS-09-2008-E90N-BMW-320i,3 Series E90 LCI,E90N,320i,PG54,Sedan,MYS,2008-09,2011-10
PG57-IDN-09-2008,PG57-IDN-09-2008-E90N-BMW-320i,3 Series E90 LCI,E90N,320i,PG57,Sedan,IDN,2008-09,2011-08
PG74-MYS-09-2008,PG74-MYS-09-2008-E90N-BMW-323i,3 Series E90 LCI,E90N,323i,PG74,Sedan,MYS,2008-09,2011-10
PG95-IND-09-2008,PG95-IND-09-2008-E90N-BMW-320i,3 Series E90 LCI,E90N,320i,PG95,Sedan,IND,2008-09,2011-01
PG97-THA-09-2008,PG97-THA-09-2008-E90N-BMW-320i,3 Series E90 LCI,E90N,320i,PG97,Sedan,THA,2008-09,2011-10
PG98-RUS-09-2008,PG98-RUS-09-2008-E90N-BMW-320i,3 Series E90 LCI,E90N,320i,PG98,Sedan,RUS,2008-09,2011-10
PG99-EGY-09-2008,PG99-EGY-09-2008-E90N-BMW-320i,3 Series E90 LCI,E90N,320i,PG99,Sedan,EGY,2008-09,2011-10
PH14-RUS-09-2008,PH14-RUS-09-2008-E90N-BMW-325i,3 Series E90 LCI,E90N,325i,PH14,Sedan,RUS,2008-09,2011-05
PH39-MYS-09-2008,PH39-MYS-09-2008-E90N-BMW-325i,3 Series E90 LCI,E90N,325i,PH39,Sedan,MYS,2008-09,2011-10
PK14-RUS-09-2008,PK14-RUS-09-2008-E90N-BMW-325xi,3 Series E90 LCI,E90N,325xi,PK14,Sedan,RUS,2008-09,2011-06
PM35-EUR-09-2008,PM35-EUR-09-2008-E90N-BMW-330i,3 Series E90 LCI,E90N,330i,PM35,Sedan,EUR,2008-09,2010-10
PN37-IND-09-2008,PN37-IND-09-2008-E90N-BMW-320d,3 Series E90 LCI,E90N,320d,PN37,Sedan,IND,2008-09,2010-02
PN38-THA-09-2008,PN38-THA-09-2008-E90N-BMW-320d,3 Series E90 LCI,E90N,320d,PN38,Sedan,THA,2008-09,2009-11
SN21-EUR-09-2008,SN21-EUR-09-2008-F07-BMW-535i,5 Series F07 GT,F07,535i,SN21,Gran Turismo,EUR,2008-09,2013-06
SN22-EUR-09-2008,SN22-EUR-09-2008-F07-BMW-535i,5 Series F07 GT,F07,535i,SN22,Gran Turismo,EUR,2008-09,2013-06
SN23-USA-09-2008,SN23-USA-09-2008-F07-BMW-535i,5 Series F07 GT,F07,535i,SN23,Gran Turismo,USA,2008-09,2013-06
SN41-EUR-09-2008,SN41-EUR-09-2008-F07-BMW-550i,5 Series F07 GT,F07,550i,SN41,Gran Turismo,EUR,2008-09,2012-05
SN43-USA-09-2008,SN43-USA-09-2008-F07-BMW-550i,5 Series F07 GT,F07,550i,SN43,Gran Turismo,USA,2008-09,2012-05
SN61-EUR-09-2008,SN61-EUR-09-2008-F07-BMW-530d,5 Series F07 GT,F07,530d,SN61,Gran Turismo,EUR,2008-09,2012-06
UT91-EUR-09-2008,UT91-EUR-09-2008-E91N-BMW-325i,3 Series E91 LCI,E91N,325i,UT91,Touring,EUR,2008-09,2010-02
VL32-EUR-09-2008,VL32-EUR-09-2008-E84-BMW-X1_18i,X1 E84,E84,X1 18i,VL32,SUV,EUR,2008-09,2015-06
VL51-EUR-09-2008,VL51-EUR-09-2008-E84-BMW-X1_25iX,X1 E84,E84,X1 25iX,VL51,SUV,EUR,2008-09,2011-08
VM31-EUR-09-2008,VM31-EUR-09-2008-E84-BMW-X1_28iX,X1 E84,E84,X1 28iX,VM31,SUV,EUR,2008-09,2011-08
VN11-EUR-09-2008,VN11-EUR-09-2008-E84-BMW-X1_18d,X1 E84,E84,X1 18d,VN11,SUV,EUR,2008-09,2012-06
VN31-EUR-09-2008,VN31-EUR-09-2008-E84-BMW-X1_20d,X1 E84,E84,X1 20d,VN31,SUV,EUR,2008-09,2012-06
VP11-EUR-09-2008,VP11-EUR-09-2008-E84-BMW-X1_18dX,X1 E84,E84,X1 18dX,VP11,SUV,EUR,2008-09,2012-06
VP31-EUR-09-2008,VP31-EUR-09-2008-E84-BMW-X1_20dX,X1 E84,E84,X1 20dX,VP31,SUV,EUR,2008-09,2012-06
VP51-EUR-09-2008,VP51-EUR-09-2008-E84-BMW-X1_23dX,X1 E84,E84,X1 23dX,VP51,SUV,EUR,2008-09,2012-06
WM91-EUR-09-2008,WM91-EUR-09-2008-E93-BMW-330d,3 Series E93,E93,330d,WM91,Convertible,EUR,2008-09,2010-02
FH03-USA-10-2008,FH03-USA-10-2008-E72-BMW-Hybrid_X6,X6 E72 Hybrid,E72,Hybrid X6,FH03,SAC,USA,2008-10,2011-09
KX63-USA-10-2008,KX63-USA-10-2008-F04-BMW-Hybrid_7,7 Series F04 Hybrid,F04,Hybrid 7,KX63,Sedan,USA,2008-10,2012-05
KX83-USA-10-2008,KX83-USA-10-2008-F04-BMW-Hybrid_7L,7 Series F04 Hybrid,F04,Hybrid 7L,KX83,Sedan,USA,2008-10,2012-05
PF78-RUS-10-2008,PF78-RUS-10-2008-E90N-BMW-318i,3 Series E90 LCI,E90N,318i,PF78,Sedan,RUS,2008-10,2011-10
PM75-EUR-10-2008,PM75-EUR-10-2008-E90N-BMW-335i,3 Series E90 LCI,E90N,335i,PM75,Sedan,EUR,2008-10,2010-02
UH31-EUR-10-2008,UH31-EUR-10-2008-E87N-BMW-116i_20,1 Series E87 LCI,E87N,116i 2.0,UH31,5 doors,EUR,2008-10,2011-06
UH32-EUR-10-2008,UH32-EUR-10-2008-E87N-BMW-116i_20,1 Series E87 LCI,E87N,116i 2.0,UH32,5 doors,EUR,2008-10,2011-06
UH51-EUR-10-2008,UH51-EUR-10-2008-E87N-BMW-116d,1 Series E87 LCI,E87N,116d,UH51,5 doors,EUR,2008-10,2011-06
VP12-EUR-10-2008,VP12-EUR-10-2008-E84-BMW-X1_18dX,X1 E84,E84,X1 18dX,VP12,SUV,EUR,2008-10,2012-06
VP32-EUR-10-2008,VP32-EUR-10-2008-E84-BMW-X1_20dX,X1 E84,E84,X1 20dX,VP32,SUV,EUR,2008-10,2012-06
VP52-EUR-10-2008,VP52-EUR-10-2008-E84-BMW-X1_23dX,X1 E84,E84,X1 23dX,VP52,SUV,EUR,2008-10,2012-06
WM92-EUR-10-2008,WM92-EUR-10-2008-E93-BMW-330d,3 Series E93,E93,330d,WM92,Convertible,EUR,2008-10,2010-02
DX71-EUR-11-2008,DX71-EUR-11-2008-E93N-BMW-335i,3 Series E93 LCI,E93N,335i,DX71,Convertible,EUR,2008-11,2013-10
DX73-USA-11-2008,DX73-USA-11-2008-E93N-BMW-335i,3 Series E93 LCI,E93N,335i,DX73,Convertible,USA,2008-11,2013-10
DY31-EUR-11-2008,DY31-EUR-11-2008-E93N-BMW-320d,3 Series E93 LCI,E93N,320d,DY31,Convertible,EUR,2008-11,2013-10
KD72-EUR-11-2008,KD72-EUR-11-2008-E92N-BMW-320i,3 Series E92 LCI,E92N,320i,KD72,Coupe,EUR,2008-11,2013-06
KF91-EUR-11-2008,KF91-EUR-11-2008-E92N-BMW-335xi,3 Series E92 LCI,E92N,335xi,KF91,Coupe,EUR,2008-11,2013-06
KF93-USA-11-2008,KF93-USA-11-2008-E92N-BMW-335xi,3 Series E92 LCI,E92N,335xi,KF93,Coupe,USA,2008-11,2013-06
KG71-EUR-11-2008,KG71-EUR-11-2008-E92N-BMW-335i,3 Series E92 LCI,E92N,335i,KG71,Coupe,EUR,2008-11,2013-06
KH31-EUR-11-2008,KH31-EUR-11-2008-E92N-BMW-320xd,3 Series E92 LCI,E92N,320xd,KH31,Coupe,EUR,2008-11,2013-06
KK31-EUR-11-2008,KK31-EUR-11-2008-E92N-BMW-320d,3 Series E92 LCI,E92N,320d,KK31,Coupe,EUR,2008-11,2013-06
KM42-EUR-11-2008,KM42-EUR-11-2008-F02-BMW-730Ld,7 Series F02,F02,730Ld,KM42,Sedan,EUR,2008-11,2012-06
KX61-EUR-11-2008,KX61-EUR-11-2008-F04-BMW-Hybrid_7,7 Series F04 Hybrid,F04,Hybrid 7,KX61,Sedan,EUR,2008-11,2012-06
KX81-EUR-11-2008,KX81-EUR-11-2008-F04-BMW-Hybrid_7L,7 Series F04 Hybrid,F04,Hybrid 7L,KX81,Sedan,EUR,2008-11,2012-04
NV35-RUS-11-2008,NV35-RUS-11-2008-E60N-BMW-525xi,5 Series E60 LCI,E60N,525xi,NV35,Sedan,RUS,2008-11,2009-07
PH95-IND-11-2008,PH95-IND-11-2008-E90N-BMW-325i,3 Series E90 LCI,E90N,325i,PH95,Sedan,IND,2008-11,2009-01
UK31-EUR-11-2008,UK31-EUR-11-2008-E81-BMW-116i_20,1 Series E81,E81,116i 2.0,UK31,3 doors,EUR,2008-11,2011-12
UK32-EUR-11-2008,UK32-EUR-11-2008-E81-BMW-116i_20,1 Series E81,E81,116i 2.0,UK32,3 doors,EUR,2008-11,2011-11
UK51-EUR-11-2008,UK51-EUR-11-2008-E81-BMW-116d,1 Series E81,E81,116d,UK51,3 doors,EUR,2008-11,2011-12
UK52-EUR-11-2008,UK52-EUR-11-2008-E81-BMW-116d,1 Series E81,E81,116d,UK52,3 doors,EUR,2008-11,2011-12
DX72-EUR-12-2008,DX72-EUR-12-2008-E93N-BMW-335i,3 Series E93 LCI,E93N,335i,DX72,Convertible,EUR,2008-12,2013-09
KB45-THA-12-2008,KB45-THA-12-2008-F02-BMW-740Li,7 Series F02,F02,740Li,KB45,Sedan,THA,2008-12,2012-02
KB86-EGY-12-2008,KB86-EGY-12-2008-F02-BMW-750Li,7 Series F02,F02,750Li,KB86,Sedan,EGY,2008-12,2011-11
KG73-USA-12-2008,KG73-USA-12-2008-E92N-BMW-335i,3 Series E92 LCI,E92N,335i,KG73,Coupe,USA,2008-12,2013-06
KK91-EUR-12-2008,KK91-EUR-12-2008-E92N-BMW-335d,3 Series E92 LCI,E92N,335d,KK91,Coupe,EUR,2008-12,2013-03
PM39-EGY-12-2008,PM39-EGY-12-2008-E90N-BMW-330i,3 Series E90 LCI,E90N,330i,PM39,Sedan,EGY,2008-12,2011-02
UH52-EUR-12-2008,UH52-EUR-12-2008-E87N-BMW-116d,1 Series E87 LCI,E87N,116d,UH52,5 doors,EUR,2008-12,2011-06
FH21-EUR-01-2009,FH21-EUR-01-2009-E72-BMW-Hybrid_X6,X6 E72 Hybrid,E72,Hybrid X6,FH21,SAC,EUR,2009-01,2011-10
FP32-EUR-01-2009,FP32-EUR-01-2009-F10-BMW-523i,5 Series F10,F10,523i,FP32,Sedan,EUR,2009-01,2011-08
FR71-EUR-01-2009,FR71-EUR-01-2009-F10-BMW-535i,5 Series F10,F10,535i,FR71,Sedan,EUR,2009-01,2013-06
FR73-USA-01-2009,FR73-USA-01-2009-F10-BMW-535i,5 Series F10,F10,535i,FR73,Sedan,USA,2009-01,2013-06
FR93-USA-01-2009,FR93-USA-01-2009-F10-BMW-550i,5 Series F10,F10,550i,FR93,Sedan,USA,2009-01,2013-06
FU93-USA-01-2009,FU93-USA-01-2009-F10-BMW-550iX,5 Series F10,F10,550iX,FU93,Sedan,USA,2009-01,2013-06
FW11-EUR-01-2009,FW11-EUR-01-2009-F10-BMW-520d,5 Series F10,F10,520d,FW11,Sedan,EUR,2009-01,2013-06
FW51-EUR-01-2009,FW51-EUR-01-2009-F10-BMW-530d,5 Series F10,F10,530d,FW51,Sedan,EUR,2009-01,2011-08
FW71-EUR-01-2009,FW71-EUR-01-2009-F10-BMW-535d,5 Series F10,F10,535d,FW71,Sedan,EUR,2009-01,2011-08
MT11-EUR-01-2009,MT11-EUR-01-2009-F11-BMW-523i,5 Series F11,F11,523i,MT11,Touring,EUR,2009-01,2011-08
MX51-EUR-01-2009,MX51-EUR-01-2009-F11-BMW-530d,5 Series F11,F11,530d,MX51,Touring,EUR,2009-01,2011-08
MX71-EUR-01-2009,MX71-EUR-01-2009-F11-BMW-535d,5 Series F11,F11,535d,MX71,Touring,EUR,2009-01,2011-08
PC38-RUS-01-2009,PC38-RUS-01-2009-E83N-BMW-X3_20i,X3 E83 LCI,E83N,X3 2.0i,PC38,SUV,RUS,2009-01,2009-07
PE18-RUS-01-2009,PE18-RUS-01-2009-E83N-BMW-X3_20d,X3 E83 LCI,E83N,X3 2.0d,PE18,SUV,RUS,2009-01,2010-08
PG59-EGY-01-2009,PG59-EGY-01-2009-E90N-BMW-318i,3 Series E90 LCI,E90N,318i,PG59,Sedan,EGY,2009-01,2011-10
PG71-EUR-01-2009,PG71-EUR-01-2009-E90N-BMW-323i,3 Series E90 LCI,E90N,323i,PG71,Sedan,EUR,2009-01,2011-10
SN42-EUR-01-2009,SN42-EUR-01-2009-F07-BMW-550i,5 Series F07 GT,F07,550i,SN42,Gran Turismo,EUR,2009-01,2012-05
SN62-EUR-01-2009,SN62-EUR-01-2009-F07-BMW-530d,5 Series F07 GT,F07,530d,SN62,Gran Turismo,EUR,2009-01,2012-06
UV32-EUR-01-2009,UV32-EUR-01-2009-E91N-BMW-330i,3 Series E91 LCI,E91N,330i,UV32,Touring,EUR,2009-01,2012-02
FP31-EUR-02-2009,FP31-EUR-02-2009-F10-BMW-523i,5 Series F10,F10,523i,FP31,Sedan,EUR,2009-02,2011-08
FR11-EUR-02-2009,FR11-EUR-02-2009-F10-BMW-530i,5 Series F10,F10,530i,FR11,Sedan,EUR,2009-02,2013-06
FR13-USA-02-2009,FR13-USA-02-2009-F10-BMW-528i,5 Series F10,F10,528i,FR13,Sedan,USA,2009-02,2011-08
FR72-EUR-02-2009,FR72-EUR-02-2009-F10-BMW-535i,5 Series F10,F10,535i,FR72,Sedan,EUR,2009-02,2013-06
FR91-EUR-02-2009,FR91-EUR-02-2009-F10-BMW-550i,5 Series F10,F10,550i,FR91,Sedan,EUR,2009-02,2013-06
FS11-EUR-02-2009,FS11-EUR-02-2009-F10-BMW-523i,5 Series F10,F10,523i,FS11,Sedan,EUR,2009-02,2011-08
FS51-EUR-02-2009,FS51-EUR-02-2009-F10-BMW-528i,5 Series F10,F10,528i,FS51,Sedan,EUR,2009-02,2011-08
FS52-EUR-02-2009,FS52-EUR-02-2009-F10-BMW-528i,5 Series F10,F10,528i,FS52,Sedan,EUR,2009-02,2011-08
FU91-EUR-02-2009,FU91-EUR-02-2009-F10-BMW-550iX,5 Series F10,F10,550iX,FU91,Sedan,EUR,2009-02,2013-06
FW31-EUR-02-2009,FW31-EUR-02-2009-F10-BMW-525d,5 Series F10,F10,525d,FW31,Sedan,EUR,2009-02,2011-08
FW72-EUR-02-2009,FW72-EUR-02-2009-F10-BMW-535d,5 Series F10,F10,535d,FW72,Sedan,EUR,2009-02,2011-08
MU71-EUR-02-2009,MU71-EUR-02-2009-F11-BMW-535i,5 Series F11,F11,535i,MU71,Touring,EUR,2009-02,2013-06
MU72-EUR-02-2009,MU72-EUR-02-2009-F11-BMW-535i,5 Series F11,F11,535i,MU72,Touring,EUR,2009-02,2013-06
MX11-EUR-02-2009,MX11-EUR-02-2009-F11-BMW-520d,5 Series F11,F11,520d,MX11,Touring,EUR,2009-02,2013-06
MY51-EUR-02-2009,MY51-EUR-02-2009-F11-BMW-528i,5 Series F11,F11,528i,MY51,Touring,EUR,2009-02,2011-08
MY52-EUR-02-2009,MY52-EUR-02-2009-F11-BMW-528i,5 Series F11,F11,528i,MY52,Touring,EUR,2009-02,2011-08
VN32-EUR-02-2009,VN32-EUR-02-2009-E84-BMW-X1_20d,X1 E84,E84,X1 20d,VN32,SUV,EUR,2009-02,2012-06
FH61-EUR-04-2009,FH61-EUR-04-2009-E71-BMW-X6_30dX,X6 E71,E71,X6 30dX,FH61,SAC,EUR,2009-04,2014-06
KM45-THA-04-2009,KM45-THA-04-2009-F02-BMW-730Ld,7 Series F02,F02,730Ld,KM45,Sedan,THA,2009-04,2012-04
NU97-IDN-04-2009,NU97-IDN-04-2009-E60N-BMW-530i,5 Series E60 LCI,E60N,530i,NU97,Sedan,IDN,2009-04,2009-11
PE71-EUR-04-2009,PE71-EUR-04-2009-E83N-BMW-X3_18d,X3 E83 LCI,E83N,X3 1.8d,PE71,SUV,EUR,2009-04,2010-08
PH55-EUR-04-2009,PH55-EUR-04-2009-E90N-BMW-328i,3 Series E90 LCI,E90N,328i,PH55,Sedan,EUR,2009-04,2011-07
PN35-EUR-04-2009,PN35-EUR-04-2009-E90N-BMW-320d,3 Series E90 LCI,E90N,320d,PN35,Sedan,EUR,2009-04,2010-03
SP23-USA-04-2009,SP23-USA-04-2009-F07-BMW-535iX,5 Series F07 GT,F07,535iX,SP23,Gran Turismo,USA,2009-04,2013-06
SP41-EUR-04-2009,SP41-EUR-04-2009-F07-BMW-550iX,5 Series F07 GT,F07,550iX,SP41,Gran Turismo,EUR,2009-04,2012-06
SP43-USA-04-2009,SP43-USA-04-2009-F07-BMW-550iX,5 Series F07 GT,F07,550iX,SP43,Gran Turismo,USA,2009-04,2012-05
VL31-EUR-04-2009,VL31-EUR-04-2009-E84-BMW-X1_18i,X1 E84,E84,X1 18i,VL31,SUV,EUR,2009-04,2015-06
VL52-EUR-04-2009,VL52-EUR-04-2009-E84-BMW-X1_25iX,X1 E84,E84,X1 25iX,VL52,SUV,EUR,2009-04,2011-08
VL91-EUR-04-2009,VL91-EUR-04-2009-E84-BMW-X1_20i,X1 E84,E84,X1 20i,VL91,SUV,EUR,2009-04,2015-06
VM53-USA-04-2009,VM53-USA-04-2009-E84-BMW-X1_35iX,X1 E84,E84,X1 35iX,VM53,SUV,USA,2009-04,2015-04
VN12-EUR-04-2009,VN12-EUR-04-2009-E84-BMW-X1_18d,X1 E84,E84,X1 18d,VN12,SUV,EUR,2009-04,2012-06
ZV41-EUR-04-2009,ZV41-EUR-04-2009-E70N-BMW-X5_35iX,X5 E70 LCI,E70N,X5 35iX,ZV41,SUV,EUR,2009-04,2013-06
ZV42-EUR-04-2009,ZV42-EUR-04-2009-E70N-BMW-X5_35iX,X5 E70 LCI,E70N,X5 35iX,ZV42,SUV,EUR,2009-04,2013-06
ZV43-USA-04-2009,ZV43-USA-04-2009-E70N-BMW-X5_35iX,X5 E70 LCI,E70N,X5 35iX,ZV43,SUV,USA,2009-04,2013-06
ZV81-EUR-04-2009,ZV81-EUR-04-2009-E70N-BMW-X5_50iX,X5 E70 LCI,E70N,X5 50iX,ZV81,SUV,EUR,2009-04,2013-06
ZW61-EUR-04-2009,ZW61-EUR-04-2009-E70N-BMW-X5_40dX,X5 E70 LCI,E70N,X5 40dX,ZW61,SUV,EUR,2009-04,2013-06
PE72-EUR-05-2009,PE72-EUR-05-2009-E83N-BMW-X3_18d,X3 E83 LCI,E83N,X3 1.8d,PE72,SUV,EUR,2009-05,2010-07
SN81-EUR-05-2009,SN81-EUR-05-2009-F07-BMW-535d,5 Series F07 GT,F07,535d,SN81,Gran Turismo,EUR,2009-05,2012-06
SP21-EUR-05-2009,SP21-EUR-05-2009-F07-BMW-535iX,5 Series F07 GT,F07,535iX,SP21,Gran Turismo,EUR,2009-05,2013-06
SP61-EUR-05-2009,SP61-EUR-05-2009-F07-BMW-530dX,5 Series F07 GT,F07,530dX,SP61,Gran Turismo,EUR,2009-05,2012-06
SP81-EUR-05-2009,SP81-EUR-05-2009-F07-BMW-535dX,5 Series F07 GT,F07,535dX,SP81,Gran Turismo,EUR,2009-05,2012-06
PN34-MYS-06-2009,PN34-MYS-06-2009-E90N-BMW-320d,3 Series E90 LCI,E90N,320d,PN34,Sedan,MYS,2009-06,2009-12
PR31-EUR-06-2009,PR31-EUR-06-2009-E90N-BMW-316d,3 Series E90 LCI,E90N,316d,PR31,Sedan,EUR,2009-06,2010-02
PR32-EUR-06-2009,PR32-EUR-06-2009-E90N-BMW-316d,3 Series E90 LCI,E90N,316d,PR32,Sedan,EUR,2009-06,2010-02
SN82-EUR-06-2009,SN82-EUR-06-2009-F07-BMW-535d,5 Series F07 GT,F07,535d,SN82,Gran Turismo,EUR,2009-06,2012-05
UC11-EUR-06-2009,UC11-EUR-06-2009-E82-BMW-120i,1 Series E82,E82,120i,UC11,Coupe,EUR,2009-06,2013-09
UC12-EUR-06-2009,UC12-EUR-06-2009-E82-BMW-120i,1 Series E82,E82,120i,UC12,Coupe,EUR,2009-06,2013-09
UC51-EUR-06-2009,UC51-EUR-06-2009-E82-BMW-120i,1 Series E82,E82,120i,UC51,Coupe,EUR,2009-06,2013-09
UC52-EUR-06-2009,UC52-EUR-06-2009-E82-BMW-120i,1 Series E82,E82,120i,UC52,Coupe,EUR,2009-06,2013-10
UR11-EUR-06-2009,UR11-EUR-06-2009-E82-BMW-118d,1 Series E82,E82,118d,UR11,Coupe,EUR,2009-06,2013-10
UR12-EUR-06-2009,UR12-EUR-06-2009-E82-BMW-118d,1 Series E82,E82,118d,UR12,Coupe,EUR,2009-06,2013-10
VM11-EUR-06-2009,VM11-EUR-06-2009-E84-BMW-X1_28iX,X1 E84,E84,X1 28iX,VM11,SUV,EUR,2009-06,2015-06
WY31-EUR-06-2009,WY31-EUR-06-2009-F25-BMW-X3_20dX,X3 F25,F25,X3 20dX,WY31,SUV,EUR,2009-06,2014-03
DW51-EUR-07-2009,DW51-EUR-07-2009-E93N-BMW-325i,3 Series E93 LCI,E93N,325i,DW51,Convertible,EUR,2009-07,2013-09
DX91-EUR-07-2009,DX91-EUR-07-2009-E93N-BMW-M3,3 Series E93 LCI,E93N,M3,DX91,Convertible,EUR,2009-07,2013-09
FG21-EUR-07-2009,FG21-EUR-07-2009-E71-BMW-X6_35iX,X6 E71,E71,X6 35iX,FG21,SAC,EUR,2009-07,2014-06
FG22-EUR-07-2009,FG22-EUR-07-2009-E71-BMW-X6_35iX,X6 E71,E71,X6 35iX,FG22,SAC,EUR,2009-07,2014-06
FG23-USA-07-2009,FG23-USA-07-2009-E71-BMW-X6_35iX,X6 E71,E71,X6 35iX,FG23,SAC,USA,2009-07,2014-06
FH01-EUR-07-2009,FH01-EUR-07-2009-E71-BMW-X6_40dX,X6 E71,E71,X6 40dX,FH01,SAC,EUR,2009-07,2014-06
FR12-EUR-07-2009,FR12-EUR-07-2009-F10-BMW-530i,5 Series F10,F10,530i,FR12,Sedan,EUR,2009-07,2013-05
FW52-EUR-07-2009,FW52-EUR-07-2009-F10-BMW-530d,5 Series F10,F10,530d,FW52,Sedan,EUR,2009-07,2011-08
KG13-USA-07-2009,KG13-USA-07-2009-E92N-BMW-335is,3 Series E92 LCI,E92N,335is,KG13,Coupe,USA,2009-07,2013-06
KK71-EUR-07-2009,KK71-EUR-07-2009-E92N-BMW-330d,3 Series E92 LCI,E92N,330d,KK71,Coupe,EUR,2009-07,2013-06
LK42-EUR-07-2009,LK42-EUR-07-2009-F03-BMW-760LiS,7 Series F03,F03,760LiS,LK42,Sedan,EUR,2009-07,2011-11
WX51-EUR-07-2009,WX51-EUR-07-2009-F25-BMW-X3_28iX,X3 F25,F25,X3 28iX,WX51,SUV,EUR,2009-07,2012-03
WX52-EUR-07-2009,WX52-EUR-07-2009-F25-BMW-X3_28iX,X3 F25,F25,X3 28iX,WX52,SUV,EUR,2009-07,2012-03
WX53-USA-07-2009,WX53-USA-07-2009-F25-BMW-X3_28iX,X3 F25,F25,X3 28iX,WX53,SUV,USA,2009-07,2012-03
WX71-EUR-07-2009,WX71-EUR-07-2009-F25-BMW-X3_35iX,X3 F25,F25,X3 35iX,WX71,SUV,EUR,2009-07,2017-08
WX72-EUR-07-2009,WX72-EUR-07-2009-F25-BMW-X3_35iX,X3 F25,F25,X3 35iX,WX72,SUV,EUR,2009-07,2017-06
WX73-USA-07-2009,WX73-USA-07-2009-F25-BMW-X3_35iX,X3 F25,F25,X3 35iX,WX73,SUV,USA,2009-07,2017-08
WY32-EUR-07-2009,WY32-EUR-07-2009-F25-BMW-X3_20dX,X3 F25,F25,X3 20dX,WY32,SUV,EUR,2009-07,2017-08
WY51-EUR-07-2009,WY51-EUR-07-2009-F25-BMW-X3_30dX,X3 F25,F25,X3 30dX,WY51,SUV,EUR,2009-07,2017-08
WY52-EUR-07-2009,WY52-EUR-07-2009-F25-BMW-X3_30dX,X3 F25,F25,X3 30dX,WY52,SUV,EUR,2009-07,2017-08
ZV83-USA-07-2009,ZV83-USA-07-2009-E70N-BMW-X5_50iX,X5 E70 LCI,E70N,X5 50iX,ZV83,SUV,USA,2009-07,2013-06
ZW41-EUR-07-2009,ZW41-EUR-07-2009-E70N-BMW-X5_30dX,X5 E70 LCI,E70N,X5 30dX,ZW41,SUV,EUR,2009-07,2013-06
ZW62-EUR-07-2009,ZW62-EUR-07-2009-E70N-BMW-X5_40dX,X5 E70 LCI,E70N,X5 40dX,ZW62,SUV,EUR,2009-07,2013-06
FP19-CHN-08-2009,FP19-CHN-08-2009-F18-BMW-520Li,5 Series F18,F18,520Li,FP19,Sedan,CHN,2009-08,2012-08
FP39-CHN-08-2009,FP39-CHN-08-2009-F18-BMW-523Li,5 Series F18,F18,523Li,FP39,Sedan,CHN,2009-08,2012-09
FR19-CHN-08-2009,FR19-CHN-08-2009-F18-BMW-528Li,5 Series F18,F18,528Li,FR19,Sedan,CHN,2009-08,2011-10
FR79-CHN-08-2009,FR79-CHN-08-2009-F18-BMW-535Li,5 Series F18,F18,535Li,FR79,Sedan,CHN,2009-08,2011-10
ZV82-EUR-08-2009,ZV82-EUR-08-2009-E70N-BMW-X5_50iX,X5 E70 LCI,E70N,X5 50iX,ZV82,SUV,EUR,2009-08,2013-06
ZW03-USA-08-2009,ZW03-USA-08-2009-E70N-BMW-X5_35dX,X5 E70 LCI,E70N,X5 35dX,ZW03,SUV,USA,2009-08,2013-06
DV31-EUR-09-2009,DV31-EUR-09-2009-E93N-BMW-320i,3 Series E93 LCI,E93N,320i,DV31,Convertible,EUR,2009-09,2013-08
DV51-EUR-09-2009,DV51-EUR-09-2009-E93N-BMW-320i,3 Series E93 LCI,E93N,320i,DV51,Convertible,EUR,2009-09,2013-10
DW31-EUR-09-2009,DW31-EUR-09-2009-E93N-BMW-325i,3 Series E93 LCI,E93N,325i,DW31,Convertible,EUR,2009-09,2013-09
DW52-EUR-09-2009,DW52-EUR-09-2009-E93N-BMW-325i,3 Series E93 LCI,E93N,325i,DW52,Convertible,EUR,2009-09,2013-08
DX13-USA-09-2009,DX13-USA-09-2009-E93N-BMW-335is,3 Series E93 LCI,E93N,335is,DX13,Convertible,USA,2009-09,2013-10
DX31-EUR-09-2009,DX31-EUR-09-2009-E93N-BMW-330i,3 Series E93 LCI,E93N,330i,DX31,Convertible,EUR,2009-09,2012-08
DX93-USA-09-2009,DX93-USA-09-2009-E93N-BMW-M3,3 Series E93 LCI,E93N,M3,DX93,Convertible,USA,2009-09,2013-10
DY51-EUR-09-2009,DY51-EUR-09-2009-E93N-BMW-325d,3 Series E93 LCI,E93N,325d,DY51,Convertible,EUR,2009-09,2013-09
FH02-EUR-09-2009,FH02-EUR-09-2009-E71-BMW-X6_40dX,X6 E71,E71,X6 40dX,FH02,SAC,EUR,2009-09,2014-06
FW32-EUR-09-2009,FW32-EUR-09-2009-F10-BMW-525d,5 Series F10,F10,525d,FW32,Sedan,EUR,2009-09,2011-08
KA43-USA-09-2009,KA43-USA-09-2009-F01-BMW-740i,7 Series F01,F01,740i,KA43,Sedan,USA,2009-09,2012-06
KB25-THA-09-2009,KB25-THA-09-2009-F02-BMW-730Li,7 Series F02,F02,730Li,KB25,Sedan,THA,2009-09,2012-05
KB43-USA-09-2009,KB43-USA-09-2009-F02-BMW-740Li,7 Series F02,F02,740Li,KB43,Sedan,USA,2009-09,2012-06
KD51-EUR-09-2009,KD51-EUR-09-2009-E92N-BMW-320i,3 Series E92 LCI,E92N,320i,KD51,Coupe,EUR,2009-09,2013-06
KE31-EUR-09-2009,KE31-EUR-09-2009-E92N-BMW-325i,3 Series E92 LCI,E92N,325i,KE31,Coupe,EUR,2009-09,2013-06
KF53-USA-09-2009,KF53-USA-09-2009-E92N-BMW-328xi,3 Series E92 LCI,E92N,328xi,KF53,Coupe,USA,2009-09,2013-06
KG31-EUR-09-2009,KG31-EUR-09-2009-E92N-BMW-330i,3 Series E92 LCI,E92N,330i,KG31,Coupe,EUR,2009-09,2012-08
KG72-EUR-09-2009,KG72-EUR-09-2009-E92N-BMW-335i,3 Series E92 LCI,E92N,335i,KG72,Coupe,EUR,2009-09,2013-06
KG91-EUR-09-2009,KG91-EUR-09-2009-E92N-BMW-M3,3 Series E92 LCI,E92N,M3,KG91,Coupe,EUR,2009-09,2013-06
KG92-EUR-09-2009,KG92-EUR-09-2009-E92N-BMW-M3,3 Series E92 LCI,E92N,M3,KG92,Coupe,EUR,2009-09,2013-06
KG93-USA-09-2009,KG93-USA-09-2009-E92N-BMW-M3,3 Series E92 LCI,E92N,M3,KG93,Coupe,USA,2009-09,2013-06
KK51-EUR-09-2009,KK51-EUR-09-2009-E92N-BMW-325d,3 Series E92 LCI,E92N,325d,KK51,Coupe,EUR,2009-09,2013-06
KK72-EUR-09-2009,KK72-EUR-09-2009-E92N-BMW-330d,3 Series E92 LCI,E92N,330d,KK72,Coupe,EUR,2009-09,2013-06
LM11-EUR-09-2009,LM11-EUR-09-2009-E89-BMW-Z4_35is,Z4 E89,E89,Z4 35is,LM11,Roadster,EUR,2009-09,2016-08
LM12-EUR-09-2009,LM12-EUR-09-2009-E89-BMW-Z4_35is,Z4 E89,E89,Z4 35is,LM12,Roadster,EUR,2009-09,2016-08
LM13-USA-09-2009,LM13-USA-09-2009-E89-BMW-Z4_35is,Z4 E89,E89,Z4 35is,LM13,Roadster,USA,2009-09,2016-08
PG11-EUR-09-2009,PG11-EUR-09-2009-E90N-BMW-318d,3 Series E90 LCI,E90N,318d,PG11,Sedan,EUR,2009-09,2011-10
PG12-EUR-09-2009,PG12-EUR-09-2009-E90N-BMW-318d,3 Series E90 LCI,E90N,318d,PG12,Sedan,EUR,2009-09,2011-10
PH17-THA-09-2009,PH17-THA-09-2009-E90N-BMW-325i,3 Series E90 LCI,E90N,325i,PH17,Sedan,THA,2009-09,2011-09
PL51-EUR-09-2009,PL51-EUR-09-2009-E90N-BMW-335xi,3 Series E90 LCI,E90N,335xi,PL51,Sedan,EUR,2009-09,2011-10
PL53-USA-09-2009,PL53-USA-09-2009-E90N-BMW-335xi,3 Series E90 LCI,E90N,335xi,PL53,Sedan,USA,2009-09,2011-10
PM51-EUR-09-2009,PM51-EUR-09-2009-E90N-BMW-335i,3 Series E90 LCI,E90N,335i,PM51,Sedan,EUR,2009-09,2011-10
PM52-EUR-09-2009,PM52-EUR-09-2009-E90N-BMW-335i,3 Series E90 LCI,E90N,335i,PM52,Sedan,EUR,2009-09,2011-10
PM53-USA-09-2009,PM53-USA-09-2009-E90N-BMW-335i,3 Series E90 LCI,E90N,335i,PM53,Sedan,USA,2009-09,2011-10
PN91-EUR-09-2009,PN91-EUR-09-2009-E90N-BMW-325d,3 Series E90 LCI,E90N,325d,PN91,Sedan,EUR,2009-09,2011-10
PP11-EUR-09-2009,PP11-EUR-09-2009-E90N-BMW-320d,3 Series E90 LCI,E90N,320d,PP11,Sedan,EUR,2009-09,2011-10
PP31-EUR-09-2009,PP31-EUR-09-2009-E90N-BMW-320xd,3 Series E90 LCI,E90N,320xd,PP31,Sedan,EUR,2009-09,2011-10
UC91-EUR-09-2009,UC91-EUR-09-2009-E82-BMW-135i,1 Series E82,E82,135i,UC91,Coupe,EUR,2009-09,2013-10
UC92-EUR-09-2009,UC92-EUR-09-2009-E82-BMW-135i,1 Series E82,E82,135i,UC92,Coupe,EUR,2009-09,2013-10
UC93-USA-09-2009,UC93-USA-09-2009-E82-BMW-135i,1 Series E82,E82,135i,UC93,Coupe,USA,2009-09,2013-10
UN71-EUR-09-2009,UN71-EUR-09-2009-E88-BMW-135i,1 Series E88,E88,135i,UN71,Convertible,EUR,2009-09,2013-10
UN73-USA-09-2009,UN73-USA-09-2009-E88-BMW-135i,1 Series E88,E88,135i,UN73,Convertible,USA,2009-09,2013-10
UT31-EUR-09-2009,UT31-EUR-09-2009-E91N-BMW-318d,3 Series E91 LCI,E91N,318d,UT31,Touring,EUR,2009-09,2012-05
UU11-EUR-09-2009,UU11-EUR-09-2009-E91N-BMW-335xi,3 Series E91 LCI,E91N,335xi,UU11,Touring,EUR,2009-09,2012-05
UV91-EUR-09-2009,UV91-EUR-09-2009-E91N-BMW-335i,3 Series E91 LCI,E91N,335i,UV91,Touring,EUR,2009-09,2012-05
UX91-EUR-09-2009,UX91-EUR-09-2009-E91N-BMW-325d,3 Series E91 LCI,E91N,325d,UX91,Touring,EUR,2009-09,2012-05
UX92-EUR-09-2009,UX92-EUR-09-2009-E91N-BMW-325d,3 Series E91 LCI,E91N,325d,UX92,Touring,EUR,2009-09,2012-04
UY11-EUR-09-2009,UY11-EUR-09-2009-E91N-BMW-320d,3 Series E91 LCI,E91N,320d,UY11,Touring,EUR,2009-09,2012-05
UY31-EUR-09-2009,UY31-EUR-09-2009-E91N-BMW-320xd,3 Series E91 LCI,E91N,320xd,UY31,Touring,EUR,2009-09,2012-05
UY51-EUR-09-2009,UY51-EUR-09-2009-E91N-BMW-316d,3 Series E91 LCI,E91N,316d,UY51,Touring,EUR,2009-09,2012-05
ZW42-EUR-09-2009,ZW42-EUR-09-2009-E70N-BMW-X5_30dX,X5 E70 LCI,E70N,X5 30dX,ZW42,SUV,EUR,2009-09,2013-06
DV52-EUR-10-2009,DV52-EUR-10-2009-E93N-BMW-320i,3 Series E93 LCI,E93N,320i,DV52,Convertible,EUR,2009-10,2013-08
DV71-EUR-10-2009,DV71-EUR-10-2009-E93N-BMW-318i,3 Series E93 LCI,E93N,318i,DV71,Convertible,EUR,2009-10,2013-09
DW33-USA-10-2009,DW33-USA-10-2009-E93N-BMW-328i,3 Series E93 LCI,E93N,328i,DW33,Convertible,USA,2009-10,2013-10
DX51-EUR-10-2009,DX51-EUR-10-2009-E93N-BMW-330i,3 Series E93 LCI,E93N,330i,DX51,Convertible,EUR,2009-10,2013-09
DX92-EUR-10-2009,DX92-EUR-10-2009-E93N-BMW-M3,3 Series E93 LCI,E93N,M3,DX92,Convertible,EUR,2009-10,2013-10
DY71-EUR-10-2009,DY71-EUR-10-2009-E93N-BMW-330d,3 Series E93 LCI,E93N,330d,DY71,Convertible,EUR,2009-10,2013-09
FH62-EUR-10-2009,FH62-EUR-10-2009-E71-BMW-X6_30dX,X6 E71,E71,X6 30dX,FH62,SAC,EUR,2009-10,2014-06
FR92-EUR-10-2009,FR92-EUR-10-2009-F10-BMW-550i,5 Series F10,F10,550i,FR92,Sedan,EUR,2009-10,2013-05
KD71-EUR-10-2009,KD71-EUR-10-2009-E92N-BMW-320i,3 Series E92 LCI,E92N,320i,KD71,Coupe,EUR,2009-10,2013-06
KD91-EUR-10-2009,KD91-EUR-10-2009-E92N-BMW-318i,3 Series E92 LCI,E92N,318i,KD91,Coupe,EUR,2009-10,2013-06
KE33-USA-10-2009,KE33-USA-10-2009-E92N-BMW-328i,3 Series E92 LCI,E92N,328i,KE33,Coupe,USA,2009-10,2013-06
KE52-EUR-10-2009,KE52-EUR-10-2009-E92N-BMW-325i,3 Series E92 LCI,E92N,325i,KE52,Coupe,EUR,2009-10,2013-06
KE53-USA-10-2009,KE53-USA-10-2009-E92N-BMW-328i,3 Series E92 LCI,E92N,328i,KE53,Coupe,USA,2009-10,2013-06
KF33-USA-10-2009,KF33-USA-10-2009-E92N-BMW-328xi,3 Series E92 LCI,E92N,328xi,KF33,Coupe,USA,2009-10,2013-06
LW71-EUR-10-2009,LW71-EUR-10-2009-F12-BMW-640i,6 Series F12,F12,640i,LW71,Convertible,EUR,2009-10,2015-02
PN92-EUR-10-2009,PN92-EUR-10-2009-E90N-BMW-325d,3 Series E90 LCI,E90N,325d,PN92,Sedan,EUR,2009-10,2011-10
PP12-EUR-10-2009,PP12-EUR-10-2009-E90N-BMW-320d,3 Series E90 LCI,E90N,320d,PP12,Sedan,EUR,2009-10,2011-10
PP51-EUR-10-2009,PP51-EUR-10-2009-E90N-BMW-320d_ed,3 Series E90 LCI,E90N,320d ed,PP51,Sedan,EUR,2009-10,2011-10
PP52-EUR-10-2009,PP52-EUR-10-2009-E90N-BMW-320d_ed,3 Series E90 LCI,E90N,320d ed,PP52,Sedan,EUR,2009-10,2011-11
PR51-EUR-10-2009,PR51-EUR-10-2009-E90N-BMW-316d,3 Series E90 LCI,E90N,316d,PR51,Sedan,EUR,2009-10,2011-10
PR52-EUR-10-2009,PR52-EUR-10-2009-E90N-BMW-316d,3 Series E90 LCI,E90N,316d,PR52,Sedan,EUR,2009-10,2011-10
UN72-EUR-10-2009,UN72-EUR-10-2009-E88-BMW-135i,1 Series E88,E88,135i,UN72,Convertible,EUR,2009-10,2013-10
UT32-EUR-10-2009,UT32-EUR-10-2009-E91N-BMW-318d,3 Series E91 LCI,E91N,318d,UT32,Touring,EUR,2009-10,2012-05
UV92-EUR-10-2009,UV92-EUR-10-2009-E91N-BMW-335i,3 Series E91 LCI,E91N,335i,UV92,Touring,EUR,2009-10,2012-04
UY12-EUR-10-2009,UY12-EUR-10-2009-E91N-BMW-320d,3 Series E91 LCI,E91N,320d,UY12,Touring,EUR,2009-10,2012-05
DW73-USA-11-2009,DW73-USA-11-2009-E93N-BMW-328i,3 Series E93 LCI,E93N,328i,DW73,Convertible,USA,2009-11,2013-10
FU73-USA-11-2009,FU73-USA-11-2009-F10-BMW-535iX,5 Series F10,F10,535iX,FU73,Sedan,USA,2009-11,2013-06
KA73-USA-11-2009,KA73-USA-11-2009-F01-BMW-BMW_ALPINA_B7,7 Series F01,F01,BMW ALPINA B7,KA73,Sedan,USA,2009-11,2012-05
KB73-USA-11-2009,KB73-USA-11-2009-F02-BMW-BMW_ALPINA_B7L,7 Series F02,F02,BMW ALPINA B7L,KB73,Sedan,USA,2009-11,2012-05
KE12-EUR-11-2009,KE12-EUR-11-2009-E92N-BMW-323i,3 Series E92 LCI,E92N,323i,KE12,Coupe,EUR,2009-11,2012-02
KE32-EUR-11-2009,KE32-EUR-11-2009-E92N-BMW-325i,3 Series E92 LCI,E92N,325i,KE32,Coupe,EUR,2009-11,2013-06
KE51-EUR-11-2009,KE51-EUR-11-2009-E92N-BMW-325i,3 Series E92 LCI,E92N,325i,KE51,Coupe,EUR,2009-11,2013-06
KG51-EUR-11-2009,KG51-EUR-11-2009-E92N-BMW-330i,3 Series E92 LCI,E92N,330i,KG51,Coupe,EUR,2009-11,2013-05
LZ31-EUR-11-2009,LZ31-EUR-11-2009-F12-BMW-650i,6 Series F12,F12,650i,LZ31,Convertible,EUR,2009-11,2012-06
LZ33-USA-11-2009,LZ33-USA-11-2009-F12-BMW-650i,6 Series F12,F12,650i,LZ33,Convertible,USA,2009-11,2012-05
MT51-EUR-11-2009,MT51-EUR-11-2009-F11-BMW-523i,5 Series F11,F11,523i,MT51,Touring,EUR,2009-11,2011-08
MU31-EUR-11-2009,MU31-EUR-11-2009-F11-BMW-530i,5 Series F11,F11,530i,MU31,Touring,EUR,2009-11,2013-05
MX12-EUR-11-2009,MX12-EUR-11-2009-F11-BMW-520d,5 Series F11,F11,520d,MX12,Touring,EUR,2009-11,2013-06
MX31-EUR-11-2009,MX31-EUR-11-2009-F11-BMW-525d,5 Series F11,F11,525d,MX31,Touring,EUR,2009-11,2011-08
PG36-EUR-11-2009,PG36-EUR-11-2009-E90N-BMW-320i,3 Series E90 LCI,E90N,320i,PG36,Sedan,EUR,2009-11,2011-12
PH35-EUR-11-2009,PH35-EUR-11-2009-E90N-BMW-325i,3 Series E90 LCI,E90N,325i,PH35,Sedan,EUR,2009-11,2011-12
PH36-EUR-11-2009,PH36-EUR-11-2009-E90N-BMW-325i,3 Series E90 LCI,E90N,325i,PH36,Sedan,EUR,2009-11,2011-10
PM34-IND-11-2009,PM34-IND-11-2009-E90N-BMW-330i,3 Series E90 LCI,E90N,330i,PM34,Sedan,IND,2009-11,2011-02
PM55-EUR-11-2009,PM55-EUR-11-2009-E90N-BMW-335i,3 Series E90 LCI,E90N,335i,PM55,Sedan,EUR,2009-11,2011-10
PM56-EUR-11-2009,PM56-EUR-11-2009-E90N-BMW-335i,3 Series E90 LCI,E90N,335i,PM56,Sedan,EUR,2009-11,2011-12
PM57-USA-11-2009,PM57-USA-11-2009-E90N-BMW-335i,3 Series E90 LCI,E90N,335i,PM57,Sedan,USA,2009-11,2011-10
PP15-EUR-11-2009,PP15-EUR-11-2009-E90N-BMW-320d,3 Series E90 LCI,E90N,320d,PP15,Sedan,EUR,2009-11,2011-11
PP16-EUR-11-2009,PP16-EUR-11-2009-E90N-BMW-320d,3 Series E90 LCI,E90N,320d,PP16,Sedan,EUR,2009-11,2011-12
VL13-USA-11-2009,VL13-USA-11-2009-E84-BMW-X1_28iX,X1 E84,E84,X1 28iX,VL13,SUV,USA,2009-11,2015-06
VL92-EUR-11-2009,VL92-EUR-11-2009-E84-BMW-X1_20i,X1 E84,E84,X1 20i,VL92,SUV,EUR,2009-11,2015-06
VM12-EUR-11-2009,VM12-EUR-11-2009-E84-BMW-X1_28iX,X1 E84,E84,X1 28iX,VM12,SUV,EUR,2009-11,2015-06
VM13-USA-11-2009,VM13-USA-11-2009-E84-BMW-X1_28i,X1 E84,E84,X1 28i,VM13,SUV,USA,2009-11,2015-06
DW71-EUR-12-2009,DW71-EUR-12-2009-E93N-BMW-328i,3 Series E93 LCI,E93N,328i,DW71,Convertible,EUR,2009-12,2013-07
DY32-EUR-12-2009,DY32-EUR-12-2009-E93N-BMW-320d,3 Series E93 LCI,E93N,320d,DY32,Convertible,EUR,2009-12,2013-10
FS12-EUR-12-2009,FS12-EUR-12-2009-F10-BMW-523i,5 Series F10,F10,523i,FS12,Sedan,EUR,2009-12,2011-08
FW12-EUR-12-2009,FW12-EUR-12-2009-F10-BMW-520d,5 Series F10,F10,520d,FW12,Sedan,EUR,2009-12,2013-06
KD11-EUR-12-2009,KD11-EUR-12-2009-E92N-BMW-316i,3 Series E92 LCI,E92N,316i,KD11,Coupe,EUR,2009-12,2013-04
MT52-EUR-12-2009,MT52-EUR-12-2009-F11-BMW-523i,5 Series F11,F11,523i,MT52,Touring,EUR,2009-12,2011-08
MX52-EUR-12-2009,MX52-EUR-12-2009-F11-BMW-530d,5 Series F11,F11,530d,MX52,Touring,EUR,2009-12,2011-08
PG77-USA-12-2009,PG77-USA-12-2009-E90N-BMW-323i,3 Series E90 LCI,E90N,323i,PG77,Sedan,USA,2009-12,2011-04
UY52-EUR-12-2009,UY52-EUR-12-2009-E91N-BMW-316d,3 Series E91 LCI,E91N,316d,UY52,Touring,EUR,2009-12,2010-12
LZ71-EUR-01-2010,LZ71-EUR-01-2010-F12-BMW-640d,6 Series F12,F12,640d,LZ71,Convertible,EUR,2010-01,2015-02
PH37-IDN-01-2010,PH37-IDN-01-2010-E90N-BMW-325i,3 Series E90 LCI,E90N,325i,PH37,Sedan,IDN,2010-01,2011-09
PS31-CHN-01-2010,PS31-CHN-01-2010-E90N-BMW-318i,3 Series E90 LCI,E90N,318i,PS31,Sedan,CHN,2010-01,2011-04
PS51-CHN-01-2010,PS51-CHN-01-2010-E90N-BMW-320i,3 Series E90 LCI,E90N,320i,PS51,Sedan,CHN,2010-01,2012-02
PS71-CHN-01-2010,PS71-CHN-01-2010-E90N-BMW-325i,3 Series E90 LCI,E90N,325i,PS71,Sedan,CHN,2010-01,2012-02
PZ11-CHN-01-2010,PZ11-CHN-01-2010-E60N-BMW-520Li,5 Series E60 LCI,E60N,520Li,PZ11,Sedan,CHN,2010-01,2010-09
PZ31-CHN-01-2010,PZ31-CHN-01-2010-E60N-BMW-523Li,5 Series E60 LCI,E60N,523Li,PZ31,Sedan,CHN,2010-01,2010-08
PZ51-CHN-01-2010,PZ51-CHN-01-2010-E60N-BMW-525Li,5 Series E60 LCI,E60N,525Li,PZ51,Sedan,CHN,2010-01,2010-04
PZ71-CHN-01-2010,PZ71-CHN-01-2010-E60N-BMW-530Li,5 Series E60 LCI,E60N,530Li,PZ71,Sedan,CHN,2010-01,2010-05
DV32-EUR-02-2010,DV32-EUR-02-2010-E93N-BMW-320i,3 Series E93 LCI,E93N,320i,DV32,Convertible,EUR,2010-02,2013-08
DW12-EUR-02-2010,DW12-EUR-02-2010-E93N-BMW-323i,3 Series E93 LCI,E93N,323i,DW12,Convertible,EUR,2010-02,2012-04
DW32-EUR-02-2010,DW32-EUR-02-2010-E93N-BMW-325i,3 Series E93 LCI,E93N,325i,DW32,Convertible,EUR,2010-02,2013-09
DX32-EUR-02-2010,DX32-EUR-02-2010-E93N-BMW-330i,3 Series E93 LCI,E93N,330i,DX32,Convertible,EUR,2010-02,2013-09
DY52-EUR-02-2010,DY52-EUR-02-2010-E93N-BMW-325d,3 Series E93 LCI,E93N,325d,DY52,Convertible,EUR,2010-02,2013-08
DY72-EUR-02-2010,DY72-EUR-02-2010-E93N-BMW-330d,3 Series E93 LCI,E93N,330d,DY72,Convertible,EUR,2010-02,2013-08
KD12-EUR-02-2010,KD12-EUR-02-2010-E92N-BMW-316i,3 Series E92 LCI,E92N,316i,KD12,Coupe,EUR,2010-02,2011-06
KD52-EUR-02-2010,KD52-EUR-02-2010-E92N-BMW-320i,3 Series E92 LCI,E92N,320i,KD52,Coupe,EUR,2010-02,2013-06
KF31-EUR-02-2010,KF31-EUR-02-2010-E92N-BMW-325xi,3 Series E92 LCI,E92N,325xi,KF31,Coupe,EUR,2010-02,2013-04
KF51-EUR-02-2010,KF51-EUR-02-2010-E92N-BMW-325xi,3 Series E92 LCI,E92N,325xi,KF51,Coupe,EUR,2010-02,2013-06
KG52-EUR-02-2010,KG52-EUR-02-2010-E92N-BMW-330i,3 Series E92 LCI,E92N,330i,KG52,Coupe,EUR,2010-02,2013-06
KH51-EUR-02-2010,KH51-EUR-02-2010-E92N-BMW-330xd,3 Series E92 LCI,E92N,330xd,KH51,Coupe,EUR,2010-02,2013-06
KK32-EUR-02-2010,KK32-EUR-02-2010-E92N-BMW-320d,3 Series E92 LCI,E92N,320d,KK32,Coupe,EUR,2010-02,2013-06
KK52-EUR-02-2010,KK52-EUR-02-2010-E92N-BMW-325d,3 Series E92 LCI,E92N,325d,KK52,Coupe,EUR,2010-02,2013-06
KK92-EUR-02-2010,KK92-EUR-02-2010-E92N-BMW-335d,3 Series E92 LCI,E92N,335d,KK92,Coupe,EUR,2010-02,2013-03
MT12-EUR-02-2010,MT12-EUR-02-2010-F11-BMW-523i,5 Series F11,F11,523i,MT12,Touring,EUR,2010-02,2011-08
DX52-EUR-03-2010,DX52-EUR-03-2010-E93N-BMW-330i,3 Series E93 LCI,E93N,330i,DX52,Convertible,EUR,2010-03,2013-08
FP15-RUS-03-2010,FP15-RUS-03-2010-F10-BMW-523i,5 Series F10,F10,523i,FP15,Sedan,RUS,2010-03,2011-08
KB66-EGY-03-2010,KB66-EGY-03-2010-F02-BMW-740Li,7 Series F02,F02,740Li,KB66,Sedan,EGY,2010-03,2011-11
KC01-EUR-03-2010,KC01-EUR-03-2010-F01-BMW-740dX,7 Series F01,F01,740dX,KC01,Sedan,EUR,2010-03,2012-06
KF71-EUR-03-2010,KF71-EUR-03-2010-E92N-BMW-330xi,3 Series E92 LCI,E92N,330xi,KF71,Coupe,EUR,2010-03,2013-06
LX33-USA-03-2010,LX33-USA-03-2010-F13-BMW-650i,6 Series F13,F13,650i,LX33,Coupe,USA,2010-03,2012-06
MU32-EUR-03-2010,MU32-EUR-03-2010-F11-BMW-530i,5 Series F11,F11,530i,MU32,Touring,EUR,2010-03,2011-08
MX72-EUR-03-2010,MX72-EUR-03-2010-F11-BMW-535d,5 Series F11,F11,535d,MX72,Touring,EUR,2010-03,2011-08
PP14-THA-03-2010,PP14-THA-03-2010-E90N-BMW-320d,3 Series E90 LCI,E90N,320d,PP14,Sedan,THA,2010-03,2011-10
PP17-IND-03-2010,PP17-IND-03-2010-E90N-BMW-320d,3 Series E90 LCI,E90N,320d,PP17,Sedan,IND,2010-03,2011-12
PP34-MYS-03-2010,PP34-MYS-03-2010-E90N-BMW-320d,3 Series E90 LCI,E90N,320d,PP34,Sedan,MYS,2010-03,2011-10
SZ01-EUR-03-2010,SZ01-EUR-03-2010-F07-BMW-530d_155kW,5 Series F07 GT,F07,530d 155kW,SZ01,Gran Turismo,EUR,2010-03,2012-06
FP34-MYS-04-2010,FP34-MYS-04-2010-F10-BMW-523i,5 Series F10,F10,523i,FP34,Sedan,MYS,2010-04,2011-07
FP35-IND-04-2010,FP35-IND-04-2010-F10-BMW-523i,5 Series F10,F10,523i,FP35,Sedan,IND,2010-04,2011-05
FP36-EGY-04-2010,FP36-EGY-04-2010-F10-BMW-523i,5 Series F10,F10,523i,FP36,Sedan,EGY,2010-04,2011-03
FP38-THA-04-2010,FP38-THA-04-2010-F10-BMW-523i,5 Series F10,F10,523i,FP38,Sedan,THA,2010-04,2011-07
FW55-IND-04-2010,FW55-IND-04-2010-F10-BMW-530d,5 Series F10,F10,530d,FW55,Sedan,IND,2010-04,2011-08
KG32-EUR-04-2010,KG32-EUR-04-2010-E92N-BMW-330i,3 Series E92 LCI,E92N,330i,KG32,Coupe,EUR,2010-04,2012-07
LW31-EUR-04-2010,LW31-EUR-04-2010-F13-BMW-640i,6 Series F13,F13,640i,LW31,Coupe,EUR,2010-04,2015-02
LX31-EUR-04-2010,LX31-EUR-04-2010-F13-BMW-650i,6 Series F13,F13,650i,LX31,Coupe,EUR,2010-04,2012-06
LX71-EUR-04-2010,LX71-EUR-04-2010-F13-BMW-640d,6 Series F13,F13,640d,LX71,Coupe,EUR,2010-04,2015-02
VM91-EUR-04-2010,VM91-EUR-04-2010-E84-BMW-X1_20iX,X1 E84,E84,X1 20iX,VM91,SUV,EUR,2010-04,2015-06
FR16-EGY-05-2010,FR16-EGY-05-2010-F10-BMW-528i,5 Series F10,F10,528i,FR16,Sedan,EGY,2010-05,2011-03
KC73-USA-05-2010,KC73-USA-05-2010-F02-BMW-BMW_ALPINA_B7LX,7 Series F02,F02,BMW ALPINA B7LX,KC73,Sedan,USA,2010-05,2012-05
LK22-EUR-05-2010,LK22-EUR-05-2010-F03-BMW-750LiS,7 Series F03,F03,750LiS,LK22,Sedan,EUR,2010-05,2012-04
LZ32-EUR-05-2010,LZ32-EUR-05-2010-F12-BMW-650i,6 Series F12,F12,650i,LZ32,Convertible,EUR,2010-05,2012-06
MX32-EUR-05-2010,MX32-EUR-05-2010-F11-BMW-525d,5 Series F11,F11,525d,MX32,Touring,EUR,2010-05,2011-08
FV91-EUR-06-2010,FV91-EUR-06-2010-F10-BMW-M5,5 Series F10,F10,M5,FV91,Sedan,EUR,2010-06,2016-10
FV92-EUR-06-2010,FV92-EUR-06-2010-F10-BMW-M5,5 Series F10,F10,M5,FV92,Sedan,EUR,2010-06,2016-10
FW35-IND-06-2010,FW35-IND-06-2010-F10-BMW-525d,5 Series F10,F10,525d,FW35,Sedan,IND,2010-06,2011-07
FW38-THA-06-2010,FW38-THA-06-2010-F10-BMW-525d,5 Series F10,F10,525d,FW38,Sedan,THA,2010-06,2011-08
LW72-EUR-06-2010,LW72-EUR-06-2010-F12-BMW-640i,6 Series F12,F12,640i,LW72,Convertible,EUR,2010-06,2015-02
XA11-EUR-06-2010,XA11-EUR-06-2010-F10-BMW-525dX,5 Series F10,F10,525dX,XA11,Sedan,EUR,2010-06,2013-06
XA31-EUR-06-2010,XA31-EUR-06-2010-F10-BMW-525d,5 Series F10,F10,525d,XA31,Sedan,EUR,2010-06,2013-06
XA32-EUR-06-2010,XA32-EUR-06-2010-F10-BMW-525d,5 Series F10,F10,525d,XA32,Sedan,EUR,2010-06,2013-06
XA51-EUR-06-2010,XA51-EUR-06-2010-F10-BMW-530d,5 Series F10,F10,530d,XA51,Sedan,EUR,2010-06,2013-06
XA52-EUR-06-2010,XA52-EUR-06-2010-F10-BMW-530d,5 Series F10,F10,530d,XA52,Sedan,EUR,2010-06,2013-06
XA71-EUR-06-2010,XA71-EUR-06-2010-F10-BMW-535d,5 Series F10,F10,535d,XA71,Sedan,EUR,2010-06,2013-06
XA91-EUR-06-2010,XA91-EUR-06-2010-F10-BMW-535dX,5 Series F10,F10,535dX,XA91,Sedan,EUR,2010-06,2013-06
XB11-EUR-06-2010,XB11-EUR-06-2010-F11-BMW-535dX,5 Series F11,F11,535dX,XB11,Touring,EUR,2010-06,2013-06
XB31-EUR-06-2010,XB31-EUR-06-2010-F11-BMW-525d,5 Series F11,F11,525d,XB31,Touring,EUR,2010-06,2013-06
XB51-EUR-06-2010,XB51-EUR-06-2010-F11-BMW-530d,5 Series F11,F11,530d,XB51,Touring,EUR,2010-06,2013-06
XB71-EUR-06-2010,XB71-EUR-06-2010-F11-BMW-535d,5 Series F11,F11,535d,XB71,Touring,EUR,2010-06,2013-06
XB91-EUR-06-2010,XB91-EUR-06-2010-F11-BMW-525dX,5 Series F11,F11,525dX,XB91,Touring,EUR,2010-06,2013-06
XG11-EUR-06-2010,XG11-EUR-06-2010-F10-BMW-520i,5 Series F10,F10,520i,XG11,Sedan,EUR,2010-06,2013-06
XG31-EUR-06-2010,XG31-EUR-06-2010-F10-BMW-528i,5 Series F10,F10,528i,XG31,Sedan,EUR,2010-06,2013-06
XG32-EUR-06-2010,XG32-EUR-06-2010-F10-BMW-528i,5 Series F10,F10,528i,XG32,Sedan,EUR,2010-06,2013-06
XG53-USA-06-2010,XG53-USA-06-2010-F10-BMW-528i,5 Series F10,F10,528i,XG53,Sedan,USA,2010-06,2013-06
XH31-EUR-06-2010,XH31-EUR-06-2010-F10-BMW-528iX,5 Series F10,F10,528iX,XH31,Sedan,EUR,2010-06,2013-06
XH53-USA-06-2010,XH53-USA-06-2010-F10-BMW-528iX,5 Series F10,F10,528iX,XH53,Sedan,USA,2010-06,2013-06
XL11-EUR-06-2010,XL11-EUR-06-2010-F11-BMW-520i,5 Series F11,F11,520i,XL11,Touring,EUR,2010-06,2013-06
XL31-EUR-06-2010,XL31-EUR-06-2010-F11-BMW-528i,5 Series F11,F11,528i,XL31,Touring,EUR,2010-06,2013-06
XL51-EUR-06-2010,XL51-EUR-06-2010-F11-BMW-528iX,5 Series F11,F11,528iX,XL51,Touring,EUR,2010-06,2013-06
1A11-EUR-07-2010,1A11-EUR-07-2010-F20-BMW-116i,1 Series F20,F20,116i,1A11,5 doors,EUR,2010-07,2015-02
1A31-EUR-07-2010,1A31-EUR-07-2010-F20-BMW-118i,1 Series F20,F20,118i,1A31,5 doors,EUR,2010-07,2015-02
1A32-EUR-07-2010,1A32-EUR-07-2010-F20-BMW-118i,1 Series F20,F20,118i,1A32,5 doors,EUR,2010-07,2015-02
1A51-EUR-07-2010,1A51-EUR-07-2010-F20-BMW-125i,1 Series F20,F20,125i,1A51,5 doors,EUR,2010-07,2015-02
1A52-EUR-07-2010,1A52-EUR-07-2010-F20-BMW-125i,1 Series F20,F20,125i,1A52,5 doors,EUR,2010-07,2015-02
1B51-EUR-07-2010,1B51-EUR-07-2010-F20-BMW-120dX,1 Series F20,F20,120dX,1B51,5 doors,EUR,2010-07,2015-02
1C11-EUR-07-2010,1C11-EUR-07-2010-F20-BMW-118d,1 Series F20,F20,118d,1C11,5 doors,EUR,2010-07,2015-02
1C31-EUR-07-2010,1C31-EUR-07-2010-F20-BMW-120d,1 Series F20,F20,120d,1C31,5 doors,EUR,2010-07,2015-02
1C51-EUR-07-2010,1C51-EUR-07-2010-F20-BMW-125d,1 Series F20,F20,125d,1C51,5 doors,EUR,2010-07,2015-02
1D52-EUR-07-2010,1D52-EUR-07-2010-F21-BMW-125i,1 Series F21,F21,125i,1D52,3 doors,EUR,2010-07,2015-02
1E12-EUR-07-2010,1E12-EUR-07-2010-F21-BMW-118d,1 Series F21,F21,118d,1E12,3 doors,EUR,2010-07,2015-02
1E72-EUR-07-2010,1E72-EUR-07-2010-F21-BMW-125d,1 Series F21,F21,125d,1E72,3 doors,EUR,2010-07,2015-02
FR14-MYS-07-2010,FR14-MYS-07-2010-F10-BMW-528i,5 Series F10,F10,528i,FR14,Sedan,MYS,2010-07,2011-06
FR15-RUS-07-2010,FR15-RUS-07-2010-F10-BMW-528i,5 Series F10,F10,528i,FR15,Sedan,RUS,2010-07,2011-08
FU71-EUR-07-2010,FU71-EUR-07-2010-F10-BMW-535iX,5 Series F10,F10,535iX,FU71,Sedan,EUR,2010-07,2013-06
FV31-EUR-07-2010,FV31-EUR-07-2010-F10-BMW-530dX,5 Series F10,F10,530dX,FV31,Sedan,EUR,2010-07,2013-06
FW18-THA-07-2010,FW18-THA-07-2010-F10-BMW-520d,5 Series F10,F10,520d,FW18,Sedan,THA,2010-07,2013-06
LW73-USA-07-2010,LW73-USA-07-2010-F12-BMW-640i,6 Series F12,F12,640i,LW73,Convertible,USA,2010-07,2015-02
LZ51-EUR-07-2010,LZ51-EUR-07-2010-F12-BMW-650iX,6 Series F12,F12,650iX,LZ51,Convertible,EUR,2010-07,2012-06
LZ53-USA-07-2010,LZ53-USA-07-2010-F12-BMW-650iX,6 Series F12,F12,650iX,LZ53,Convertible,USA,2010-07,2012-06
MW51-EUR-07-2010,MW51-EUR-07-2010-F11-BMW-535iX,5 Series F11,F11,535iX,MW51,Touring,EUR,2010-07,2013-06
MW91-EUR-07-2010,MW91-EUR-07-2010-F11-BMW-530dX,5 Series F11,F11,530dX,MW91,Touring,EUR,2010-07,2013-06
FW75-IND-08-2010,FW75-IND-08-2010-F10-BMW-520d,5 Series F10,F10,520d,FW75,Sedan,IND,2010-08,2013-04
VL35-EGY-08-2010,VL35-EGY-08-2010-E84-BMW-X1_18i,X1 E84,E84,X1 18i,VL35,SUV,EGY,2010-08,2015-03
VL39-RUS-08-2010,VL39-RUS-08-2010-E84-BMW-X1_18i,X1 E84,E84,X1 18i,VL39,SUV,RUS,2010-08,2014-09
VP39-RUS-08-2010,VP39-RUS-08-2010-E84-BMW-X1_20dX,X1 E84,E84,X1 20dX,VP39,SUV,RUS,2010-08,2012-06
FR76-EGY-09-2010,FR76-EGY-09-2010-F10-BMW-535i,5 Series F10,F10,535i,FR76,Sedan,EGY,2010-09,2012-04
FZ91-EUR-09-2010,FZ91-EUR-09-2010-F10-BMW-Hybrid_5,5 Series F10,F10,Hybrid 5,FZ91,Sedan,EUR,2010-09,2013-06
FZ92-EUR-09-2010,FZ92-EUR-09-2010-F10-BMW-Hybrid_5,5 Series F10,F10,Hybrid 5,FZ92,Sedan,EUR,2010-09,2013-06
KC53-USA-09-2010,KC53-USA-09-2010-F01-BMW-BMW_ALPINA_B7X,7 Series F01,F01,BMW ALPINA B7X,KC53,Sedan,USA,2010-09,2012-05
MU91-EUR-09-2010,MU91-EUR-09-2010-F11-BMW-550i,5 Series F11,F11,550i,MU91,Touring,EUR,2010-09,2013-06
MU92-EUR-09-2010,MU92-EUR-09-2010-F11-BMW-550i,5 Series F11,F11,550i,MU92,Touring,EUR,2010-09,2013-04
UR91-EUR-09-2010,UR91-EUR-09-2010-E82-BMW-M_Coupé,1 Series E82,E82,M Coupé,UR91,Coupe,EUR,2010-09,2012-06
UR92-EUR-09-2010,UR92-EUR-09-2010-E82-BMW-M_Coupé,1 Series E82,E82,M Coupé,UR92,Coupe,EUR,2010-09,2012-06
UR93-USA-09-2010,UR93-USA-09-2010-E82-BMW-M_Coupé,1 Series E82,E82,M Coupé,UR93,Coupe,USA,2010-09,2011-12
VL34-THA-09-2010,VL34-THA-09-2010-E84-BMW-X1_18i,X1 E84,E84,X1 18i,VL34,SUV,THA,2010-09,2015-04
VL37-IND-09-2010,VL37-IND-09-2010-E84-BMW-X1_18i,X1 E84,E84,X1 18i,VL37,SUV,IND,2010-09,2011-06
VL38-MYS-09-2010,VL38-MYS-09-2010-E84-BMW-X1_18i,X1 E84,E84,X1 18i,VL38,SUV,MYS,2010-09,2011-11
VN37-IND-09-2010,VN37-IND-09-2010-E84-BMW-X1_20d,X1 E84,E84,X1 20d,VN37,SUV,IND,2010-09,2011-12
VP38-MYS-09-2010,VP38-MYS-09-2010-E84-BMW-X1_20dX,X1 E84,E84,X1 20dX,VP38,SUV,MYS,2010-09,2011-12
FV71-EUR-10-2010,FV71-EUR-10-2010-F10-BMW-M550dX,5 Series F10,F10,M550dX,FV71,Sedan,EUR,2010-10,2013-06
FV93-USA-10-2010,FV93-USA-10-2010-F10-BMW-M5,5 Series F10,F10,M5,FV93,Sedan,USA,2010-10,2016-10
FZ93-USA-10-2010,FZ93-USA-10-2010-F10-BMW-Hybrid_5,5 Series F10,F10,Hybrid 5,FZ93,Sedan,USA,2010-10,2013-06
KD92-EUR-10-2010,KD92-EUR-10-2010-E92N-BMW-318i,3 Series E92 LCI,E92N,318i,KD92,Coupe,EUR,2010-10,2013-06
MY91-EUR-10-2010,MY91-EUR-10-2010-F11-BMW-M550dX,5 Series F11,F11,M550dX,MY91,Touring,EUR,2010-10,2013-06
UY71-EUR-10-2010,UY71-EUR-10-2010-E91N-BMW-320d_ed,3 Series E91 LCI,E91N,320d ed,UY71,Touring,EUR,2010-10,2012-05
FW54-MYS-11-2010,FW54-MYS-11-2010-F10-BMW-520d,5 Series F10,F10,520d,FW54,Sedan,MYS,2010-11,2013-05
LW32-EUR-11-2010,LW32-EUR-11-2010-F13-BMW-640i,6 Series F13,F13,640i,LW32,Coupe,EUR,2010-11,2015-02
LX51-EUR-11-2010,LX51-EUR-11-2010-F13-BMW-650iX,6 Series F13,F13,650iX,LX51,Coupe,EUR,2010-11,2012-06
PK57-USA-11-2010,PK57-USA-11-2010-E90N-BMW-328xi,3 Series E90 LCI,E90N,328xi,PK57,Sedan,USA,2010-11,2011-12
PL57-USA-11-2010,PL57-USA-11-2010-E90N-BMW-335xi,3 Series E90 LCI,E90N,335xi,PL57,Sedan,USA,2010-11,2011-12
1A12-EUR-12-2010,1A12-EUR-12-2010-F20-BMW-116i,1 Series F20,F20,116i,1A12,5 doors,EUR,2010-12,2015-02
1C12-EUR-12-2010,1C12-EUR-12-2010-F20-BMW-118d,1 Series F20,F20,118d,1C12,5 doors,EUR,2010-12,2015-02
1C32-EUR-12-2010,1C32-EUR-12-2010-F20-BMW-120d,1 Series F20,F20,120d,1C32,5 doors,EUR,2010-12,2015-02
1C71-EUR-12-2010,1C71-EUR-12-2010-F20-BMW-116d,1 Series F20,F20,116d,1C71,5 doors,EUR,2010-12,2015-02
LW33-USA-12-2010,LW33-USA-12-2010-F13-BMW-640i,6 Series F13,F13,640i,LW33,Coupe,USA,2010-12,2015-02
LX53-USA-12-2010,LX53-USA-12-2010-F13-BMW-650iX,6 Series F13,F13,650iX,LX53,Coupe,USA,2010-12,2012-06
VN34-THA-12-2010,VN34-THA-12-2010-E84-BMW-X1_20d,X1 E84,E84,X1 20d,VN34,SUV,THA,2010-12,2012-05
WX79-RUS-12-2010,WX79-RUS-12-2010-F25-BMW-X3_35iX,X3 F25,F25,X3 35iX,WX79,SUV,RUS,2010-12,2011-08
FW91-EUR-01-2011,FW91-EUR-01-2011-F10-BMW-520d_ed,5 Series F10,F10,520d ed,FW91,Sedan,EUR,2011-01,2013-06
LL51-EUR-01-2011,LL51-EUR-01-2011-E89-BMW-Z4_28i,Z4 E89,E89,Z4 28i,LL51,Roadster,EUR,2011-01,2016-08
LL53-USA-01-2011,LL53-USA-01-2011-E89-BMW-Z4_28i,Z4 E89,E89,Z4 28i,LL53,Roadster,USA,2011-01,2016-08
VZ11-CHN-01-2011,VZ11-CHN-01-2011-E84-BMW-X1_18i,X1 E84,E84,X1 18i,VZ11,SUV,CHN,2011-01,2014-04
VZ31-CHN-01-2011,VZ31-CHN-01-2011-E84-BMW-X1_20i,X1 E84,E84,X1 20i,VZ31,SUV,CHN,2011-01,2014-08
VZ51-CHN-01-2011,VZ51-CHN-01-2011-E84-BMW-X1_20iX,X1 E84,E84,X1 20iX,VZ51,SUV,CHN,2011-01,2015-11
VZ71-CHN-01-2011,VZ71-CHN-01-2011-E84-BMW-X1_28iX,X1 E84,E84,X1 28iX,VZ71,SUV,CHN,2011-01,2015-08
WX75-EGY-01-2011,WX75-EGY-01-2011-F25-BMW-X3_35iX,X3 F25,F25,X3 35iX,WX75,SUV,EGY,2011-01,2017-06
WY34-THA-01-2011,WY34-THA-01-2011-F25-BMW-X3_20dX,X3 F25,F25,X3 20dX,WY34,SUV,THA,2011-01,2014-02
WY37-IND-01-2011,WY37-IND-01-2011-F25-BMW-X3_20dX,X3 F25,F25,X3 20dX,WY37,SUV,IND,2011-01,2013-12
WY39-RUS-01-2011,WY39-RUS-01-2011-F25-BMW-X3_20dX,X3 F25,F25,X3 20dX,WY39,SUV,RUS,2011-01,2014-03
XL32-EUR-01-2011,XL32-EUR-01-2011-F11-BMW-528i,5 Series F11,F11,528i,XL32,Touring,EUR,2011-01,2013-05
1C72-EUR-02-2011,1C72-EUR-02-2011-F20-BMW-116d,1 Series F20,F20,116d,1C72,5 doors,EUR,2011-02,2015-02
3C13-USA-02-2011,3C13-USA-02-2011-F30-BMW-328i,3 Series F30,F30,328i,3C13,Sedan,USA,2011-02,2015-06
CU51-CHN-02-2011,CU51-CHN-02-2011-F18-BMW-530Li,5 Series F18,F18,530Li,CU51,Sedan,CHN,2011-02,2013-08
LX32-EUR-02-2011,LX32-EUR-02-2011-F13-BMW-650i,6 Series F13,F13,650i,LX32,Coupe,EUR,2011-02,2012-06
PK77-USA-02-2011,PK77-USA-02-2011-E90N-BMW-328xi,3 Series E90 LCI,E90N,328xi,PK77,Sedan,USA,2011-02,2011-12
WX31-EUR-02-2011,WX31-EUR-02-2011-F25-BMW-X3_20iX,X3 F25,F25,X3 20iX,WX31,SUV,EUR,2011-02,2017-08
WX32-EUR-02-2011,WX32-EUR-02-2011-F25-BMW-X3_20iX,X3 F25,F25,X3 20iX,WX32,SUV,EUR,2011-02,2017-08
WX59-RUS-02-2011,WX59-RUS-02-2011-F25-BMW-X3_28iX,X3 F25,F25,X3 28iX,WX59,SUV,RUS,2011-02,2012-03
WY71-EUR-02-2011,WY71-EUR-02-2011-F25-BMW-X3_35dX,X3 F25,F25,X3 35dX,WY71,SUV,EUR,2011-02,2017-08
WY72-EUR-02-2011,WY72-EUR-02-2011-F25-BMW-X3_35dX,X3 F25,F25,X3 35dX,WY72,SUV,EUR,2011-02,2017-08
3D31-EUR-03-2011,3D31-EUR-03-2011-F30-BMW-320d,3 Series F30,F30,320d,3D31,Sedan,EUR,2011-03,2015-06
3D32-EUR-03-2011,3D32-EUR-03-2011-F30-BMW-320d,3 Series F30,F30,320d,3D32,Sedan,EUR,2011-03,2015-07
CU31-CHN-03-2011,CU31-CHN-03-2011-F18-BMW-525Li,5 Series F18,F18,525Li,CU31,Sedan,CHN,2011-03,2013-08
CU71-CHN-03-2011,CU71-CHN-03-2011-F18-BMW-535Li,5 Series F18,F18,535Li,CU71,Sedan,CHN,2011-03,2013-07
FW92-EUR-03-2011,FW92-EUR-03-2011-F10-BMW-520d_ed,5 Series F10,F10,520d ed,FW92,Sedan,EUR,2011-03,2013-06
LL31-EUR-03-2011,LL31-EUR-03-2011-E89-BMW-Z4_20i,Z4 E89,E89,Z4 20i,LL31,Roadster,EUR,2011-03,2016-08
LL32-EUR-03-2011,LL32-EUR-03-2011-E89-BMW-Z4_20i,Z4 E89,E89,Z4 20i,LL32,Roadster,EUR,2011-03,2016-08
LL52-EUR-03-2011,LL52-EUR-03-2011-E89-BMW-Z4_28i,Z4 E89,E89,Z4 28i,LL52,Roadster,EUR,2011-03,2016-08
LX91-EUR-03-2011,LX91-EUR-03-2011-F13-BMW-M6,6 Series F13,F13,M6,LX91,Coupe,EUR,2011-03,2015-02
LZ72-EUR-03-2011,LZ72-EUR-03-2011-F12-BMW-640d,6 Series F12,F12,640d,LZ72,Convertible,EUR,2011-03,2015-02
LZ91-EUR-03-2011,LZ91-EUR-03-2011-F12-BMW-M6,6 Series F12,F12,M6,LZ91,Convertible,EUR,2011-03,2015-02
LZ92-EUR-03-2011,LZ92-EUR-03-2011-F12-BMW-M6,6 Series F12,F12,M6,LZ92,Convertible,EUR,2011-03,2015-02
LZ93-USA-03-2011,LZ93-USA-03-2011-F12-BMW-M6,6 Series F12,F12,M6,LZ93,Convertible,USA,2011-03,2015-02
VM71-EUR-03-2011,VM71-EUR-03-2011-E84-BMW-X1_25dX,X1 E84,E84,X1 25dX,VM71,SUV,EUR,2011-03,2015-06
VM92-EUR-03-2011,VM92-EUR-03-2011-E84-BMW-X1_20iX,X1 E84,E84,X1 20iX,VM92,SUV,EUR,2011-03,2015-06
VN71-EUR-03-2011,VN71-EUR-03-2011-E84-BMW-X1_18d,X1 E84,E84,X1 18d,VN71,SUV,EUR,2011-03,2015-06
VN91-EUR-03-2011,VN91-EUR-03-2011-E84-BMW-X1_20d,X1 E84,E84,X1 20d,VN91,SUV,EUR,2011-03,2015-06
VN92-EUR-03-2011,VN92-EUR-03-2011-E84-BMW-X1_20d,X1 E84,E84,X1 20d,VN92,SUV,EUR,2011-03,2015-06
VP71-EUR-03-2011,VP71-EUR-03-2011-E84-BMW-X1_18dX,X1 E84,E84,X1 18dX,VP71,SUV,EUR,2011-03,2015-06
VP72-EUR-03-2011,VP72-EUR-03-2011-E84-BMW-X1_18dX,X1 E84,E84,X1 18dX,VP72,SUV,EUR,2011-03,2015-06
VP91-EUR-03-2011,VP91-EUR-03-2011-E84-BMW-X1_20dX,X1 E84,E84,X1 20dX,VP91,SUV,EUR,2011-03,2015-06
VZ91-EUR-03-2011,VZ91-EUR-03-2011-E84-BMW-X1_20d_ed,X1 E84,E84,X1 20d ed,VZ91,SUV,EUR,2011-03,2015-06
XG12-EUR-03-2011,XG12-EUR-03-2011-F10-BMW-520i,5 Series F10,F10,520i,XG12,Sedan,EUR,2011-03,2013-06
1B91-EUR-04-2011,1B91-EUR-04-2011-F20-BMW-M135iX,1 Series F20,F20,M135iX,1B91,5 doors,EUR,2011-04,2015-02
3A51-EUR-04-2011,3A51-EUR-04-2011-F30-BMW-328i,3 Series F30,F30,328i,3A51,Sedan,EUR,2011-04,2015-06
3A53-USA-04-2011,3A53-USA-04-2011-F30-BMW-328i,3 Series F30,F30,328i,3A53,Sedan,USA,2011-04,2015-06
3A91-EUR-04-2011,3A91-EUR-04-2011-F30-BMW-335i,3 Series F30,F30,335i,3A91,Sedan,EUR,2011-04,2015-06
3A93-USA-04-2011,3A93-USA-04-2011-F30-BMW-335i,3 Series F30,F30,335i,3A93,Sedan,USA,2011-04,2015-06
3B11-EUR-04-2011,3B11-EUR-04-2011-F30-BMW-320i,3 Series F30,F30,320i,3B11,Sedan,EUR,2011-04,2015-06
3B13-USA-04-2011,3B13-USA-04-2011-F30-BMW-320i,3 Series F30,F30,320i,3B13,Sedan,USA,2011-04,2015-06
3E11-EUR-04-2011,3E11-EUR-04-2011-F30-BMW-320d_ed,3 Series F30,F30,320d ed,3E11,Sedan,EUR,2011-04,2015-06
LX92-EUR-04-2011,LX92-EUR-04-2011-F13-BMW-M6,6 Series F13,F13,M6,LX92,Coupe,EUR,2011-04,2015-02
LX93-USA-04-2011,LX93-USA-04-2011-F13-BMW-M6,6 Series F13,F13,M6,LX93,Coupe,USA,2011-04,2015-02
SP03-USA-04-2011,SP03-USA-04-2011-F07-BMW-550iX,5 Series F07 GT,F07,550iX,SP03,Gran Turismo,USA,2011-04,2013-06
SZ41-EUR-04-2011,SZ41-EUR-04-2011-F07-BMW-550iX_40,5 Series F07 GT,F07,550iX 4.0,SZ41,Gran Turismo,EUR,2011-04,2012-09
VN72-EUR-04-2011,VN72-EUR-04-2011-E84-BMW-X1_18d,X1 E84,E84,X1 18d,VN72,SUV,EUR,2011-04,2015-06
VP92-EUR-04-2011,VP92-EUR-04-2011-E84-BMW-X1_20dX,X1 E84,E84,X1 20dX,VP92,SUV,EUR,2011-04,2015-06
XC01-EUR-04-2011,XC01-EUR-04-2011-F07-BMW-520d,5 Series F07 GT,F07,520d,XC01,Gran Turismo,EUR,2011-04,2013-06
XC41-EUR-04-2011,XC41-EUR-04-2011-F07-BMW-535dX,5 Series F07 GT,F07,535dX,XC41,Gran Turismo,EUR,2011-04,2013-06
XC61-EUR-04-2011,XC61-EUR-04-2011-F07-BMW-530d,5 Series F07 GT,F07,530d,XC61,Gran Turismo,EUR,2011-04,2013-06
3A52-EUR-05-2011,3A52-EUR-05-2011-F30-BMW-328i,3 Series F30,F30,328i,3A52,Sedan,EUR,2011-05,2015-06
3A92-EUR-05-2011,3A92-EUR-05-2011-F30-BMW-335i,3 Series F30,F30,335i,3A92,Sedan,EUR,2011-05,2015-06
3B12-EUR-05-2011,3B12-EUR-05-2011-F30-BMW-320i,3 Series F30,F30,320i,3B12,Sedan,EUR,2011-05,2015-07
3B51-EUR-05-2011,3B51-EUR-05-2011-F30-BMW-328iX,3 Series F30,F30,328iX,3B51,Sedan,EUR,2011-05,2015-06
3B91-EUR-05-2011,3B91-EUR-05-2011-F30-BMW-335iX,3 Series F30,F30,335iX,3B91,Sedan,EUR,2011-05,2015-06
3B93-USA-05-2011,3B93-USA-05-2011-F30-BMW-335iX,3 Series F30,F30,335iX,3B93,Sedan,USA,2011-05,2015-06
3C11-EUR-05-2011,3C11-EUR-05-2011-F30-BMW-328i,3 Series F30,F30,328i,3C11,Sedan,EUR,2011-05,2015-04
3C32-EUR-05-2011,3C32-EUR-05-2011-F30-BMW-320iX,3 Series F30,F30,320iX,3C32,Sedan,EUR,2011-05,2015-06
3D11-EUR-05-2011,3D11-EUR-05-2011-F30-BMW-318d,3 Series F30,F30,318d,3D11,Sedan,EUR,2011-05,2015-06
3D12-EUR-05-2011,3D12-EUR-05-2011-F30-BMW-318d,3 Series F30,F30,318d,3D12,Sedan,EUR,2011-05,2015-06
3D33-USA-05-2011,3D33-USA-05-2011-F30-BMW-328d,3 Series F30,F30,328d,3D33,Sedan,USA,2011-05,2015-06
3D51-EUR-05-2011,3D51-EUR-05-2011-F30-BMW-320dX,3 Series F30,F30,320dX,3D51,Sedan,EUR,2011-05,2015-06
3D53-USA-05-2011,3D53-USA-05-2011-F30-BMW-328dX,3 Series F30,F30,328dX,3D53,Sedan,USA,2011-05,2015-06
3D91-EUR-05-2011,3D91-EUR-05-2011-F30-BMW-316d,3 Series F30,F30,316d,3D91,Sedan,EUR,2011-05,2015-02
3E51-EUR-05-2011,3E51-EUR-05-2011-F30-BMW-330d,3 Series F30,F30,330d,3E51,Sedan,EUR,2011-05,2015-06
3E52-EUR-05-2011,3E52-EUR-05-2011-F30-BMW-330d,3 Series F30,F30,330d,3E52,Sedan,EUR,2011-05,2015-06
6A01-EUR-05-2011,6A01-EUR-05-2011-F06-BMW-640i,6 Series F06 Gran Coupé,F06,640i,6A01,Gran Coupé,EUR,2011-05,2015-02
6A03-USA-05-2011,6A03-USA-05-2011-F06-BMW-640i,6 Series F06 Gran Coupé,F06,640i,6A03,Gran Coupé,USA,2011-05,2015-02
6A61-EUR-05-2011,6A61-EUR-05-2011-F06-BMW-640d,6 Series F06 Gran Coupé,F06,640d,6A61,Gran Coupé,EUR,2011-05,2015-02
6A62-EUR-05-2011,6A62-EUR-05-2011-F06-BMW-640d,6 Series F06 Gran Coupé,F06,640d,6A62,Gran Coupé,EUR,2011-05,2015-02
CU11-CHN-05-2011,CU11-CHN-05-2011-F18-BMW-520Li,5 Series F18,F18,520Li,CU11,Sedan,CHN,2011-05,2013-08
LX72-EUR-05-2011,LX72-EUR-05-2011-F13-BMW-640d,6 Series F13,F13,640d,LX72,Coupe,EUR,2011-05,2015-02
SN01-EUR-05-2011,SN01-EUR-05-2011-F07-BMW-550i,5 Series F07 GT,F07,550i,SN01,Gran Turismo,EUR,2011-05,2013-05
SN02-EUR-05-2011,SN02-EUR-05-2011-F07-BMW-550i,5 Series F07 GT,F07,550i,SN02,Gran Turismo,EUR,2011-05,2013-05
SP01-EUR-05-2011,SP01-EUR-05-2011-F07-BMW-550iX_44,5 Series F07 GT,F07,550iX 4.4,SP01,Gran Turismo,EUR,2011-05,2013-06
VM72-EUR-05-2011,VM72-EUR-05-2011-E84-BMW-X1_25dX,X1 E84,E84,X1 25dX,VM72,SUV,EUR,2011-05,2015-05
VZ92-EUR-05-2011,VZ92-EUR-05-2011-E84-BMW-X1_20d_ed,X1 E84,E84,X1 20d ed,VZ92,SUV,EUR,2011-05,2015-05
XA72-EUR-05-2011,XA72-EUR-05-2011-F10-BMW-535d,5 Series F10,F10,535d,XA72,Sedan,EUR,2011-05,2013-06
XC02-EUR-05-2011,XC02-EUR-05-2011-F07-BMW-520d,5 Series F07 GT,F07,520d,XC02,Gran Turismo,EUR,2011-05,2013-06
XC21-EUR-05-2011,XC21-EUR-05-2011-F07-BMW-530dX,5 Series F07 GT,F07,530dX,XC21,Gran Turismo,EUR,2011-05,2013-06
XC81-EUR-05-2011,XC81-EUR-05-2011-F07-BMW-535d,5 Series F07 GT,F07,535d,XC81,Gran Turismo,EUR,2011-05,2013-06
XC82-EUR-05-2011,XC82-EUR-05-2011-F07-BMW-535d,5 Series F07 GT,F07,535d,XC82,Gran Turismo,EUR,2011-05,2013-06
XH71-EUR-05-2011,XH71-EUR-05-2011-F10-BMW-530i,5 Series F10,F10,530i,XH71,Sedan,EUR,2011-05,2013-06
YA01-EUR-05-2011,YA01-EUR-05-2011-F01N-BMW-Hybrid_7,7 Series F01 LCI,F01N,Hybrid 7,YA01,Sedan,EUR,2011-05,2015-05
YA61-EUR-05-2011,YA61-EUR-05-2011-F01N-BMW-740i,7 Series F01 LCI,F01N,740i,YA61,Sedan,EUR,2011-05,2015-05
YA81-EUR-05-2011,YA81-EUR-05-2011-F01N-BMW-750i,7 Series F01 LCI,F01N,750i,YA81,Sedan,EUR,2011-05,2015-05
YA83-USA-05-2011,YA83-USA-05-2011-F01N-BMW-750i,7 Series F01 LCI,F01N,750i,YA83,Sedan,USA,2011-05,2015-05
YB01-EUR-05-2011,YB01-EUR-05-2011-F01N-BMW-740dX,7 Series F01 LCI,F01N,740dX,YB01,Sedan,EUR,2011-05,2015-05
YB63-USA-05-2011,YB63-USA-05-2011-F01N-BMW-750iX,7 Series F01 LCI,F01N,750iX,YB63,Sedan,USA,2011-05,2015-05
YB81-EUR-05-2011,YB81-EUR-05-2011-F01N-BMW-750dX,7 Series F01 LCI,F01N,750dX,YB81,Sedan,EUR,2011-05,2015-05
YC21-EUR-05-2011,YC21-EUR-05-2011-F01N-BMW-730d,7 Series F01 LCI,F01N,730d,YC21,Sedan,EUR,2011-05,2015-05
YC41-EUR-05-2011,YC41-EUR-05-2011-F01N-BMW-730dX,7 Series F01 LCI,F01N,730dX,YC41,Sedan,EUR,2011-05,2015-05
YC81-EUR-05-2011,YC81-EUR-05-2011-F01N-BMW-740d,7 Series F01 LCI,F01N,740d,YC81,Sedan,EUR,2011-05,2015-05
YE41-EUR-05-2011,YE41-EUR-05-2011-F02N-BMW-740Li,7 Series F02 LCI,F02N,740Li,YE41,Sedan,EUR,2011-05,2015-05
YE83-USA-05-2011,YE83-USA-05-2011-F02N-BMW-750Li,7 Series F02 LCI,F02N,750Li,YE83,Sedan,USA,2011-05,2015-05
YF43-USA-05-2011,YF43-USA-05-2011-F02N-BMW-740LiX,7 Series F02 LCI,F02N,740LiX,YF43,Sedan,USA,2011-05,2015-05
YG01-EUR-05-2011,YG01-EUR-05-2011-F02N-BMW-760Li,7 Series F02 LCI,F02N,760Li,YG01,Sedan,EUR,2011-05,2015-03
YG41-EUR-05-2011,YG41-EUR-05-2011-F02N-BMW-730Ld,7 Series F02 LCI,F02N,730Ld,YG41,Sedan,EUR,2011-05,2015-05
3B33-USA-06-2011,3B33-USA-06-2011-F30-BMW-328iX,3 Series F30,F30,328iX,3B33,Sedan,USA,2011-06,2015-06
3B53-USA-06-2011,3B53-USA-06-2011-F30-BMW-328iX,3 Series F30,F30,328iX,3B53,Sedan,USA,2011-06,2015-06
3C31-EUR-06-2011,3C31-EUR-06-2011-F30-BMW-320iX,3 Series F30,F30,320iX,3C31,Sedan,EUR,2011-06,2015-06
3C33-USA-06-2011,3C33-USA-06-2011-F30-BMW-320iX,3 Series F30,F30,320iX,3C33,Sedan,USA,2011-06,2015-06
3D71-EUR-06-2011,3D71-EUR-06-2011-F30-BMW-325d,3 Series F30,F30,325d,3D71,Sedan,EUR,2011-06,2015-06
3D92-EUR-06-2011,3D92-EUR-06-2011-F30-BMW-316d,3 Series F30,F30,316d,3D92,Sedan,EUR,2011-06,2015-02
3E31-EUR-06-2011,3E31-EUR-06-2011-F30-BMW-330dX,3 Series F30,F30,330dX,3E31,Sedan,EUR,2011-06,2015-06
3M21-CHN-06-2011,3M21-CHN-06-2011-F35-BMW-320Li,3 Series F35,F35,320Li,3M21,Sedan,CHN,2011-06,2015-08
3M41-CHN-06-2011,3M41-CHN-06-2011-F35-BMW-328Li,3 Series F35,F35,328Li,3M41,Sedan,CHN,2011-06,2015-07
3M61-CHN-06-2011,3M61-CHN-06-2011-F35-BMW-335Li,3 Series F35,F35,335Li,3M61,Sedan,CHN,2011-06,2015-04
3W52-EUR-06-2011,3W52-EUR-06-2011-F30-BMW-320dX,3 Series F30,F30,320dX,3W52,Sedan,EUR,2011-06,2015-05
6A02-EUR-06-2011,6A02-EUR-06-2011-F06-BMW-640i,6 Series F06 Gran Coupé,F06,640i,6A02,Gran Coupé,EUR,2011-06,2015-02
6B21-EUR-06-2011,6B21-EUR-06-2011-F06-BMW-650i,6 Series F06 Gran Coupé,F06,650i,6B21,Gran Coupé,EUR,2011-06,2015-02
6B22-EUR-06-2011,6B22-EUR-06-2011-F06-BMW-650i,6 Series F06 Gran Coupé,F06,650i,6B22,Gran Coupé,EUR,2011-06,2015-02
6B23-USA-06-2011,6B23-USA-06-2011-F06-BMW-650i,6 Series F06 Gran Coupé,F06,650i,6B23,Gran Coupé,USA,2011-06,2015-02
6B41-EUR-06-2011,6B41-EUR-06-2011-F06-BMW-650iX_44,6 Series F06 Gran Coupé,F06,650iX 4.4,6B41,Gran Coupé,EUR,2011-06,2015-03
6B43-USA-06-2011,6B43-USA-06-2011-F06-BMW-650iX,6 Series F06 Gran Coupé,F06,650iX,6B43,Gran Coupé,USA,2011-06,2015-02
6B61-EUR-06-2011,6B61-EUR-06-2011-F06-BMW-650iX_40,6 Series F06 Gran Coupé,F06,650iX 4.0,6B61,Gran Coupé,EUR,2011-06,2014-09
FV15-RUS-06-2011,FV15-RUS-06-2011-F10-BMW-530dX,5 Series F10,F10,530dX,FV15,Sedan,RUS,2011-06,2013-06
MZ71-EUR-06-2011,MZ71-EUR-06-2011-F11-BMW-530i,5 Series F11,F11,530i,MZ71,Touring,EUR,2011-06,2013-06
MZ72-EUR-06-2011,MZ72-EUR-06-2011-F11-BMW-530i,5 Series F11,F11,530i,MZ72,Touring,EUR,2011-06,2013-06
PK91-EUR-06-2011,PK91-EUR-06-2011-E90N-BMW-M3_CRT,3 Series E90 LCI,E90N,M3 CRT,PK91,Sedan,EUR,2011-06,2011-10
VL36-IDN-06-2011,VL36-IDN-06-2011-E84-BMW-X1_18i,X1 E84,E84,X1 18i,VL36,SUV,IDN,2011-06,2015-04
WY57-IND-06-2011,WY57-IND-06-2011-F25-BMW-X3_30dX,X3 F25,F25,X3 30dX,WY57,SUV,IND,2011-06,2016-05
WY59-RUS-06-2011,WY59-RUS-06-2011-F25-BMW-X3_30dX,X3 F25,F25,X3 30dX,WY59,SUV,RUS,2011-06,2017-06
XB72-EUR-06-2011,XB72-EUR-06-2011-F11-BMW-535d,5 Series F11,F11,535d,XB72,Touring,EUR,2011-06,2013-06
XH72-EUR-06-2011,XH72-EUR-06-2011-F10-BMW-530i,5 Series F10,F10,530i,XH72,Sedan,EUR,2011-06,2013-06
XL12-EUR-06-2011,XL12-EUR-06-2011-F11-BMW-520i,5 Series F11,F11,520i,XL12,Touring,EUR,2011-06,2013-06
YA63-USA-06-2011,YA63-USA-06-2011-F01N-BMW-740i,7 Series F01 LCI,F01N,740i,YA63,Sedan,USA,2011-06,2015-05
YA82-EUR-06-2011,YA82-EUR-06-2011-F01N-BMW-750i,7 Series F01 LCI,F01N,750i,YA82,Sedan,EUR,2011-06,2015-05
YB61-EUR-06-2011,YB61-EUR-06-2011-F01N-BMW-750iX,7 Series F01 LCI,F01N,750iX,YB61,Sedan,EUR,2011-06,2015-05
YE01-EUR-06-2011,YE01-EUR-06-2011-F02N-BMW-Hybrid_7L,7 Series F02 LCI,F02N,Hybrid 7L,YE01,Sedan,EUR,2011-06,2015-05
YE03-USA-06-2011,YE03-USA-06-2011-F02N-BMW-Hybrid_7L,7 Series F02 LCI,F02N,Hybrid 7L,YE03,Sedan,USA,2011-06,2015-05
YE21-EUR-06-2011,YE21-EUR-06-2011-F02N-BMW-730Li,7 Series F02 LCI,F02N,730Li,YE21,Sedan,EUR,2011-06,2015-05
YE42-EUR-06-2011,YE42-EUR-06-2011-F02N-BMW-740Li,7 Series F02 LCI,F02N,740Li,YE42,Sedan,EUR,2011-06,2015-05
YE81-EUR-06-2011,YE81-EUR-06-2011-F02N-BMW-750Li,7 Series F02 LCI,F02N,750Li,YE81,Sedan,EUR,2011-06,2015-05
YF01-EUR-06-2011,YF01-EUR-06-2011-F02N-BMW-750LiX_40,7 Series F02 LCI,F02N,750LiX 4.0,YF01,Sedan,EUR,2011-06,2015-03
YF41-EUR-06-2011,YF41-EUR-06-2011-F02N-BMW-740LiX,7 Series F02 LCI,F02N,740LiX,YF41,Sedan,EUR,2011-06,2015-03
YF61-EUR-06-2011,YF61-EUR-06-2011-F02N-BMW-750LdX,7 Series F02 LCI,F02N,750LdX,YF61,Sedan,EUR,2011-06,2015-05
YF81-EUR-06-2011,YF81-EUR-06-2011-F02N-BMW-750LiX_44,7 Series F02 LCI,F02N,750LiX 4.4,YF81,Sedan,EUR,2011-06,2015-05
YF83-USA-06-2011,YF83-USA-06-2011-F02N-BMW-750LiX,7 Series F02 LCI,F02N,750LiX,YF83,Sedan,USA,2011-06,2015-05
3A56-EUR-07-2011,3A56-EUR-07-2011-F30-BMW-328i,3 Series F30,F30,328i,3A56,Sedan,EUR,2011-07,2015-07
3A57-USA-07-2011,3A57-USA-07-2011-F30-BMW-328i,3 Series F30,F30,328i,3A57,Sedan,USA,2011-07,2015-07
3A96-EUR-07-2011,3A96-EUR-07-2011-F30-BMW-335i,3 Series F30,F30,335i,3A96,Sedan,EUR,2011-07,2015-07
3D36-EUR-07-2011,3D36-EUR-07-2011-F30-BMW-320d,3 Series F30,F30,320d,3D36,Sedan,EUR,2011-07,2015-07
3E12-EUR-07-2011,3E12-EUR-07-2011-F30-BMW-320d_ed,3 Series F30,F30,320d ed,3E12,Sedan,EUR,2011-07,2015-06
3F91-EUR-07-2011,3F91-EUR-07-2011-F30-BMW-Hybrid_3,3 Series F30,F30,Hybrid 3,3F91,Sedan,EUR,2011-07,2015-05
3F93-USA-07-2011,3F93-USA-07-2011-F30-BMW-Hybrid_3,3 Series F30,F30,Hybrid 3,3F93,Sedan,USA,2011-07,2015-05
3G51-EUR-07-2011,3G51-EUR-07-2011-F31-BMW-328i,3 Series F31,F31,328i,3G51,Touring,EUR,2011-07,2015-06
3G52-EUR-07-2011,3G52-EUR-07-2011-F31-BMW-328i,3 Series F31,F31,328i,3G52,Touring,EUR,2011-07,2015-06
3G71-EUR-07-2011,3G71-EUR-07-2011-F31-BMW-320i,3 Series F31,F31,320i,3G71,Touring,EUR,2011-07,2015-06
3G72-EUR-07-2011,3G72-EUR-07-2011-F31-BMW-320i,3 Series F31,F31,320i,3G72,Touring,EUR,2011-07,2015-06
3K11-EUR-07-2011,3K11-EUR-07-2011-F31-BMW-318d,3 Series F31,F31,318d,3K11,Touring,EUR,2011-07,2015-06
3K31-EUR-07-2011,3K31-EUR-07-2011-F31-BMW-320d,3 Series F31,F31,320d,3K31,Touring,EUR,2011-07,2015-07
3K32-EUR-07-2011,3K32-EUR-07-2011-F31-BMW-320d,3 Series F31,F31,320d,3K32,Touring,EUR,2011-07,2015-06
3L51-EUR-07-2011,3L51-EUR-07-2011-F31-BMW-330d,3 Series F31,F31,330d,3L51,Touring,EUR,2011-07,2015-06
3L52-EUR-07-2011,3L52-EUR-07-2011-F31-BMW-330d,3 Series F31,F31,330d,3L52,Touring,EUR,2011-07,2015-06
PG72-EUR-07-2011,PG72-EUR-07-2011-E90N-BMW-323i,3 Series E90 LCI,E90N,323i,PG72,Sedan,EUR,2011-07,2011-07
YA02-EUR-07-2011,YA02-EUR-07-2011-F01N-BMW-Hybrid_7,7 Series F01 LCI,F01N,Hybrid 7,YA02,Sedan,EUR,2011-07,2015-05
YA21-EUR-07-2011,YA21-EUR-07-2011-F01N-BMW-730i,7 Series F01 LCI,F01N,730i,YA21,Sedan,EUR,2011-07,2015-05
YA41-EUR-07-2011,YA41-EUR-07-2011-F01N-BMW-760i,7 Series F01 LCI,F01N,760i,YA41,Sedan,EUR,2011-07,2014-11
YA62-EUR-07-2011,YA62-EUR-07-2011-F01N-BMW-740i,7 Series F01 LCI,F01N,740i,YA62,Sedan,EUR,2011-07,2015-05
YC22-EUR-07-2011,YC22-EUR-07-2011-F01N-BMW-730d,7 Series F01 LCI,F01N,730d,YC22,Sedan,EUR,2011-07,2015-05
YM31-EUR-07-2011,YM31-EUR-07-2011-F13-BMW-640dX,6 Series F13,F13,640dX,YM31,Coupe,EUR,2011-07,2015-02
3A95-EUR-08-2011,3A95-EUR-08-2011-F30-BMW-335i,3 Series F30,F30,335i,3A95,Sedan,EUR,2011-08,2011-09
3A97-USA-08-2011,3A97-USA-08-2011-F30-BMW-335i,3 Series F30,F30,335i,3A97,Sedan,USA,2011-08,2015-07
3D35-EUR-08-2011,3D35-EUR-08-2011-F30-BMW-320d,3 Series F30,F30,320d,3D35,Sedan,EUR,2011-08,2015-04
3G11-EUR-08-2011,3G11-EUR-08-2011-F31-BMW-316i,3 Series F31,F31,316i,3G11,Touring,EUR,2011-08,2015-05
3G73-USA-08-2011,3G73-USA-08-2011-F31-BMW-328iX,3 Series F31,F31,328iX,3G73,Touring,USA,2011-08,2015-06
3G91-EUR-08-2011,3G91-EUR-08-2011-F31-BMW-335i,3 Series F31,F31,335i,3G91,Touring,EUR,2011-08,2015-06
3H91-EUR-08-2011,3H91-EUR-08-2011-F31-BMW-335iX,3 Series F31,F31,335iX,3H91,Touring,EUR,2011-08,2015-06
3K51-EUR-08-2011,3K51-EUR-08-2011-F31-BMW-320dX,3 Series F31,F31,320dX,3K51,Touring,EUR,2011-08,2015-06
3L31-EUR-08-2011,3L31-EUR-08-2011-F31-BMW-330dX,3 Series F31,F31,330dX,3L31,Touring,EUR,2011-08,2015-06
FH81-EUR-08-2011,FH81-EUR-08-2011-E71-BMW-X6_M50dX,X6 E71,E71,X6 M50dX,FH81,SAC,EUR,2011-08,2014-06
FH82-EUR-08-2011,FH82-EUR-08-2011-E71-BMW-X6_M50dX,X6 E71,E71,X6 M50dX,FH82,SAC,EUR,2011-08,2014-06
PK92-EUR-08-2011,PK92-EUR-08-2011-E90N-BMW-M3_CRT,3 Series E90 LCI,E90N,M3 CRT,PK92,Sedan,EUR,2011-08,2011-10
WX91-EUR-08-2011,WX91-EUR-08-2011-F25-BMW-X3_28iX,X3 F25,F25,X3 28iX,WX91,SUV,EUR,2011-08,2017-08
WX93-USA-08-2011,WX93-USA-08-2011-F25-BMW-X3_28iX,X3 F25,F25,X3 28iX,WX93,SUV,USA,2011-08,2017-08
WY11-EUR-08-2011,WY11-EUR-08-2011-F25-BMW-X3_18d,X3 F25,F25,X3 18d,WY11,SUV,EUR,2011-08,2014-03
WY12-EUR-08-2011,WY12-EUR-08-2011-F25-BMW-X3_18d,X3 F25,F25,X3 18d,WY12,SUV,EUR,2011-08,2014-03
XB32-EUR-08-2011,XB32-EUR-08-2011-F11-BMW-525d,5 Series F11,F11,525d,XB32,Touring,EUR,2011-08,2013-06
XB52-EUR-08-2011,XB52-EUR-08-2011-F11-BMW-530d,5 Series F11,F11,530d,XB52,Touring,EUR,2011-08,2013-06
ZW81-EUR-08-2011,ZW81-EUR-08-2011-E70N-BMW-X5_M50dX,X5 E70 LCI,E70N,X5 M50dX,ZW81,SUV,EUR,2011-08,2013-06
ZW82-EUR-08-2011,ZW82-EUR-08-2011-E70N-BMW-X5_M50dX,X5 E70 LCI,E70N,X5 M50dX,ZW82,SUV,EUR,2011-08,2013-06
1C91-EUR-09-2011,1C91-EUR-09-2011-F20-BMW-116d_ed,1 Series F20,F20,116d ed,1C91,5 doors,EUR,2011-09,2015-02
1C92-EUR-09-2011,1C92-EUR-09-2011-F20-BMW-116d_ed,1 Series F20,F20,116d ed,1C92,5 doors,EUR,2011-09,2015-02
3A55-EUR-09-2011,3A55-EUR-09-2011-F30-BMW-328i,3 Series F30,F30,328i,3A55,Sedan,EUR,2011-09,2015-06
VM19-RUS-09-2011,VM19-RUS-09-2011-E84-BMW-X1_28iX,X1 E84,E84,X1 28iX,VM19,SUV,RUS,2011-09,2012-08
WX92-EUR-09-2011,WX92-EUR-09-2011-F25-BMW-X3_28iX,X3 F25,F25,X3 28iX,WX92,SUV,EUR,2011-09,2017-07
XA55-IND-09-2011,XA55-IND-09-2011-F10-BMW-530d,5 Series F10,F10,530d,XA55,Sedan,IND,2011-09,2013-04
XG14-MYS-09-2011,XG14-MYS-09-2011-F10-BMW-520i,5 Series F10,F10,520i,XG14,Sedan,MYS,2011-09,2013-05
XG18-THA-09-2011,XG18-THA-09-2011-F10-BMW-520i,5 Series F10,F10,520i,XG18,Sedan,THA,2011-09,2013-05
XG35-IND-09-2011,XG35-IND-09-2011-F10-BMW-525d,5 Series F10,F10,525d,XG35,Sedan,IND,2011-09,2013-04
XG38-THA-09-2011,XG38-THA-09-2011-F10-BMW-528i,5 Series F10,F10,528i,XG38,Sedan,THA,2011-09,2013-06
XG55-RUS-09-2011,XG55-RUS-09-2011-F10-BMW-520i,5 Series F10,F10,520i,XG55,Sedan,RUS,2011-09,2013-06
XG56-IDN-09-2011,XG56-IDN-09-2011-F10-BMW-520i,5 Series F10,F10,520i,XG56,Sedan,IDN,2011-09,2013-06
XG58-THA-09-2011,XG58-THA-09-2011-F10-BMW-525d,5 Series F10,F10,525d,XG58,Sedan,THA,2011-09,2013-06
XG75-RUS-09-2011,XG75-RUS-09-2011-F10-BMW-528i,5 Series F10,F10,528i,XG75,Sedan,RUS,2011-09,2013-04
XG76-IDN-09-2011,XG76-IDN-09-2011-F10-BMW-528i,5 Series F10,F10,528i,XG76,Sedan,IDN,2011-09,2013-04
YP31-EUR-09-2011,YP31-EUR-09-2011-F12-BMW-640dX,6 Series F12,F12,640dX,YP31,Convertible,EUR,2011-09,2015-02
6C91-EUR-10-2011,6C91-EUR-10-2011-F06-BMW-M6,6 Series F06 Gran Coupé,F06,M6,6C91,Gran Coupé,EUR,2011-10,2015-02
6C92-EUR-10-2011,6C92-EUR-10-2011-F06-BMW-M6,6 Series F06 Gran Coupé,F06,M6,6C92,Gran Coupé,EUR,2011-10,2015-02
6C93-USA-10-2011,6C93-USA-10-2011-F06-BMW-M6,6 Series F06 Gran Coupé,F06,M6,6C93,Gran Coupé,USA,2011-10,2015-02
KM47-IND-10-2011,KM47-IND-10-2011-F02-BMW-730Ld,7 Series F02,F02,730Ld,KM47,Sedan,IND,2011-10,2011-10
VM99-RUS-10-2011,VM99-RUS-10-2011-E84-BMW-X1_20iX,X1 E84,E84,X1 20iX,VM99,SUV,RUS,2011-10,2014-09
XG15-IND-10-2011,XG15-IND-10-2011-F10-BMW-520i,5 Series F10,F10,520i,XG15,Sedan,IND,2011-10,2012-01
XG16-EGY-10-2011,XG16-EGY-10-2011-F10-BMW-520i,5 Series F10,F10,520i,XG16,Sedan,EGY,2011-10,2012-08
XG34-MYS-10-2011,XG34-MYS-10-2011-F10-BMW-528i,5 Series F10,F10,528i,XG34,Sedan,MYS,2011-10,2013-04
XG36-EGY-10-2011,XG36-EGY-10-2011-F10-BMW-528i,5 Series F10,F10,528i,XG36,Sedan,EGY,2011-10,2013-02
YM91-EUR-10-2011,YM91-EUR-10-2011-F13-BMW-650i,6 Series F13,F13,650i,YM91,Coupe,EUR,2011-10,2014-12
YM93-USA-10-2011,YM93-USA-10-2011-F13-BMW-650i,6 Series F13,F13,650i,YM93,Coupe,USA,2011-10,2015-02
1B71-EUR-11-2011,1B71-EUR-11-2011-F20-BMW-M135i,1 Series F20,F20,M135i,1B71,5 doors,EUR,2011-11,2015-02
1C52-EUR-11-2011,1C52-EUR-11-2011-F20-BMW-125d,1 Series F20,F20,125d,1C52,5 doors,EUR,2011-11,2015-02
1R11-EUR-11-2011,1R11-EUR-11-2011-F20-BMW-114i,1 Series F20,F20,114i,1R11,5 doors,EUR,2011-11,2015-02
3B15-EUR-11-2011,3B15-EUR-11-2011-F30-BMW-320i,3 Series F30,F30,320i,3B15,Sedan,EUR,2011-11,2015-06
3B16-EUR-11-2011,3B16-EUR-11-2011-F30-BMW-320i,3 Series F30,F30,320i,3B16,Sedan,EUR,2011-11,2015-07
3F92-EUR-11-2011,3F92-EUR-11-2011-F30-BMW-Hybrid_3,3 Series F30,F30,Hybrid 3,3F92,Sedan,EUR,2011-11,2015-05
FW16-IDN-11-2011,FW16-IDN-11-2011-F10-BMW-520d,5 Series F10,F10,520d,FW16,Sedan,IDN,2011-11,2013-06
LW91-EUR-11-2011,LW91-EUR-11-2011-F12-BMW-650iX_40,6 Series F12,F12,650iX 4.0,LW91,Convertible,EUR,2011-11,2014-05
VN36-IDN-11-2011,VN36-IDN-11-2011-E84-BMW-X1_20d,X1 E84,E84,X1 20d,VN36,SUV,IDN,2011-11,2012-04
WX35-EGY-11-2011,WX35-EGY-11-2011-F25-BMW-X3_20iX,X3 F25,F25,X3 20iX,WX35,SUV,EGY,2011-11,2017-06
WX39-RUS-11-2011,WX39-RUS-11-2011-F25-BMW-X3_20iX,X3 F25,F25,X3 20iX,WX39,SUV,RUS,2011-11,2017-06
YA73-USA-11-2011,YA73-USA-11-2011-F01N-BMW-BMW_ALPINA_B7,7 Series F01 LCI,F01N,BMW ALPINA B7,YA73,Sedan,USA,2011-11,2015-05
YE43-USA-11-2011,YE43-USA-11-2011-F02N-BMW-740Li,7 Series F02 LCI,F02N,740Li,YE43,Sedan,USA,2011-11,2015-05
YF73-USA-11-2011,YF73-USA-11-2011-F02N-BMW-BMW_ALPINA_B7LX,7 Series F02 LCI,F02N,BMW ALPINA B7LX,YF73,Sedan,USA,2011-11,2015-05
YP91-EUR-11-2011,YP91-EUR-11-2011-F12-BMW-650i,6 Series F12,F12,650i,YP91,Convertible,EUR,2011-11,2015-01
YP93-USA-11-2011,YP93-USA-11-2011-F12-BMW-650i,6 Series F12,F12,650i,YP93,Convertible,USA,2011-11,2015-02
1D11-EUR-12-2011,1D11-EUR-12-2011-F21-BMW-116i,1 Series F21,F21,116i,1D11,3 doors,EUR,2011-12,2015-02
1D51-EUR-12-2011,1D51-EUR-12-2011-F21-BMW-125i,1 Series F21,F21,125i,1D51,3 doors,EUR,2011-12,2015-02
1E11-EUR-12-2011,1E11-EUR-12-2011-F21-BMW-118d,1 Series F21,F21,118d,1E11,3 doors,EUR,2011-12,2015-02
1E71-EUR-12-2011,1E71-EUR-12-2011-F21-BMW-125d,1 Series F21,F21,125d,1E71,3 doors,EUR,2011-12,2015-02
1N31-EUR-12-2011,1N31-EUR-12-2011-F21-BMW-116d_ed,1 Series F21,F21,116d ed,1N31,3 doors,EUR,2011-12,2015-02
1N71-EUR-12-2011,1N71-EUR-12-2011-F21-BMW-M135i,1 Series F21,F21,M135i,1N71,3 doors,EUR,2011-12,2015-02
1N72-EUR-12-2011,1N72-EUR-12-2011-F21-BMW-M135i,1 Series F21,F21,M135i,1N72,3 doors,EUR,2011-12,2015-02
1P11-EUR-12-2011,1P11-EUR-12-2011-F21-BMW-114i,1 Series F21,F21,114i,1P11,3 doors,EUR,2011-12,2015-02
XA15-RUS-12-2011,XA15-RUS-12-2011-F10-BMW-525dX,5 Series F10,F10,525dX,XA15,Sedan,RUS,2011-12,2013-06
XH15-RUS-12-2011,XH15-RUS-12-2011-F10-BMW-528iX,5 Series F10,F10,528iX,XH15,Sedan,RUS,2011-12,2013-06
1B72-EUR-01-2012,1B72-EUR-01-2012-F20-BMW-M135i,1 Series F20,F20,M135i,1B72,5 doors,EUR,2012-01,2015-02
1D12-EUR-01-2012,1D12-EUR-01-2012-F21-BMW-116i,1 Series F21,F21,116i,1D12,3 doors,EUR,2012-01,2015-02
1N11-EUR-01-2012,1N11-EUR-01-2012-F21-BMW-116d,1 Series F21,F21,116d,1N11,3 doors,EUR,2012-01,2015-02
3A58-MYS-01-2012,3A58-MYS-01-2012-F30-BMW-328i,3 Series F30,F30,328i,3A58,Sedan,MYS,2012-01,2015-03
3A59-RUS-01-2012,3A59-RUS-01-2012-F30-BMW-328i,3 Series F30,F30,328i,3A59,Sedan,RUS,2012-01,2012-09
3F17-THA-01-2012,3F17-THA-01-2012-F30-BMW-320d,3 Series F30,F30,320d,3F17,Sedan,THA,2012-01,2015-06
3F35-IND-01-2012,3F35-IND-01-2012-F30-BMW-328i,3 Series F30,F30,328i,3F35,Sedan,IND,2012-01,2013-11
3F37-IND-01-2012,3F37-IND-01-2012-F30-BMW-320d,3 Series F30,F30,320d,3F37,Sedan,IND,2012-01,2015-06
3G53-USA-01-2012,3G53-USA-01-2012-F31-BMW-328i,3 Series F31,F31,328i,3G53,Touring,USA,2012-01,2012-12
3G92-EUR-01-2012,3G92-EUR-01-2012-F31-BMW-335i,3 Series F31,F31,335i,3G92,Touring,EUR,2012-01,2015-06
3H11-EUR-01-2012,3H11-EUR-01-2012-F31-BMW-320iX,3 Series F31,F31,320iX,3H11,Touring,EUR,2012-01,2015-06
3K71-EUR-01-2012,3K71-EUR-01-2012-F31-BMW-325d,3 Series F31,F31,325d,3K71,Touring,EUR,2012-01,2015-06
GY21-EUR-01-2012,GY21-EUR-01-2012-E70N-BMW-X5_40iX,X5 E70 LCI,E70N,X5 40iX,GY21,SUV,EUR,2012-01,2013-06
GZ21-EUR-01-2012,GZ21-EUR-01-2012-E71-BMW-X6_40iX,X6 E71,E71,X6 40iX,GZ21,SAC,EUR,2012-01,2014-06
HP41-EUR-01-2012,HP41-EUR-01-2012-F03N-BMW-760LiS,7 Series F03 LCI,F03N,760LiS,HP41,Sedan,EUR,2012-01,2015-03
SN03-USA-01-2012,SN03-USA-01-2012-F07-BMW-550i,5 Series F07 GT,F07,550i,SN03,Gran Turismo,USA,2012-01,2013-06
WX36-IDN-01-2012,WX36-IDN-01-2012-F25-BMW-X3_20iX,X3 F25,F25,X3 20iX,WX36,SUV,IDN,2012-01,2017-02
XC62-EUR-01-2012,XC62-EUR-01-2012-F07-BMW-530d,5 Series F07 GT,F07,530d,XC62,Gran Turismo,EUR,2012-01,2013-06
YE02-EUR-01-2012,YE02-EUR-01-2012-F02N-BMW-Hybrid_7L,7 Series F02 LCI,F02N,Hybrid 7L,YE02,Sedan,EUR,2012-01,2015-05
YE82-EUR-01-2012,YE82-EUR-01-2012-F02N-BMW-750Li,7 Series F02 LCI,F02N,750Li,YE82,Sedan,EUR,2012-01,2015-02
YM11-EUR-01-2012,YM11-EUR-01-2012-F13-BMW-650iX_44,6 Series F13,F13,650iX 4.4,YM11,Coupe,EUR,2012-01,2015-02
YM51-EUR-01-2012,YM51-EUR-01-2012-F13-BMW-650iX_40,6 Series F13,F13,650iX 4.0,YM51,Coupe,EUR,2012-01,2013-01
YP92-EUR-01-2012,YP92-EUR-01-2012-F12-BMW-650i,6 Series F12,F12,650i,YP92,Convertible,EUR,2012-01,2015-02
1E51-EUR-02-2012,1E51-EUR-02-2012-F21-BMW-120dX,1 Series F21,F21,120dX,1E51,3 doors,EUR,2012-02,2015-02
1N12-EUR-02-2012,1N12-EUR-02-2012-F21-BMW-116d,1 Series F21,F21,116d,1N12,3 doors,EUR,2012-02,2015-02
1N32-EUR-02-2012,1N32-EUR-02-2012-F21-BMW-116d_ed,1 Series F21,F21,116d ed,1N32,3 doors,EUR,2012-02,2015-02
1N91-EUR-02-2012,1N91-EUR-02-2012-F21-BMW-M135iX,1 Series F21,F21,M135iX,1N91,3 doors,EUR,2012-02,2015-02
1P12-EUR-02-2012,1P12-EUR-02-2012-F21-BMW-114i,1 Series F21,F21,114i,1P12,3 doors,EUR,2012-02,2015-02
1R12-EUR-02-2012,1R12-EUR-02-2012-F20-BMW-114i,1 Series F20,F20,114i,1R12,5 doors,EUR,2012-02,2015-02
3A54-CHN-02-2012,3A54-CHN-02-2012-F30-BMW-328i,3 Series F30,F30,328i,3A54,Sedan,CHN,2012-02,2015-07
3B14-CHN-02-2012,3B14-CHN-02-2012-F30-BMW-320i,3 Series F30,F30,320i,3B14,Sedan,CHN,2012-02,2015-07
3D38-MYS-02-2012,3D38-MYS-02-2012-F30-BMW-320d,3 Series F30,F30,320d,3D38,Sedan,MYS,2012-02,2015-01
3F55-EGY-02-2012,3F55-EGY-02-2012-F30-BMW-328i,3 Series F30,F30,328i,3F55,Sedan,EGY,2012-02,2015-01
3F56-EGY-02-2012,3F56-EGY-02-2012-F30-BMW-335i,3 Series F30,F30,335i,3F56,Sedan,EGY,2012-02,2015-03
3H51-EUR-02-2012,3H51-EUR-02-2012-F31-BMW-328iX,3 Series F31,F31,328iX,3H51,Touring,EUR,2012-02,2015-06
3K91-EUR-02-2012,3K91-EUR-02-2012-F31-BMW-316d,3 Series F31,F31,316d,3K91,Touring,EUR,2012-02,2015-02
3L11-EUR-02-2012,3L11-EUR-02-2012-F31-BMW-320d_ed,3 Series F31,F31,320d ed,3L11,Touring,EUR,2012-02,2015-06
WY36-IDN-02-2012,WY36-IDN-02-2012-F25-BMW-X3_20dX,X3 F25,F25,X3 20dX,WY36,SUV,IDN,2012-02,2013-09
YG02-EUR-02-2012,YG02-EUR-02-2012-F02N-BMW-760Li,7 Series F02 LCI,F02N,760Li,YG02,Sedan,EUR,2012-02,2015-04
YG42-EUR-02-2012,YG42-EUR-02-2012-F02N-BMW-730Ld,7 Series F02 LCI,F02N,730Ld,YG42,Sedan,EUR,2012-02,2015-05
YM92-EUR-02-2012,YM92-EUR-02-2012-F13-BMW-650i,6 Series F13,F13,650i,YM92,Coupe,EUR,2012-02,2015-02
3A11-EUR-03-2012,3A11-EUR-03-2012-F30-BMW-316i,3 Series F30,F30,316i,3A11,Sedan,EUR,2012-03,2015-06
3B17-USA-03-2012,3B17-USA-03-2012-F30-BMW-320i,3 Series F30,F30,320i,3B17,Sedan,USA,2012-03,2015-07
3C15-EUR-03-2012,3C15-EUR-03-2012-F30-BMW-328i,3 Series F30,F30,328i,3C15,Sedan,EUR,2012-03,2012-03
3C17-USA-03-2012,3C17-USA-03-2012-F30-BMW-328i,3 Series F30,F30,328i,3C17,Sedan,USA,2012-03,2015-02
3D15-EUR-03-2012,3D15-EUR-03-2012-F30-BMW-318d,3 Series F30,F30,318d,3D15,Sedan,EUR,2012-03,2015-05
3D16-EUR-03-2012,3D16-EUR-03-2012-F30-BMW-318d,3 Series F30,F30,318d,3D16,Sedan,EUR,2012-03,2014-08
3E15-EUR-03-2012,3E15-EUR-03-2012-F30-BMW-320d_ed,3 Series F30,F30,320d ed,3E15,Sedan,EUR,2012-03,2012-05
3E16-EUR-03-2012,3E16-EUR-03-2012-F30-BMW-320d_ed,3 Series F30,F30,320d ed,3E16,Sedan,EUR,2012-03,2012-05
GX21-EUR-03-2012,GX21-EUR-03-2012-F03N-BMW-750LiS,7 Series F03 LCI,F03N,750LiS,GX21,Sedan,EUR,2012-03,2013-06
YB53-USA-03-2012,YB53-USA-03-2012-F01N-BMW-BMW_ALPINA_B7X,7 Series F01 LCI,F01N,BMW ALPINA B7X,YB53,Sedan,USA,2012-03,2015-05
YC82-EUR-03-2012,YC82-EUR-03-2012-F01N-BMW-740d,7 Series F01 LCI,F01N,740d,YC82,Sedan,EUR,2012-03,2015-05
YP11-EUR-03-2012,YP11-EUR-03-2012-F12-BMW-650iX_44,6 Series F12,F12,650iX 4.4,YP11,Convertible,EUR,2012-03,2015-02
YP13-USA-03-2012,YP13-USA-03-2012-F12-BMW-650iX,6 Series F12,F12,650iX,YP13,Convertible,USA,2012-03,2015-02
3A12-EUR-04-2012,3A12-EUR-04-2012-F30-BMW-316i,3 Series F30,F30,316i,3A12,Sedan,EUR,2012-04,2015-06
3C91-EUR-04-2012,3C91-EUR-04-2012-F80-BMW-M3,3 Series F80 M3,F80,M3,3C91,Sedan,EUR,2012-04,2015-06
3C93-USA-04-2012,3C93-USA-04-2012-F80-BMW-M3,3 Series F80 M3,F80,M3,3C93,Sedan,USA,2012-04,2015-06
3J91-EUR-04-2012,3J91-EUR-04-2012-F30-BMW-320i_ed,3 Series F30,F30,320i ed,3J91,Sedan,EUR,2012-04,2015-06
3J92-EUR-04-2012,3J92-EUR-04-2012-F30-BMW-320i_ed,3 Series F30,F30,320i ed,3J92,Sedan,EUR,2012-04,2015-06
3K12-EUR-04-2012,3K12-EUR-04-2012-F31-BMW-318d,3 Series F31,F31,318d,3K12,Touring,EUR,2012-04,2015-06
VY11-EUR-04-2012,VY11-EUR-04-2012-E84-BMW-X1_16d,X1 E84,E84,X1 16d,VY11,SUV,EUR,2012-04,2015-06
WX99-RUS-04-2012,WX99-RUS-04-2012-F25-BMW-X3_28iX,X3 F25,F25,X3 28iX,WX99,SUV,RUS,2012-04,2017-06
3B19-RUS-05-2012,3B19-RUS-05-2012-F30-BMW-320i,3 Series F30,F30,320i,3B19,Sedan,RUS,2012-05,2015-04
3F15-THA-05-2012,3F15-THA-05-2012-F30-BMW-320i,3 Series F30,F30,320i,3F15,Sedan,THA,2012-05,2015-06
3F54-EGY-05-2012,3F54-EGY-05-2012-F30-BMW-320i,3 Series F30,F30,320i,3F54,Sedan,EGY,2012-05,2015-05
3B18-MYS-06-2012,3B18-MYS-06-2012-F30-BMW-320i,3 Series F30,F30,320i,3B18,Sedan,MYS,2012-06,2015-04
3C92-EUR-06-2012,3C92-EUR-06-2012-F80-BMW-M3,3 Series F80 M3,F80,M3,3C92,Sedan,EUR,2012-06,2015-06
3F19-IDN-06-2012,3F19-IDN-06-2012-F30-BMW-320i,3 Series F30,F30,320i,3F19,Sedan,IDN,2012-06,2015-05
3F34-IND-06-2012,3F34-IND-06-2012-F30-BMW-320i,3 Series F30,F30,320i,3F34,Sedan,IND,2012-06,2012-06
3F59-IDN-06-2012,3F59-IDN-06-2012-F30-BMW-328i,3 Series F30,F30,328i,3F59,Sedan,IDN,2012-06,2015-02
YE22-EUR-06-2012,YE22-EUR-06-2012-F02N-BMW-730Li,7 Series F02 LCI,F02N,730Li,YE22,Sedan,EUR,2012-06,2015-05
YG03-USA-06-2012,YG03-USA-06-2012-F02N-BMW-760Li,7 Series F02 LCI,F02N,760Li,YG03,Sedan,USA,2012-06,2015-05
YM13-USA-06-2012,YM13-USA-06-2012-F13-BMW-650iX,6 Series F13,F13,650iX,YM13,Coupe,USA,2012-06,2015-02
1D31-EUR-07-2012,1D31-EUR-07-2012-F21-BMW-118i,1 Series F21,F21,118i,1D31,3 doors,EUR,2012-07,2015-02
1D32-EUR-07-2012,1D32-EUR-07-2012-F21-BMW-118i,1 Series F21,F21,118i,1D32,3 doors,EUR,2012-07,2015-02
1E31-EUR-07-2012,1E31-EUR-07-2012-F21-BMW-120d,1 Series F21,F21,120d,1E31,3 doors,EUR,2012-07,2015-02
1E32-EUR-07-2012,1E32-EUR-07-2012-F21-BMW-120d,1 Series F21,F21,120d,1E32,3 doors,EUR,2012-07,2015-02
1N52-EUR-07-2012,1N52-EUR-07-2012-F21-BMW-114d,1 Series F21,F21,114d,1N52,3 doors,EUR,2012-07,2015-02
1T91-EUR-07-2012,1T91-EUR-07-2012-F20-BMW-114d,1 Series F20,F20,114d,1T91,5 doors,EUR,2012-07,2015-02
1T92-EUR-07-2012,1T92-EUR-07-2012-F20-BMW-114d,1 Series F20,F20,114d,1T92,5 doors,EUR,2012-07,2015-02
3B37-USA-07-2012,3B37-USA-07-2012-F30-BMW-328iX,3 Series F30,F30,328iX,3B37,Sedan,USA,2012-07,2015-07
3B57-USA-07-2012,3B57-USA-07-2012-F30-BMW-328iX,3 Series F30,F30,328iX,3B57,Sedan,USA,2012-07,2015-07
3B97-USA-07-2012,3B97-USA-07-2012-F30-BMW-335iX,3 Series F30,F30,335iX,3B97,Sedan,USA,2012-07,2015-07
3C36-EUR-07-2012,3C36-EUR-07-2012-F30-BMW-320iX,3 Series F30,F30,320iX,3C36,Sedan,EUR,2012-07,2015-06
3E56-EUR-07-2012,3E56-EUR-07-2012-F30-BMW-330d,3 Series F30,F30,330d,3E56,Sedan,EUR,2012-07,2015-07
3F39-THA-07-2012,3F39-THA-07-2012-F30-BMW-328i,3 Series F30,F30,328i,3F39,Sedan,THA,2012-07,2015-02
3K92-EUR-07-2012,3K92-EUR-07-2012-F31-BMW-316d,3 Series F31,F31,316d,3K92,Touring,EUR,2012-07,2015-02
3X11-EUR-07-2012,3X11-EUR-07-2012-F34-BMW-320i,3 Series F34 GT,F34,320i,3X11,Gran Turismo,EUR,2012-07,2016-06
3X71-EUR-07-2012,3X71-EUR-07-2012-F34-BMW-335i,3 Series F34 GT,F34,335i,3X71,Gran Turismo,EUR,2012-07,2016-06
3Y31-EUR-07-2012,3Y31-EUR-07-2012-F34-BMW-320d,3 Series F34 GT,F34,320d,3Y31,Gran Turismo,EUR,2012-07,2015-06
HP42-EUR-07-2012,HP42-EUR-07-2012-F03N-BMW-760LiS,7 Series F03 LCI,F03N,760LiS,HP42,Sedan,EUR,2012-07,2015-02
VL98-MYS-07-2012,VL98-MYS-07-2012-E84-BMW-X1_20i,X1 E84,E84,X1 20i,VL98,SUV,MYS,2012-07,2015-04
VN94-THA-07-2012,VN94-THA-07-2012-E84-BMW-X1_20d,X1 E84,E84,X1 20d,VN94,SUV,THA,2012-07,2015-04
VP99-RUS-07-2012,VP99-RUS-07-2012-E84-BMW-X1_20dX,X1 E84,E84,X1 20dX,VP99,SUV,RUS,2012-07,2014-09
VX11-EUR-07-2012,VX11-EUR-07-2012-E84-BMW-X1_16i,X1 E84,E84,X1 16i,VX11,SUV,EUR,2012-07,2015-06
YE73-USA-07-2012,YE73-USA-07-2012-F02N-BMW-BMW_ALPINA_B7L,7 Series F02 LCI,F02N,BMW ALPINA B7L,YE73,Sedan,USA,2012-07,2015-05
1N51-EUR-08-2012,1N51-EUR-08-2012-F21-BMW-114d,1 Series F21,F21,114d,1N51,3 doors,EUR,2012-08,2015-02
3X31-EUR-08-2012,3X31-EUR-08-2012-F34-BMW-328i,3 Series F34 GT,F34,328i,3X31,Gran Turismo,EUR,2012-08,2016-06
3X32-EUR-08-2012,3X32-EUR-08-2012-F34-BMW-328i,3 Series F34 GT,F34,328i,3X32,Gran Turismo,EUR,2012-08,2016-06
3X33-USA-08-2012,3X33-USA-08-2012-F34-BMW-328i,3 Series F34 GT,F34,328i,3X33,Gran Turismo,USA,2012-08,2013-07
3Y11-EUR-08-2012,3Y11-EUR-08-2012-F34-BMW-318d,3 Series F34 GT,F34,318d,3Y11,Gran Turismo,EUR,2012-08,2015-06
3Y32-EUR-08-2012,3Y32-EUR-08-2012-F34-BMW-320d,3 Series F34 GT,F34,320d,3Y32,Gran Turismo,EUR,2012-08,2015-06
5B11-EUR-08-2012,5B11-EUR-08-2012-F10N-BMW-535i,5 Series F10 LCI,F10N,535i,5B11,Sedan,EUR,2012-08,2016-10
5B13-USA-08-2012,5B13-USA-08-2012-F10N-BMW-535i,5 Series F10 LCI,F10N,535i,5B13,Sedan,USA,2012-08,2016-10
5J91-EUR-08-2012,5J91-EUR-08-2012-F11N-BMW-525dX,5 Series F11 LCI,F11N,525dX,5J91,Touring,EUR,2012-08,2017-02
5K11-EUR-08-2012,5K11-EUR-08-2012-F11N-BMW-530d,5 Series F11 LCI,F11N,530d,5K11,Touring,EUR,2012-08,2017-02
5M21-EUR-08-2012,5M21-EUR-08-2012-F07N-BMW-535i,5 Series F07 GT LCI,F07N,535i,5M21,Gran Turismo,EUR,2012-08,2017-02
5M61-EUR-08-2012,5M61-EUR-08-2012-F07N-BMW-550i,5 Series F07 GT LCI,F07N,550i,5M61,Gran Turismo,EUR,2012-08,2017-01
5N21-EUR-08-2012,5N21-EUR-08-2012-F07N-BMW-520d,5 Series F07 GT LCI,F07N,520d,5N21,Gran Turismo,EUR,2012-08,2017-02
5N41-EUR-08-2012,5N41-EUR-08-2012-F07N-BMW-530d,5 Series F07 GT LCI,F07N,530d,5N41,Gran Turismo,EUR,2012-08,2017-02
6A81-EUR-08-2012,6A81-EUR-08-2012-F06-BMW-640dX,6 Series F06 Gran Coupé,F06,640dX,6A81,Gran Coupé,EUR,2012-08,2015-02
FV33-USA-08-2012,FV33-USA-08-2012-F10N-BMW-535dX,5 Series F10 LCI,F10N,535dX,FV33,Sedan,USA,2012-08,2016-10
HR91-EUR-08-2012,HR91-EUR-08-2012-F11N-BMW-550i,5 Series F11 LCI,F11N,550i,HR91,Touring,EUR,2012-08,2017-02
KN91-EUR-08-2012,KN91-EUR-08-2012-F10N-BMW-550i,5 Series F10 LCI,F10N,550i,KN91,Sedan,EUR,2012-08,2016-10
KP93-USA-08-2012,KP93-USA-08-2012-F10N-BMW-550iX,5 Series F10 LCI,F10N,550iX,KP93,Sedan,USA,2012-08,2016-10
KR01-EUR-08-2012,KR01-EUR-08-2012-F15-BMW-X5_35iX,X5 F15,F15,X5 35iX,KR01,SUV,EUR,2012-08,2018-06
KR23-USA-08-2012,KR23-USA-08-2012-F15-BMW-X5_35i,X5 F15,F15,X5 35i,KR23,SUV,USA,2012-08,2018-06
KR61-EUR-08-2012,KR61-EUR-08-2012-F15-BMW-X5_50iX_44,X5 F15,F15,X5 50iX 4.4,KR61,SUV,EUR,2012-08,2018-06
KR62-EUR-08-2012,KR62-EUR-08-2012-F15-BMW-X5_50iX_44,X5 F15,F15,X5 50iX 4.4,KR62,SUV,EUR,2012-08,2018-06
KR63-USA-08-2012,KR63-USA-08-2012-F15-BMW-X5_50iX,X5 F15,F15,X5 50iX,KR63,SUV,USA,2012-08,2018-06
KR81-EUR-08-2012,KR81-EUR-08-2012-F15-BMW-X5_50iX_40,X5 F15,F15,X5 50iX 4.0,KR81,SUV,EUR,2012-08,2016-11
KS02-EUR-08-2012,KS02-EUR-08-2012-F15-BMW-X5_25d,X5 F15,F15,X5 25d,KS02,SUV,EUR,2012-08,2015-07
KS21-EUR-08-2012,KS21-EUR-08-2012-F15-BMW-X5_25dX,X5 F15,F15,X5 25dX,KS21,SUV,EUR,2012-08,2015-07
KS43-USA-08-2012,KS43-USA-08-2012-F15-BMW-X5_35dX,X5 F15,F15,X5 35dX,KS43,SUV,USA,2012-08,2018-06
KS81-EUR-08-2012,KS81-EUR-08-2012-F15-BMW-X5_M50dX,X5 F15,F15,X5 M50dX,KS81,SUV,EUR,2012-08,2018-06
SZ61-EUR-08-2012,SZ61-EUR-08-2012-F07N-BMW-528i,5 Series F07 GT LCI,F07N,528i,SZ61,Gran Turismo,EUR,2012-08,2017-02
SZ62-EUR-08-2012,SZ62-EUR-08-2012-F07N-BMW-528i,5 Series F07 GT LCI,F07N,528i,SZ62,Gran Turismo,EUR,2012-08,2017-01
VN97-IND-08-2012,VN97-IND-08-2012-E84-BMW-X1_20d,X1 E84,E84,X1 20d,VN97,SUV,IND,2012-08,2015-04
YE25-THA-08-2012,YE25-THA-08-2012-F02N-BMW-730Li,7 Series F02 LCI,F02N,730Li,YE25,Sedan,THA,2012-08,2015-05
YE44-THA-08-2012,YE44-THA-08-2012-F02N-BMW-740Li,7 Series F02 LCI,F02N,740Li,YE44,Sedan,THA,2012-08,2014-10
YG44-THA-08-2012,YG44-THA-08-2012-F02N-BMW-730Ld,7 Series F02 LCI,F02N,730Ld,YG44,Sedan,THA,2012-08,2015-05
YG47-IND-08-2012,YG47-IND-08-2012-F02N-BMW-730Ld,7 Series F02 LCI,F02N,730Ld,YG47,Sedan,IND,2012-08,2015-05
YP51-EUR-08-2012,YP51-EUR-08-2012-F12-BMW-640iX,6 Series F12,F12,640iX,YP51,Convertible,EUR,2012-08,2015-02
YP53-USA-08-2012,YP53-USA-08-2012-F12-BMW-640iX,6 Series F12,F12,640iX,YP53,Convertible,USA,2012-08,2015-02
1T72-EUR-09-2012,1T72-EUR-09-2012-F20-BMW-120dX,1 Series F20,F20,120dX,1T72,5 doors,EUR,2012-09,2015-02
3D72-EUR-09-2012,3D72-EUR-09-2012-F30-BMW-325d,3 Series F30,F30,325d,3D72,Sedan,EUR,2012-09,2015-06
3E32-EUR-09-2012,3E32-EUR-09-2012-F30-BMW-330dX,3 Series F30,F30,330dX,3E32,Sedan,EUR,2012-09,2015-06
3G12-EUR-09-2012,3G12-EUR-09-2012-F31-BMW-316i,3 Series F31,F31,316i,3G12,Touring,EUR,2012-09,2015-04
3H12-EUR-09-2012,3H12-EUR-09-2012-F31-BMW-320iX,3 Series F31,F31,320iX,3H12,Touring,EUR,2012-09,2015-06
3K52-EUR-09-2012,3K52-EUR-09-2012-F31-BMW-320dX,3 Series F31,F31,320dX,3K52,Touring,EUR,2012-09,2015-05
3K72-EUR-09-2012,3K72-EUR-09-2012-F31-BMW-325d,3 Series F31,F31,325d,3K72,Touring,EUR,2012-09,2015-06
3L12-EUR-09-2012,3L12-EUR-09-2012-F31-BMW-320d_ed,3 Series F31,F31,320d ed,3L12,Touring,EUR,2012-09,2015-06
3L32-EUR-09-2012,3L32-EUR-09-2012-F31-BMW-330dX,3 Series F31,F31,330dX,3L32,Touring,EUR,2012-09,2015-06
3X12-EUR-09-2012,3X12-EUR-09-2012-F34-BMW-320i,3 Series F34 GT,F34,320i,3X12,Gran Turismo,EUR,2012-09,2016-06
3X72-EUR-09-2012,3X72-EUR-09-2012-F34-BMW-335i,3 Series F34 GT,F34,335i,3X72,Gran Turismo,EUR,2012-09,2016-05
6B81-EUR-09-2012,6B81-EUR-09-2012-F06-BMW-640iX,6 Series F06 Gran Coupé,F06,640iX,6B81,Gran Coupé,EUR,2012-09,2015-02
6B83-USA-09-2012,6B83-USA-09-2012-F06-BMW-640iX,6 Series F06 Gran Coupé,F06,640iX,6B83,Gran Coupé,USA,2012-09,2015-02
LL11-EUR-09-2012,LL11-EUR-09-2012-E89-BMW-Z4_18i,Z4 E89,E89,Z4 18i,LL11,Roadster,EUR,2012-09,2016-08
LL12-EUR-09-2012,LL12-EUR-09-2012-E89-BMW-Z4_18i,Z4 E89,E89,Z4 18i,LL12,Roadster,EUR,2012-09,2016-08
LY11-EUR-09-2012,LY11-EUR-09-2012-F13-BMW-640iX,6 Series F13,F13,640iX,LY11,Coupe,EUR,2012-09,2015-02
LY13-USA-09-2012,LY13-USA-09-2012-F13-BMW-640iX,6 Series F13,F13,640iX,LY13,Coupe,USA,2012-09,2015-02
VN96-IDN-09-2012,VN96-IDN-09-2012-E84-BMW-X1_20d,X1 E84,E84,X1 20d,VN96,SUV,IDN,2012-09,2014-12
VY12-EUR-09-2012,VY12-EUR-09-2012-E84-BMW-X1_16d,X1 E84,E84,X1 16d,VY12,SUV,EUR,2012-09,2015-05
WX38-MYS-09-2012,WX38-MYS-09-2012-F25-BMW-X3_20iX,X3 F25,F25,X3 20iX,WX38,SUV,MYS,2012-09,2016-12
1H11-EUR-10-2012,1H11-EUR-10-2012-F22-BMW-220d,2 Series F22,F22,220d,1H11,Coupe,EUR,2012-10,2014-10
1J12-EUR-10-2012,1J12-EUR-10-2012-F22-BMW-220i,2 Series F22,F22,220i,1J12,Coupe,EUR,2012-10,2016-06
1J73-USA-10-2012,1J73-USA-10-2012-F22-BMW-M235i,2 Series F22,F22,M235i,1J73,Coupe,USA,2012-10,2016-06
3A14-CHN-10-2012,3A14-CHN-10-2012-F30-BMW-316i,3 Series F30,F30,316i,3A14,Sedan,CHN,2012-10,2015-07
3B59-RUS-10-2012,3B59-RUS-10-2012-F30-BMW-328iX,3 Series F30,F30,328iX,3B59,Sedan,RUS,2012-10,2012-12
3D59-RUS-10-2012,3D59-RUS-10-2012-F30-BMW-320dX,3 Series F30,F30,320dX,3D59,Sedan,RUS,2012-10,2015-04
5A11-EUR-10-2012,5A11-EUR-10-2012-F10N-BMW-520i_16,5 Series F10 LCI,F10N,520i 1.6,5A11,Sedan,EUR,2012-10,2016-10
5A31-EUR-10-2012,5A31-EUR-10-2012-F10N-BMW-520i,5 Series F10 LCI,F10N,520i,5A31,Sedan,EUR,2012-10,2016-10
5A51-EUR-10-2012,5A51-EUR-10-2012-F10N-BMW-528i,5 Series F10 LCI,F10N,528i,5A51,Sedan,EUR,2012-10,2016-10
5A53-USA-10-2012,5A53-USA-10-2012-F10N-BMW-528i,5 Series F10 LCI,F10N,528i,5A53,Sedan,USA,2012-10,2016-10
5B31-EUR-10-2012,5B31-EUR-10-2012-F10N-BMW-535iX,5 Series F10 LCI,F10N,535iX,5B31,Sedan,EUR,2012-10,2016-10
5B91-EUR-10-2012,5B91-EUR-10-2012-F10N-BMW-520dX,5 Series F10 LCI,F10N,520dX,5B91,Sedan,EUR,2012-10,2014-06
5C11-EUR-10-2012,5C11-EUR-10-2012-F10N-BMW-518d,5 Series F10 LCI,F10N,518d,5C11,Sedan,EUR,2012-10,2014-06
5C31-EUR-10-2012,5C31-EUR-10-2012-F10N-BMW-520d,5 Series F10 LCI,F10N,520d,5C31,Sedan,EUR,2012-10,2014-06
5C71-EUR-10-2012,5C71-EUR-10-2012-F10N-BMW-525d,5 Series F10 LCI,F10N,525d,5C71,Sedan,EUR,2012-10,2016-10
5C91-EUR-10-2012,5C91-EUR-10-2012-F10N-BMW-525dX,5 Series F10 LCI,F10N,525dX,5C91,Sedan,EUR,2012-10,2016-10
5D11-EUR-10-2012,5D11-EUR-10-2012-F10N-BMW-530d,5 Series F10 LCI,F10N,530d,5D11,Sedan,EUR,2012-10,2016-10
5D31-EUR-10-2012,5D31-EUR-10-2012-F10N-BMW-530dX,5 Series F10 LCI,F10N,530dX,5D31,Sedan,EUR,2012-10,2016-10
5D51-EUR-10-2012,5D51-EUR-10-2012-F10N-BMW-535d,5 Series F10 LCI,F10N,535d,5D51,Sedan,EUR,2012-10,2016-10
5D71-EUR-10-2012,5D71-EUR-10-2012-F10N-BMW-535dX,5 Series F10 LCI,F10N,535dX,5D71,Sedan,EUR,2012-10,2016-10
5D91-EUR-10-2012,5D91-EUR-10-2012-F10N-BMW-M550dX,5 Series F10 LCI,F10N,M550dX,5D91,Sedan,EUR,2012-10,2016-10
5E11-EUR-10-2012,5E11-EUR-10-2012-F10N-BMW-Hybrid_5,5 Series F10 LCI,F10N,Hybrid 5,5E11,Sedan,EUR,2012-10,2016-06
5E13-USA-10-2012,5E13-USA-10-2012-F10N-BMW-Hybrid_5,5 Series F10 LCI,F10N,Hybrid 5,5E13,Sedan,USA,2012-10,2016-08
5G71-EUR-10-2012,5G71-EUR-10-2012-F11N-BMW-528iX,5 Series F11 LCI,F11N,528iX,5G71,Touring,EUR,2012-10,2017-02
5H11-EUR-10-2012,5H11-EUR-10-2012-F11N-BMW-535i,5 Series F11 LCI,F11N,535i,5H11,Touring,EUR,2012-10,2017-02
5J11-EUR-10-2012,5J11-EUR-10-2012-F11N-BMW-518d,5 Series F11 LCI,F11N,518d,5J11,Touring,EUR,2012-10,2014-06
5J31-EUR-10-2012,5J31-EUR-10-2012-F11N-BMW-520d,5 Series F11 LCI,F11N,520d,5J31,Touring,EUR,2012-10,2014-07
5J51-EUR-10-2012,5J51-EUR-10-2012-F11N-BMW-520dX,5 Series F11 LCI,F11N,520dX,5J51,Touring,EUR,2012-10,2014-07
5J71-EUR-10-2012,5J71-EUR-10-2012-F11N-BMW-525d,5 Series F11 LCI,F11N,525d,5J71,Touring,EUR,2012-10,2017-02
5K31-EUR-10-2012,5K31-EUR-10-2012-F11N-BMW-530dX,5 Series F11 LCI,F11N,530dX,5K31,Touring,EUR,2012-10,2017-02
5K51-EUR-10-2012,5K51-EUR-10-2012-F11N-BMW-535d,5 Series F11 LCI,F11N,535d,5K51,Touring,EUR,2012-10,2017-02
5K91-EUR-10-2012,5K91-EUR-10-2012-F11N-BMW-M550dX,5 Series F11 LCI,F11N,M550dX,5K91,Touring,EUR,2012-10,2017-02
5M03-USA-10-2012,5M03-USA-10-2012-F07N-BMW-550iX,5 Series F07 GT LCI,F07N,550iX,5M03,Gran Turismo,USA,2012-10,2017-01
5M23-USA-10-2012,5M23-USA-10-2012-F07N-BMW-535i,5 Series F07 GT LCI,F07N,535i,5M23,Gran Turismo,USA,2012-10,2017-02
5M63-USA-10-2012,5M63-USA-10-2012-F07N-BMW-550i,5 Series F07 GT LCI,F07N,550i,5M63,Gran Turismo,USA,2012-10,2015-02
5M81-EUR-10-2012,5M81-EUR-10-2012-F07N-BMW-550iX_40,5 Series F07 GT LCI,F07N,550iX 4.0,5M81,Gran Turismo,EUR,2012-10,2014-03
5N01-EUR-10-2012,5N01-EUR-10-2012-F07N-BMW-535dX,5 Series F07 GT LCI,F07N,535dX,5N01,Gran Turismo,EUR,2012-10,2017-02
5N61-EUR-10-2012,5N61-EUR-10-2012-F07N-BMW-530dX,5 Series F07 GT LCI,F07N,530dX,5N61,Gran Turismo,EUR,2012-10,2017-02
5N81-EUR-10-2012,5N81-EUR-10-2012-F07N-BMW-535d,5 Series F07 GT LCI,F07N,535d,5N81,Gran Turismo,EUR,2012-10,2017-02
5S31-CHN-10-2012,5S31-CHN-10-2012-F18N-BMW-525Li,5 Series F18 LCI,F18N,525Li,5S31,Sedan,CHN,2012-10,2017-04
5S51-CHN-10-2012,5S51-CHN-10-2012-F18N-BMW-530Li,5 Series F18 LCI,F18N,530Li,5S51,Sedan,CHN,2012-10,2014-04
HR92-EUR-10-2012,HR92-EUR-10-2012-F11N-BMW-550i,5 Series F11 LCI,F11N,550i,HR92,Touring,EUR,2012-10,2014-02
KN93-USA-10-2012,KN93-USA-10-2012-F10N-BMW-550i,5 Series F10 LCI,F10N,550i,KN93,Sedan,USA,2012-10,2016-10
KP91-EUR-10-2012,KP91-EUR-10-2012-F10N-BMW-550iX,5 Series F10 LCI,F10N,550iX,KP91,Sedan,EUR,2012-10,2016-10
WX34-THA-10-2012,WX34-THA-10-2012-F25-BMW-X3_20iX,X3 F25,F25,X3 20iX,WX34,SUV,THA,2012-10,2015-08
XA53-USA-10-2012,XA53-USA-10-2012-F10N-BMW-535d,5 Series F10 LCI,F10N,535d,XA53,Sedan,USA,2012-10,2016-09
YE45-EGY-10-2012,YE45-EGY-10-2012-F02N-BMW-740Li,7 Series F02 LCI,F02N,740Li,YE45,Sedan,EGY,2012-10,2014-12
1F53-USA-11-2012,1F53-USA-11-2012-F22-BMW-228i,2 Series F22,F22,228i,1F53,Coupe,USA,2012-11,2016-06
1F93-USA-11-2012,1F93-USA-11-2012-F22-BMW-228i,2 Series F22,F22,228i,1F93,Coupe,USA,2012-11,2016-06
1H31-EUR-11-2012,1H31-EUR-11-2012-F22-BMW-218d,2 Series F22,F22,218d,1H31,Coupe,EUR,2012-11,2015-06
1H71-EUR-11-2012,1H71-EUR-11-2012-F22-BMW-225d,2 Series F22,F22,225d,1H71,Coupe,EUR,2012-11,2015-06
1J11-EUR-11-2012,1J11-EUR-11-2012-F22-BMW-220i,2 Series F22,F22,220i,1J11,Coupe,EUR,2012-11,2016-06
1J71-EUR-11-2012,1J71-EUR-11-2012-F22-BMW-M235i,2 Series F22,F22,M235i,1J71,Coupe,EUR,2012-11,2016-06
1J72-EUR-11-2012,1J72-EUR-11-2012-F22-BMW-M235i,2 Series F22,F22,M235i,1J72,Coupe,EUR,2012-11,2016-06
1T51-EUR-11-2012,1T51-EUR-11-2012-F20-BMW-118dX,1 Series F20,F20,118dX,1T51,5 doors,EUR,2012-11,2015-02
1X51-EUR-11-2012,1X51-EUR-11-2012-F21-BMW-118dX,1 Series F21,F21,118dX,1X51,3 doors,EUR,2012-11,2015-02
3A15-EUR-11-2012,3A15-EUR-11-2012-F30-BMW-316i,3 Series F30,F30,316i,3A15,Sedan,EUR,2012-11,2015-07
3A16-EUR-11-2012,3A16-EUR-11-2012-F30-BMW-316i,3 Series F30,F30,316i,3A16,Sedan,EUR,2012-11,2015-07
3C37-USA-11-2012,3C37-USA-11-2012-F30-BMW-320iX,3 Series F30,F30,320iX,3C37,Sedan,USA,2012-11,2015-07
3J31-EUR-11-2012,3J31-EUR-11-2012-F30-BMW-318dX,3 Series F30,F30,318dX,3J31,Sedan,EUR,2012-11,2015-05
3J71-EUR-11-2012,3J71-EUR-11-2012-F30-BMW-335dX,3 Series F30,F30,335dX,3J71,Sedan,EUR,2012-11,2015-06
3K53-USA-11-2012,3K53-USA-11-2012-F31-BMW-328dX,3 Series F31,F31,328dX,3K53,Touring,USA,2012-11,2015-06
3N31-EUR-11-2012,3N31-EUR-11-2012-F32-BMW-428i,4 Series F32,F32,428i,3N31,Coupe,EUR,2012-11,2016-02
3N33-USA-11-2012,3N33-USA-11-2012-F32-BMW-428i,4 Series F32,F32,428i,3N33,Coupe,USA,2012-11,2016-06
3N51-EUR-11-2012,3N51-EUR-11-2012-F32-BMW-428iX,4 Series F32,F32,428iX,3N51,Coupe,EUR,2012-11,2016-02
3N53-USA-11-2012,3N53-USA-11-2012-F32-BMW-428iX,4 Series F32,F32,428iX,3N53,Coupe,USA,2012-11,2015-07
3N71-EUR-11-2012,3N71-EUR-11-2012-F32-BMW-428i,4 Series F32,F32,428i,3N71,Coupe,EUR,2012-11,2017-01
3N73-USA-11-2012,3N73-USA-11-2012-F32-BMW-428i,4 Series F32,F32,428i,3N73,Coupe,USA,2012-11,2016-06
3N93-USA-11-2012,3N93-USA-11-2012-F32-BMW-428iX,4 Series F32,F32,428iX,3N93,Coupe,USA,2012-11,2016-06
3P11-EUR-11-2012,3P11-EUR-11-2012-F32-BMW-420d,4 Series F32,F32,420d,3P11,Coupe,EUR,2012-11,2015-02
3P12-EUR-11-2012,3P12-EUR-11-2012-F32-BMW-420d,4 Series F32,F32,420d,3P12,Coupe,EUR,2012-11,2015-02
3R11-EUR-11-2012,3R11-EUR-11-2012-F32-BMW-435i,4 Series F32,F32,435i,3R11,Coupe,EUR,2012-11,2016-02
3R13-USA-11-2012,3R13-USA-11-2012-F32-BMW-435i,4 Series F32,F32,435i,3R13,Coupe,USA,2012-11,2016-06
3R51-EUR-11-2012,3R51-EUR-11-2012-F32-BMW-435iX,4 Series F32,F32,435iX,3R51,Coupe,EUR,2012-11,2016-02
3R53-USA-11-2012,3R53-USA-11-2012-F32-BMW-435iX,4 Series F32,F32,435iX,3R53,Coupe,USA,2012-11,2016-06
3X51-EUR-11-2012,3X51-EUR-11-2012-F34-BMW-328iX,3 Series F34 GT,F34,328iX,3X51,Gran Turismo,EUR,2012-11,2016-06
3X91-EUR-11-2012,3X91-EUR-11-2012-F34-BMW-335iX,3 Series F34 GT,F34,335iX,3X91,Gran Turismo,EUR,2012-11,2016-06
3Y12-EUR-11-2012,3Y12-EUR-11-2012-F34-BMW-318d,3 Series F34 GT,F34,318d,3Y12,Gran Turismo,EUR,2012-11,2015-06
3Y51-EUR-11-2012,3Y51-EUR-11-2012-F34-BMW-320dX,3 Series F34 GT,F34,320dX,3Y51,Gran Turismo,EUR,2012-11,2015-06
3Y71-EUR-11-2012,3Y71-EUR-11-2012-F34-BMW-325d,3 Series F34 GT,F34,325d,3Y71,Gran Turismo,EUR,2012-11,2016-06
3Z71-EUR-11-2012,3Z71-EUR-11-2012-F34-BMW-320iX,3 Series F34 GT,F34,320iX,3Z71,Gran Turismo,EUR,2012-11,2016-06
5S11-CHN-11-2012,5S11-CHN-11-2012-F18N-BMW-520Li,5 Series F18 LCI,F18N,520Li,5S11,Sedan,CHN,2012-11,2017-04
5S71-CHN-11-2012,5S71-CHN-11-2012-F18N-BMW-535Li,5 Series F18 LCI,F18N,535Li,5S71,Sedan,CHN,2012-11,2016-12
8J31-EUR-11-2012,8J31-EUR-11-2012-F31-BMW-318dX,3 Series F31,F31,318dX,8J31,Touring,EUR,2012-11,2015-05
KR03-USA-11-2012,KR03-USA-11-2012-F15-BMW-X5_35iX,X5 F15,F15,X5 35iX,KR03,SUV,USA,2012-11,2018-06
KS41-EUR-11-2012,KS41-EUR-11-2012-F15-BMW-X5_30dX,X5 F15,F15,X5 30dX,KS41,SUV,EUR,2012-11,2018-06
3F14-THA-12-2012,3F14-THA-12-2012-F30-BMW-316i,3 Series F30,F30,316i,3F14,Sedan,THA,2012-12,2014-09
3P31-EUR-12-2012,3P31-EUR-12-2012-F32-BMW-420dX,4 Series F32,F32,420dX,3P31,Coupe,EUR,2012-12,2015-02
3P51-EUR-12-2012,3P51-EUR-12-2012-F32-BMW-425d,4 Series F32,F32,425d,3P51,Coupe,EUR,2012-12,2016-02
3P71-EUR-12-2012,3P71-EUR-12-2012-F32-BMW-430d,4 Series F32,F32,430d,3P71,Coupe,EUR,2012-12,2017-02
3S31-EUR-12-2012,3S31-EUR-12-2012-F32-BMW-430dX,4 Series F32,F32,430dX,3S31,Coupe,EUR,2012-12,2017-02
3S91-EUR-12-2012,3S91-EUR-12-2012-F32-BMW-435dX,4 Series F32,F32,435dX,3S91,Coupe,EUR,2012-12,2017-02
3X93-USA-12-2012,3X93-USA-12-2012-F34-BMW-335iX,3 Series F34 GT,F34,335iX,3X93,Gran Turismo,USA,2012-12,2016-06
KS82-EUR-12-2012,KS82-EUR-12-2012-F15-BMW-X5_M50dX,X5 F15,F15,X5 M50dX,KS82,SUV,EUR,2012-12,2018-06
1Z21-EUR-01-2013,1Z21-EUR-01-2013-I01-BMW_i-i3_60Ah,i3 I01,I01,i3 60Ah,1Z21,Mega City Vehicle,EUR,2013-01,2017-05
1Z41-EUR-01-2013,1Z41-EUR-01-2013-I01-BMW_i-i3_60Ah_Rex,i3 I01,I01,i3 60Ah Rex,1Z41,Mega City Vehicle,EUR,2013-01,2017-06
1Z43-USA-01-2013,1Z43-USA-01-2013-I01-BMW_i-i3_60Ah_Rex,i3 I01,I01,i3 60Ah Rex,1Z43,Mega City Vehicle,USA,2013-01,2016-06
3J72-EUR-01-2013,3J72-EUR-01-2013-F30-BMW-335dX,3 Series F30,F30,335dX,3J72,Sedan,EUR,2013-01,2015-06
3N32-EUR-01-2013,3N32-EUR-01-2013-F32-BMW-428i,4 Series F32,F32,428i,3N32,Coupe,EUR,2013-01,2016-02
3R12-EUR-01-2013,3R12-EUR-01-2013-F32-BMW-435i,4 Series F32,F32,435i,3R12,Coupe,EUR,2013-01,2016-02
3X53-USA-01-2013,3X53-USA-01-2013-F34-BMW-328iX,3 Series F34 GT,F34,328iX,3X53,Gran Turismo,USA,2013-01,2015-06
5A32-EUR-01-2013,5A32-EUR-01-2013-F10N-BMW-520i,5 Series F10 LCI,F10N,520i,5A32,Sedan,EUR,2013-01,2016-10
5A71-EUR-01-2013,5A71-EUR-01-2013-F10N-BMW-528iX,5 Series F10 LCI,F10N,528iX,5A71,Sedan,EUR,2013-01,2016-10
5C32-EUR-01-2013,5C32-EUR-01-2013-F10N-BMW-520d,5 Series F10 LCI,F10N,520d,5C32,Sedan,EUR,2013-01,2016-10
5G11-EUR-01-2013,5G11-EUR-01-2013-F11N-BMW-520i,5 Series F11 LCI,F11N,520i,5G11,Touring,EUR,2013-01,2017-02
5G12-EUR-01-2013,5G12-EUR-01-2013-F11N-BMW-520i,5 Series F11 LCI,F11N,520i,5G12,Touring,EUR,2013-01,2017-02
5G51-EUR-01-2013,5G51-EUR-01-2013-F11N-BMW-528i,5 Series F11 LCI,F11N,528i,5G51,Touring,EUR,2013-01,2017-02
5G52-EUR-01-2013,5G52-EUR-01-2013-F11N-BMW-528i,5 Series F11 LCI,F11N,528i,5G52,Touring,EUR,2013-01,2017-02
5J32-EUR-01-2013,5J32-EUR-01-2013-F11N-BMW-520d,5 Series F11 LCI,F11N,520d,5J32,Touring,EUR,2013-01,2016-10
5M01-EUR-01-2013,5M01-EUR-01-2013-F07N-BMW-550iX_44,5 Series F07 GT LCI,F07N,550iX 4.4,5M01,Gran Turismo,EUR,2013-01,2017-02
5M41-EUR-01-2013,5M41-EUR-01-2013-F07N-BMW-535iX,5 Series F07 GT LCI,F07N,535iX,5M41,Gran Turismo,EUR,2013-01,2017-02
CZ31-CHN-01-2013,CZ31-CHN-01-2013-M12-BMW-Zinoro_1E,Zinoro M12,M12,Zinoro 1E,CZ31,SUV,CHN,2013-01,2015-07
KN92-EUR-01-2013,KN92-EUR-01-2013-F10N-BMW-550i,5 Series F10 LCI,F10N,550i,KN92,Sedan,EUR,2013-01,2016-10
KR02-EUR-01-2013,KR02-EUR-01-2013-F15-BMW-X5_35iX,X5 F15,F15,X5 35iX,KR02,SUV,EUR,2013-01,2018-06
KS01-EUR-01-2013,KS01-EUR-01-2013-F15-BMW-X5_25d,X5 F15,F15,X5 25d,KS01,SUV,EUR,2013-01,2015-07
KS22-EUR-01-2013,KS22-EUR-01-2013-F15-BMW-X5_25dX,X5 F15,F15,X5 25dX,KS22,SUV,EUR,2013-01,2015-07
KS42-EUR-01-2013,KS42-EUR-01-2013-F15-BMW-X5_30dX,X5 F15,F15,X5 30dX,KS42,SUV,EUR,2013-01,2018-06
KS61-EUR-01-2013,KS61-EUR-01-2013-F15-BMW-X5_40dX,X5 F15,F15,X5 40dX,KS61,SUV,EUR,2013-01,2018-06
1H12-EUR-02-2013,1H12-EUR-02-2013-F22-BMW-220d,2 Series F22,F22,220d,1H12,Coupe,EUR,2013-02,2014-10
1Z22-EUR-02-2013,1Z22-EUR-02-2013-I01-BMW_i-i3_60Ah,i3 I01,I01,i3 60Ah,1Z22,Mega City Vehicle,EUR,2013-02,2016-08
1Z23-USA-02-2013,1Z23-USA-02-2013-I01-BMW_i-i3_60Ah,i3 I01,I01,i3 60Ah,1Z23,Mega City Vehicle,USA,2013-02,2016-06
1Z42-EUR-02-2013,1Z42-EUR-02-2013-I01-BMW_i-i3_60Ah_Rex,i3 I01,I01,i3 60Ah Rex,1Z42,Mega City Vehicle,EUR,2013-02,2016-12
2Z21-EUR-02-2013,2Z21-EUR-02-2013-I12-BMW_i-i8,i8 I12,I12,i8,2Z21,Coupe,EUR,2013-02,2018-02
3A19-RUS-02-2013,3A19-RUS-02-2013-F30-BMW-316i,3 Series F30,F30,316i,3A19,Sedan,RUS,2013-02,2015-04
3R91-EUR-02-2013,3R91-EUR-02-2013-F82-BMW-M4,4 Series F82 M4,F82,M4,3R91,Coupe,EUR,2013-02,2017-02
3R92-EUR-02-2013,3R92-EUR-02-2013-F82-BMW-M4,4 Series F82 M4,F82,M4,3R92,Coupe,EUR,2013-02,2017-02
3R93-USA-02-2013,3R93-USA-02-2013-F82-BMW-M4,4 Series F82 M4,F82,M4,3R93,Coupe,USA,2013-02,2017-02
5A73-USA-02-2013,5A73-USA-02-2013-F10N-BMW-528iX,5 Series F10 LCI,F10N,528iX,5A73,Sedan,USA,2013-02,2016-10
5C12-EUR-02-2013,5C12-EUR-02-2013-F10N-BMW-518d,5 Series F10 LCI,F10N,518d,5C12,Sedan,EUR,2013-02,2014-06
5H31-EUR-02-2013,5H31-EUR-02-2013-F11N-BMW-535iX,5 Series F11 LCI,F11N,535iX,5H31,Touring,EUR,2013-02,2017-02
5J72-EUR-02-2013,5J72-EUR-02-2013-F11N-BMW-525d,5 Series F11 LCI,F11N,525d,5J72,Touring,EUR,2013-02,2017-02
5M43-USA-02-2013,5M43-USA-02-2013-F07N-BMW-535iX,5 Series F07 GT LCI,F07N,535iX,5M43,Gran Turismo,USA,2013-02,2017-02
5M62-EUR-02-2013,5M62-EUR-02-2013-F07N-BMW-550i,5 Series F07 GT LCI,F07N,550i,5M62,Gran Turismo,EUR,2013-02,2017-01
5N22-EUR-02-2013,5N22-EUR-02-2013-F07N-BMW-520d,5 Series F07 GT LCI,F07N,520d,5N22,Gran Turismo,EUR,2013-02,2017-02
1F73-USA-03-2013,1F73-USA-03-2013-F22-BMW-228iX,2 Series F22,F22,228iX,1F73,Coupe,USA,2013-03,2015-06
1G93-USA-03-2013,1G93-USA-03-2013-F22-BMW-228iX,2 Series F22,F22,228iX,1G93,Coupe,USA,2013-03,2016-06
1J91-EUR-03-2013,1J91-EUR-03-2013-F22-BMW-M235iX,2 Series F22,F22,M235iX,1J91,Coupe,EUR,2013-03,2016-06
1J93-USA-03-2013,1J93-USA-03-2013-F22-BMW-M235iX,2 Series F22,F22,M235iX,1J93,Coupe,USA,2013-03,2016-06
2Z22-EUR-03-2013,2Z22-EUR-03-2013-I12-BMW_i-i8,i8 I12,I12,i8,2Z22,Coupe,EUR,2013-03,2018-02
2Z23-USA-03-2013,2Z23-USA-03-2013-I12-BMW_i-i8,i8 I12,I12,i8,2Z23,Coupe,USA,2013-03,2017-10
3F38-IDN-03-2013,3F38-IDN-03-2013-F30-BMW-320d,3 Series F30,F30,320d,3F38,Sedan,IDN,2013-03,2015-04
3T31-EUR-03-2013,3T31-EUR-03-2013-F33-BMW-435i,4 Series F33,F33,435i,3T31,Convertible,EUR,2013-03,2016-02
3T32-EUR-03-2013,3T32-EUR-03-2013-F33-BMW-435i,4 Series F33,F33,435i,3T32,Convertible,EUR,2013-03,2016-02
3U11-EUR-03-2013,3U11-EUR-03-2013-F33-BMW-420d,4 Series F33,F33,420d,3U11,Convertible,EUR,2013-03,2015-06
3U12-EUR-03-2013,3U12-EUR-03-2013-F33-BMW-420d,4 Series F33,F33,420d,3U12,Convertible,EUR,2013-03,2015-06
3V31-EUR-03-2013,3V31-EUR-03-2013-F33-BMW-428i,4 Series F33,F33,428i,3V31,Convertible,EUR,2013-03,2016-02
3V53-USA-03-2013,3V53-USA-03-2013-F33-BMW-428i,4 Series F33,F33,428i,3V53,Convertible,USA,2013-03,2015-06
3V73-USA-03-2013,3V73-USA-03-2013-F33-BMW-428i,4 Series F33,F33,428i,3V73,Convertible,USA,2013-03,2016-06
3Y72-EUR-03-2013,3Y72-EUR-03-2013-F34-BMW-325d,3 Series F34 GT,F34,325d,3Y72,Gran Turismo,EUR,2013-03,2016-06
3Z72-EUR-03-2013,3Z72-EUR-03-2013-F34-BMW-320iX,3 Series F34 GT,F34,320iX,3Z72,Gran Turismo,EUR,2013-03,2016-06
5A52-EUR-03-2013,5A52-EUR-03-2013-F10N-BMW-528i,5 Series F10 LCI,F10N,528i,5A52,Sedan,EUR,2013-03,2016-10
5B33-USA-03-2013,5B33-USA-03-2013-F10N-BMW-535iX,5 Series F10 LCI,F10N,535iX,5B33,Sedan,USA,2013-03,2016-10
5D12-EUR-03-2013,5D12-EUR-03-2013-F10N-BMW-530d,5 Series F10 LCI,F10N,530d,5D12,Sedan,EUR,2013-03,2016-10
5K71-EUR-03-2013,5K71-EUR-03-2013-F11N-BMW-535dX,5 Series F11 LCI,F11N,535dX,5K71,Touring,EUR,2013-03,2017-02
5N42-EUR-03-2013,5N42-EUR-03-2013-F07N-BMW-530d,5 Series F07 GT LCI,F07N,530d,5N42,Gran Turismo,EUR,2013-03,2017-02
5N82-EUR-03-2013,5N82-EUR-03-2013-F07N-BMW-535d,5 Series F07 GT LCI,F07N,535d,5N82,Gran Turismo,EUR,2013-03,2017-01
VP98-MYS-03-2013,VP98-MYS-03-2013-E84-BMW-X1_20dX,X1 E84,E84,X1 20dX,VP98,SUV,MYS,2013-03,2015-01
3A18-MYS-04-2013,3A18-MYS-04-2013-F30-BMW-316i,3 Series F30,F30,316i,3A18,Sedan,MYS,2013-04,2015-03
3N11-EUR-04-2013,3N11-EUR-04-2013-F32-BMW-420i,4 Series F32,F32,420i,3N11,Coupe,EUR,2013-04,2016-02
3P32-EUR-04-2013,3P32-EUR-04-2013-F32-BMW-420dX,4 Series F32,F32,420dX,3P32,Coupe,EUR,2013-04,2015-02
3S51-EUR-04-2013,3S51-EUR-04-2013-F32-BMW-420iX,4 Series F32,F32,420iX,3S51,Coupe,EUR,2013-04,2016-02
3T33-USA-04-2013,3T33-USA-04-2013-F33-BMW-435i,4 Series F33,F33,435i,3T33,Convertible,USA,2013-04,2016-06
5J12-EUR-04-2013,5J12-EUR-04-2013-F11N-BMW-518d,5 Series F11 LCI,F11N,518d,5J12,Touring,EUR,2013-04,2014-06
5S91-CHN-04-2013,5S91-CHN-04-2013-F18N-BMW-530Le,5 Series F18 LCI,F18N,530Le,5S91,Sedan,CHN,2013-04,2016-04
8J71-EUR-04-2013,8J71-EUR-04-2013-F31-BMW-335dX,3 Series F31,F31,335dX,8J71,Touring,EUR,2013-04,2015-06
KT61-EUR-04-2013,KT61-EUR-04-2013-F85-BMW-X5_M,X5 M F85,F85,X5 M,KT61,SUV,EUR,2013-04,2018-06
KT63-USA-04-2013,KT63-USA-04-2013-F85-BMW-X5_M,X5 M F85,F85,X5 M,KT63,SUV,USA,2013-04,2018-06
WY38-MYS-04-2013,WY38-MYS-04-2013-F25-BMW-X3_20dX,X3 F25,F25,X3 20dX,WY38,SUV,MYS,2013-04,2013-10
1A17-IND-05-2013,1A17-IND-05-2013-F20-BMW-116i,1 Series F20,F20,116i,1A17,5 doors,IND,2013-05,2013-05
3N12-EUR-05-2013,3N12-EUR-05-2013-F32-BMW-420i,4 Series F32,F32,420i,3N12,Coupe,EUR,2013-05,2016-02
3P72-EUR-05-2013,3P72-EUR-05-2013-F32-BMW-430d,4 Series F32,F32,430d,3P72,Coupe,EUR,2013-05,2017-02
3S92-EUR-05-2013,3S92-EUR-05-2013-F32-BMW-435dX,4 Series F32,F32,435dX,3S92,Coupe,EUR,2013-05,2017-02
5T11-CHN-05-2013,5T11-CHN-05-2013-F18N-BMW-528LiX,5 Series F18 LCI,F18N,528LiX,5T11,Sedan,CHN,2013-05,2016-12
5T31-CHN-05-2013,5T31-CHN-05-2013-F18N-BMW-528Li,5 Series F18 LCI,F18N,528Li,5T31,Sedan,CHN,2013-05,2016-12
8J72-EUR-05-2013,8J72-EUR-05-2013-F31-BMW-335dX,3 Series F31,F31,335dX,8J72,Touring,EUR,2013-05,2015-06
XW31-EUR-05-2013,XW31-EUR-05-2013-F26-BMW-X4_28iX,X4 F26,F26,X4 28iX,XW31,SAC,EUR,2013-05,2018-03
XX51-EUR-05-2013,XX51-EUR-05-2013-F26-BMW-X4_35dX,X4 F26,F26,X4 35dX,XX51,SAC,EUR,2013-05,2018-03
1C17-IND-06-2013,1C17-IND-06-2013-F20-BMW-118d,1 Series F20,F20,118d,1C17,5 doors,IND,2013-06,2014-02
3M81-CHN-06-2013,3M81-CHN-06-2013-F35-BMW-328LiX,3 Series F35,F35,328LiX,3M81,Sedan,CHN,2013-06,2015-04
3U91-EUR-06-2013,3U91-EUR-06-2013-F83-BMW-M4,4 Series F83 M4,F83,M4,3U91,Convertible,EUR,2013-06,2017-02
3U92-EUR-06-2013,3U92-EUR-06-2013-F83-BMW-M4,4 Series F83 M4,F83,M4,3U92,Convertible,EUR,2013-06,2017-02
3U93-USA-06-2013,3U93-USA-06-2013-F83-BMW-M4,4 Series F83 M4,F83,M4,3U93,Convertible,USA,2013-06,2017-02
5B12-EUR-06-2013,5B12-EUR-06-2013-F10N-BMW-535i,5 Series F10 LCI,F10N,535i,5B12,Sedan,EUR,2013-06,2016-10
5C72-EUR-06-2013,5C72-EUR-06-2013-F10N-BMW-525d,5 Series F10 LCI,F10N,525d,5C72,Sedan,EUR,2013-06,2016-10
5D52-EUR-06-2013,5D52-EUR-06-2013-F10N-BMW-535d,5 Series F10 LCI,F10N,535d,5D52,Sedan,EUR,2013-06,2016-10
5E12-EUR-06-2013,5E12-EUR-06-2013-F10N-BMW-Hybrid_5,5 Series F10 LCI,F10N,Hybrid 5,5E12,Sedan,EUR,2013-06,2016-08
5H12-EUR-06-2013,5H12-EUR-06-2013-F11N-BMW-535i,5 Series F11 LCI,F11N,535i,5H12,Touring,EUR,2013-06,2017-02
5K12-EUR-06-2013,5K12-EUR-06-2013-F11N-BMW-530d,5 Series F11 LCI,F11N,530d,5K12,Touring,EUR,2013-06,2017-02
5K52-EUR-06-2013,5K52-EUR-06-2013-F11N-BMW-535d,5 Series F11 LCI,F11N,535d,5K52,Touring,EUR,2013-06,2017-02
5M22-EUR-06-2013,5M22-EUR-06-2013-F07N-BMW-535i,5 Series F07 GT LCI,F07N,535i,5M22,Gran Turismo,EUR,2013-06,2017-02
KT62-EUR-06-2013,KT62-EUR-06-2013-F85-BMW-X5_M,X5 M F85,F85,X5 M,KT62,SUV,EUR,2013-06,2018-06
UG71-CHN-06-2013,UG71-CHN-06-2013-E84-BMW-X1_18i,X1 E84,E84,X1 18i,UG71,SUV,CHN,2013-06,2015-12
WY33-USA-06-2013,WY33-USA-06-2013-F25-BMW-X3_28dX,X3 F25,F25,X3 28dX,WY33,SUV,USA,2013-06,2016-12
WZ31-EUR-06-2013,WZ31-EUR-06-2013-F25-BMW-X3_18d,X3 F25,F25,X3 18d,WZ31,SUV,EUR,2013-06,2017-08
WZ51-EUR-06-2013,WZ51-EUR-06-2013-F25-BMW-X3_20dX,X3 F25,F25,X3 20dX,WZ51,SUV,EUR,2013-06,2017-08
XW51-EUR-06-2013,XW51-EUR-06-2013-F26-BMW-X4_35iX,X4 F26,F26,X4 35iX,XW51,SAC,EUR,2013-06,2018-03
XW53-USA-06-2013,XW53-USA-06-2013-F26-BMW-X4_35iX,X4 F26,F26,X4 35iX,XW53,SAC,USA,2013-06,2017-08
XX31-EUR-06-2013,XX31-EUR-06-2013-F26-BMW-X4_30dX,X4 F26,F26,X4 30dX,XX31,SAC,EUR,2013-06,2018-03
1A18-MYS-07-2013,1A18-MYS-07-2013-F20-BMW-116i,1 Series F20,F20,116i,1A18,5 doors,MYS,2013-07,2014-01
1A38-MYS-07-2013,1A38-MYS-07-2013-F20-BMW-118i,1 Series F20,F20,118i,1A38,5 doors,MYS,2013-07,2014-07
3F18-THA-07-2013,3F18-THA-07-2013-F30-BMW-325d,3 Series F30,F30,325d,3F18,Sedan,THA,2013-07,2014-01
3T13-USA-07-2013,3T13-USA-07-2013-F33-BMW-428iX,4 Series F33,F33,428iX,3T13,Convertible,USA,2013-07,2016-06
3V32-EUR-07-2013,3V32-EUR-07-2013-F33-BMW-428i,4 Series F33,F33,428i,3V32,Convertible,EUR,2013-07,2016-02
3V51-EUR-07-2013,3V51-EUR-07-2013-F33-BMW-428iX,4 Series F33,F33,428iX,3V51,Convertible,EUR,2013-07,2016-02
3V71-EUR-07-2013,3V71-EUR-07-2013-F33-BMW-428i,4 Series F33,F33,428i,3V71,Convertible,EUR,2013-07,2017-02
3V93-USA-07-2013,3V93-USA-07-2013-F33-BMW-428iX,4 Series F33,F33,428iX,3V93,Convertible,USA,2013-07,2015-06
3Y91-EUR-07-2013,3Y91-EUR-07-2013-F34-BMW-330d,3 Series F34 GT,F34,330d,3Y91,Gran Turismo,EUR,2013-07,2016-06
3Z51-EUR-07-2013,3Z51-EUR-07-2013-F34-BMW-330dX,3 Series F34 GT,F34,330dX,3Z51,Gran Turismo,EUR,2013-07,2016-06
3Z91-EUR-07-2013,3Z91-EUR-07-2013-F34-BMW-335dX,3 Series F34 GT,F34,335dX,3Z91,Gran Turismo,EUR,2013-07,2016-06
4A53-USA-07-2013,4A53-USA-07-2013-F36-BMW-428i,4 Series F36 Gran Coupé,F36,428i,4A53,Gran Coupé,USA,2013-07,2015-06
4A73-USA-07-2013,4A73-USA-07-2013-F36-BMW-428iX,4 Series F36 Gran Coupé,F36,428iX,4A73,Gran Coupé,USA,2013-07,2015-06
4A93-USA-07-2013,4A93-USA-07-2013-F36-BMW-428i,4 Series F36 Gran Coupé,F36,428i,4A93,Gran Coupé,USA,2013-07,2016-06
4B11-EUR-07-2013,4B11-EUR-07-2013-F36-BMW-435i,4 Series F36 Gran Coupé,F36,435i,4B11,Gran Coupé,EUR,2013-07,2016-02
4B13-USA-07-2013,4B13-USA-07-2013-F36-BMW-435i,4 Series F36 Gran Coupé,F36,435i,4B13,Gran Coupé,USA,2013-07,2016-06
4B51-EUR-07-2013,4B51-EUR-07-2013-F36-BMW-420d,4 Series F36 Gran Coupé,F36,420d,4B51,Gran Coupé,EUR,2013-07,2015-03
4C93-USA-07-2013,4C93-USA-07-2013-F36-BMW-428iX,4 Series F36 Gran Coupé,F36,428iX,4C93,Gran Coupé,USA,2013-07,2016-07
4D52-EUR-07-2013,4D52-EUR-07-2013-F36-BMW-418d,4 Series F36 Gran Coupé,F36,418d,4D52,Gran Coupé,EUR,2013-07,2015-06
5A34-THA-07-2013,5A34-THA-07-2013-F10N-BMW-520i,5 Series F10 LCI,F10N,520i,5A34,Sedan,THA,2013-07,2015-06
5A35-EGY-07-2013,5A35-EGY-07-2013-F10N-BMW-520i,5 Series F10 LCI,F10N,520i,5A35,Sedan,EGY,2013-07,2016-10
5A38-MYS-07-2013,5A38-MYS-07-2013-F10N-BMW-520i,5 Series F10 LCI,F10N,520i,5A38,Sedan,MYS,2013-07,2016-10
5A39-RUS-07-2013,5A39-RUS-07-2013-F10N-BMW-520i,5 Series F10 LCI,F10N,520i,5A39,Sedan,RUS,2013-07,2016-10
5A54-THA-07-2013,5A54-THA-07-2013-F10N-BMW-528i,5 Series F10 LCI,F10N,528i,5A54,Sedan,THA,2013-07,2015-10
5A55-EGY-07-2013,5A55-EGY-07-2013-F10N-BMW-528i,5 Series F10 LCI,F10N,528i,5A55,Sedan,EGY,2013-07,2016-05
5A58-MYS-07-2013,5A58-MYS-07-2013-F10N-BMW-528i,5 Series F10 LCI,F10N,528i,5A58,Sedan,MYS,2013-07,2016-10
5A79-RUS-07-2013,5A79-RUS-07-2013-F10N-BMW-528iX,5 Series F10 LCI,F10N,528iX,5A79,Sedan,RUS,2013-07,2016-10
5C34-THA-07-2013,5C34-THA-07-2013-F10N-BMW-520d,5 Series F10 LCI,F10N,520d,5C34,Sedan,THA,2013-07,2014-04
5C37-IND-07-2013,5C37-IND-07-2013-F10N-BMW-520d,5 Series F10 LCI,F10N,520d,5C37,Sedan,IND,2013-07,2014-05
5C38-MYS-07-2013,5C38-MYS-07-2013-F10N-BMW-520d,5 Series F10 LCI,F10N,520d,5C38,Sedan,MYS,2013-07,2014-05
5C39-RUS-07-2013,5C39-RUS-07-2013-F10N-BMW-520d,5 Series F10 LCI,F10N,520d,5C39,Sedan,RUS,2013-07,2014-06
5C74-THA-07-2013,5C74-THA-07-2013-F10N-BMW-525d,5 Series F10 LCI,F10N,525d,5C74,Sedan,THA,2013-07,2015-11
5C99-RUS-07-2013,5C99-RUS-07-2013-F10N-BMW-525dX,5 Series F10 LCI,F10N,525dX,5C99,Sedan,RUS,2013-07,2014-02
5D17-IND-07-2013,5D17-IND-07-2013-F10N-BMW-530d,5 Series F10 LCI,F10N,530d,5D17,Sedan,IND,2013-07,2016-10
5D39-RUS-07-2013,5D39-RUS-07-2013-F10N-BMW-530dX,5 Series F10 LCI,F10N,530dX,5D39,Sedan,RUS,2013-07,2016-10
WW11-EUR-07-2013,WW11-EUR-07-2013-F25-BMW-X3_18i,X3 F25,F25,X3 18i,WW11,SUV,EUR,2013-07,2017-08
WY91-EUR-07-2013,WY91-EUR-07-2013-F25-BMW-X3_20i,X3 F25,F25,X3 20i,WY91,SUV,EUR,2013-07,2017-08
WZ32-EUR-07-2013,WZ32-EUR-07-2013-F25-BMW-X3_18d,X3 F25,F25,X3 18d,WZ32,SUV,EUR,2013-07,2017-08
WZ73-USA-07-2013,WZ73-USA-07-2013-F25-BMW-X3_28i,X3 F25,F25,X3 28i,WZ73,SUV,USA,2013-07,2017-08
XW11-EUR-07-2013,XW11-EUR-07-2013-F26-BMW-X4_20iX,X4 F26,F26,X4 20iX,XW11,SAC,EUR,2013-07,2018-03
XW33-USA-07-2013,XW33-USA-07-2013-F26-BMW-X4_28iX,X4 F26,F26,X4 28iX,XW33,SAC,USA,2013-07,2018-03
XW52-EUR-07-2013,XW52-EUR-07-2013-F26-BMW-X4_35iX,X4 F26,F26,X4 35iX,XW52,SAC,EUR,2013-07,2018-01
XX11-EUR-07-2013,XX11-EUR-07-2013-F26-BMW-X4_20dX,X4 F26,F26,X4 20dX,XX11,SAC,EUR,2013-07,2018-03
YG63-USA-07-2013,YG63-USA-07-2013-F02N-BMW-740LdX,7 Series F02 LCI,F02N,740LdX,YG63,Sedan,USA,2013-07,2015-05
2G71-EUR-08-2013,2G71-EUR-08-2013-F22-BMW-220d,2 Series F22,F22,220d,2G71,Coupe,EUR,2013-08,2017-06
2G91-EUR-08-2013,2G91-EUR-08-2013-F22-BMW-220dX,2 Series F22,F22,220dX,2G91,Coupe,EUR,2013-08,2017-06
3S52-EUR-08-2013,3S52-EUR-08-2013-F32-BMW-420iX,4 Series F32,F32,420iX,3S52,Coupe,EUR,2013-08,2016-02
4A11-EUR-08-2013,4A11-EUR-08-2013-F36-BMW-420i,4 Series F36 Gran Coupé,F36,420i,4A11,Gran Coupé,EUR,2013-08,2016-12
4A51-EUR-08-2013,4A51-EUR-08-2013-F36-BMW-428i,4 Series F36 Gran Coupé,F36,428i,4A51,Gran Coupé,EUR,2013-08,2016-02
4A71-EUR-08-2013,4A71-EUR-08-2013-F36-BMW-428iX,4 Series F36 Gran Coupé,F36,428iX,4A71,Gran Coupé,EUR,2013-08,2016-02
4B12-EUR-08-2013,4B12-EUR-08-2013-F36-BMW-435i,4 Series F36 Gran Coupé,F36,435i,4B12,Gran Coupé,EUR,2013-08,2016-02
4B71-EUR-08-2013,4B71-EUR-08-2013-F36-BMW-420dX,4 Series F36 Gran Coupé,F36,420dX,4B71,Gran Coupé,EUR,2013-08,2015-02
4D51-EUR-08-2013,4D51-EUR-08-2013-F36-BMW-418d,4 Series F36 Gran Coupé,F36,418d,4D51,Gran Coupé,EUR,2013-08,2015-06
5C77-IND-08-2013,5C77-IND-08-2013-F10N-BMW-525d,5 Series F10 LCI,F10N,525d,5C77,Sedan,IND,2013-08,2014-02
5D19-RUS-08-2013,5D19-RUS-08-2013-F10N-BMW-530d,5 Series F10 LCI,F10N,530d,5D19,Sedan,RUS,2013-08,2013-09
KS62-EUR-08-2013,KS62-EUR-08-2013-F15-BMW-X5_40dX,X5 F15,F15,X5 40dX,KS62,SUV,EUR,2013-08,2018-06
KT01-EUR-08-2013,KT01-EUR-08-2013-F15-BMW-X5_40eX,X5 F15,F15,X5 40eX,KT01,SUV,EUR,2013-08,2018-06
KT02-EUR-08-2013,KT02-EUR-08-2013-F15-BMW-X5_40eX,X5 F15,F15,X5 40eX,KT02,SUV,EUR,2013-08,2018-06
KT03-USA-08-2013,KT03-USA-08-2013-F15-BMW-X5_40eX,X5 F15,F15,X5 40eX,KT03,SUV,USA,2013-08,2018-06
XW32-EUR-08-2013,XW32-EUR-08-2013-F26-BMW-X4_28iX,X4 F26,F26,X4 28iX,XW32,SAC,EUR,2013-08,2018-02
XX52-EUR-08-2013,XX52-EUR-08-2013-F26-BMW-X4_35dX,X4 F26,F26,X4 35dX,XX52,SAC,EUR,2013-08,2018-03
1A14-THA-09-2013,1A14-THA-09-2013-F20-BMW-116i,1 Series F20,F20,116i,1A14,5 doors,THA,2013-09,2015-01
1H32-EUR-09-2013,1H32-EUR-09-2013-F22-BMW-218d,2 Series F22,F22,218d,1H32,Coupe,EUR,2013-09,2015-06
1H72-EUR-09-2013,1H72-EUR-09-2013-F22-BMW-225d,2 Series F22,F22,225d,1H72,Coupe,EUR,2013-09,2015-06
3P52-EUR-09-2013,3P52-EUR-09-2013-F32-BMW-425d,4 Series F32,F32,425d,3P52,Coupe,EUR,2013-09,2016-02
3Y92-EUR-09-2013,3Y92-EUR-09-2013-F34-BMW-330d,3 Series F34 GT,F34,330d,3Y92,Gran Turismo,EUR,2013-09,2016-06
4A12-EUR-09-2013,4A12-EUR-09-2013-F36-BMW-420i,4 Series F36 Gran Coupé,F36,420i,4A12,Gran Coupé,EUR,2013-09,2016-02
4A52-EUR-09-2013,4A52-EUR-09-2013-F36-BMW-428i,4 Series F36 Gran Coupé,F36,428i,4A52,Gran Coupé,EUR,2013-09,2016-02
4B52-EUR-09-2013,4B52-EUR-09-2013-F36-BMW-420d,4 Series F36 Gran Coupé,F36,420d,4B52,Gran Coupé,EUR,2013-09,2015-03
4C72-EUR-09-2013,4C72-EUR-09-2013-F36-BMW-420dX,4 Series F36 Gran Coupé,F36,420dX,4C72,Gran Coupé,EUR,2013-09,2015-02
5A36-IDN-09-2013,5A36-IDN-09-2013-F10N-BMW-520i,5 Series F10 LCI,F10N,520i,5A36,Sedan,IDN,2013-09,2016-10
5A56-IDN-09-2013,5A56-IDN-09-2013-F10N-BMW-528i,5 Series F10 LCI,F10N,528i,5A56,Sedan,IDN,2013-09,2016-05
5B15-EGY-09-2013,5B15-EGY-09-2013-F10N-BMW-535i,5 Series F10 LCI,F10N,535i,5B15,Sedan,EGY,2013-09,2015-12
5C36-IDN-09-2013,5C36-IDN-09-2013-F10N-BMW-520d,5 Series F10 LCI,F10N,520d,5C36,Sedan,IDN,2013-09,2014-06
KU03-USA-09-2013,KU03-USA-09-2013-F16-BMW-X6_35i,X6 F16,F16,X6 35i,KU03,SAC,USA,2013-09,2019-05
KU23-USA-09-2013,KU23-USA-09-2013-F16-BMW-X6_35iX,X6 F16,F16,X6 35iX,KU23,SAC,USA,2013-09,2019-05
KU41-EUR-09-2013,KU41-EUR-09-2013-F16-BMW-X6_50iX_40,X6 F16,F16,X6 50iX 4.0,KU41,SAC,EUR,2013-09,2017-09
KU61-EUR-09-2013,KU61-EUR-09-2013-F16-BMW-X6_50iX_44,X6 F16,F16,X6 50iX 4.4,KU61,SAC,EUR,2013-09,2019-04
KU63-USA-09-2013,KU63-USA-09-2013-F16-BMW-X6_50iX,X6 F16,F16,X6 50iX,KU63,SAC,USA,2013-09,2019-05
KV21-EUR-09-2013,KV21-EUR-09-2013-F16-BMW-X6_30dX,X6 F16,F16,X6 30dX,KV21,SAC,EUR,2013-09,2019-05
KV61-EUR-09-2013,KV61-EUR-09-2013-F16-BMW-X6_M50dX,X6 F16,F16,X6 M50dX,KV61,SAC,EUR,2013-09,2019-05
KV62-EUR-09-2013,KV62-EUR-09-2013-F16-BMW-X6_M50dX,X6 F16,F16,X6 M50dX,KV62,SAC,EUR,2013-09,2019-05
WZ52-EUR-09-2013,WZ52-EUR-09-2013-F25-BMW-X3_20dX,X3 F25,F25,X3 20dX,WZ52,SUV,EUR,2013-09,2017-08
XW12-EUR-09-2013,XW12-EUR-09-2013-F26-BMW-X4_20iX,X4 F26,F26,X4 20iX,XW12,SAC,EUR,2013-09,2018-03
XX12-EUR-09-2013,XX12-EUR-09-2013-F26-BMW-X4_20dX,X4 F26,F26,X4 20dX,XX12,SAC,EUR,2013-09,2018-03
XX32-EUR-09-2013,XX32-EUR-09-2013-F26-BMW-X4_30dX,X4 F26,F26,X4 30dX,XX32,SAC,EUR,2013-09,2018-03
3B54-CHN-10-2013,3B54-CHN-10-2013-F30-BMW-328iX,3 Series F30,F30,328iX,3B54,Sedan,CHN,2013-10,2015-05
3M01-CHN-10-2013,3M01-CHN-10-2013-F35-BMW-316Li,3 Series F35,F35,316Li,3M01,Sedan,CHN,2013-10,2015-07
3S32-EUR-10-2013,3S32-EUR-10-2013-F32-BMW-430dX,4 Series F32,F32,430dX,3S32,Coupe,EUR,2013-10,2017-02
5E31-EUR-10-2013,5E31-EUR-10-2013-F10N-BMW-518d,5 Series F10 LCI,F10N,518d,5E31,Sedan,EUR,2013-10,2016-10
5E51-EUR-10-2013,5E51-EUR-10-2013-F10N-BMW-520d,5 Series F10 LCI,F10N,520d,5E51,Sedan,EUR,2013-10,2016-10
5E71-EUR-10-2013,5E71-EUR-10-2013-F10N-BMW-520dX,5 Series F10 LCI,F10N,520dX,5E71,Sedan,EUR,2013-10,2016-10
5L31-EUR-10-2013,5L31-EUR-10-2013-F11N-BMW-520d,5 Series F11 LCI,F11N,520d,5L31,Touring,EUR,2013-10,2017-02
5L51-EUR-10-2013,5L51-EUR-10-2013-F11N-BMW-520dX,5 Series F11 LCI,F11N,520dX,5L51,Touring,EUR,2013-10,2017-02
KU62-EUR-10-2013,KU62-EUR-10-2013-F16-BMW-X6_50iX_44,X6 F16,F16,X6 50iX 4.4,KU62,SAC,EUR,2013-10,2019-05
KW81-EUR-10-2013,KW81-EUR-10-2013-F86-BMW-X6_M,X6 M F86,F86,X6 M,KW81,SAC,EUR,2013-10,2019-05
KW83-USA-10-2013,KW83-USA-10-2013-F86-BMW-X6_M,X6 M F86,F86,X6 M,KW83,SAC,USA,2013-10,2019-05
1F51-EUR-11-2013,1F51-EUR-11-2013-F22-BMW-228i,2 Series F22,F22,228i,1F51,Coupe,EUR,2013-11,2016-06
1F52-EUR-11-2013,1F52-EUR-11-2013-F22-BMW-228i,2 Series F22,F22,228i,1F52,Coupe,EUR,2013-11,2016-06
2A31-EUR-11-2013,2A31-EUR-11-2013-F45-BMW-218i,2 Series F45 Active Tourer,F45,218i,2A31,Active Tourer,EUR,2013-11,2018-02
2A71-EUR-11-2013,2A71-EUR-11-2013-F45-BMW-225i,2 Series F45 Active Tourer,F45,225i,2A71,Active Tourer,EUR,2013-11,2018-02
2C11-EUR-11-2013,2C11-EUR-11-2013-F45-BMW-218d,2 Series F45 Active Tourer,F45,218d,2C11,Active Tourer,EUR,2013-11,2018-02
3T71-EUR-11-2013,3T71-EUR-11-2013-F33-BMW-435iX,4 Series F33,F33,435iX,3T71,Convertible,EUR,2013-11,2016-02
3T73-USA-11-2013,3T73-USA-11-2013-F33-BMW-435iX,4 Series F33,F33,435iX,3T73,Convertible,USA,2013-11,2016-06
3U31-EUR-11-2013,3U31-EUR-11-2013-F33-BMW-425d,4 Series F33,F33,425d,3U31,Convertible,EUR,2013-11,2016-02
3U51-EUR-11-2013,3U51-EUR-11-2013-F33-BMW-430d,4 Series F33,F33,430d,3U51,Convertible,EUR,2013-11,2017-02
3V11-EUR-11-2013,3V11-EUR-11-2013-F33-BMW-420i,4 Series F33,F33,420i,3V11,Convertible,EUR,2013-11,2016-02
3Z52-EUR-11-2013,3Z52-EUR-11-2013-F34-BMW-330dX,3 Series F34 GT,F34,330dX,3Z52,Gran Turismo,EUR,2013-11,2016-06
4A31-EUR-11-2013,4A31-EUR-11-2013-F36-BMW-420iX,4 Series F36 Gran Coupé,F36,420iX,4A31,Gran Coupé,EUR,2013-11,2016-02
4B31-EUR-11-2013,4B31-EUR-11-2013-F36-BMW-435iX,4 Series F36 Gran Coupé,F36,435iX,4B31,Gran Coupé,EUR,2013-11,2016-02
4B33-USA-11-2013,4B33-USA-11-2013-F36-BMW-435iX,4 Series F36 Gran Coupé,F36,435iX,4B33,Gran Coupé,USA,2013-11,2016-06
4C11-EUR-11-2013,4C11-EUR-11-2013-F36-BMW-430d,4 Series F36 Gran Coupé,F36,430d,4C11,Gran Coupé,EUR,2013-11,2017-02
4C31-EUR-11-2013,4C31-EUR-11-2013-F36-BMW-430dX,4 Series F36 Gran Coupé,F36,430dX,4C31,Gran Coupé,EUR,2013-11,2017-02
4G11-EUR-11-2013,4G11-EUR-11-2013-F36-BMW-435dX,4 Series F36 Gran Coupé,F36,435dX,4G11,Gran Coupé,EUR,2013-11,2017-02
4T11-EUR-11-2013,4T11-EUR-11-2013-F33-BMW-435dX,4 Series F33,F33,435dX,4T11,Convertible,EUR,2013-11,2017-02
6B33-USA-11-2013,6B33-USA-11-2013-F06-BMW-BMW_ALPINA_B6,6 Series F06 Gran Coupé,F06,BMW ALPINA B6,6B33,Gran Coupé,USA,2013-11,2015-02
8Z33-USA-11-2013,8Z33-USA-11-2013-F34-BMW-328i,3 Series F34 GT,F34,328i,8Z33,Gran Turismo,USA,2013-11,2015-04
8Z53-USA-11-2013,8Z53-USA-11-2013-F34-BMW-328iX,3 Series F34 GT,F34,328iX,8Z53,Gran Turismo,USA,2013-11,2016-06
KW82-EUR-11-2013,KW82-EUR-11-2013-F86-BMW-X6_M,X6 M F86,F86,X6 M,KW82,SAC,EUR,2013-11,2019-05
2A32-EUR-12-2013,2A32-EUR-12-2013-F45-BMW-218i,2 Series F45 Active Tourer,F45,218i,2A32,Active Tourer,EUR,2013-12,2018-02
3U52-EUR-12-2013,3U52-EUR-12-2013-F33-BMW-430d,4 Series F33,F33,430d,3U52,Convertible,EUR,2013-12,2017-02
3Y37-IND-12-2013,3Y37-IND-12-2013-F34-BMW-320d,3 Series F34 GT,F34,320d,3Y37,Gran Turismo,IND,2013-12,2015-06
5E32-EUR-12-2013,5E32-EUR-12-2013-F10N-BMW-518d,5 Series F10 LCI,F10N,518d,5E32,Sedan,EUR,2013-12,2016-10
WY92-EUR-12-2013,WY92-EUR-12-2013-F25-BMW-X3_20i,X3 F25,F25,X3 20i,WY92,SUV,EUR,2013-12,2017-06
2C12-EUR-01-2014,2C12-EUR-01-2014-F45-BMW-218d,2 Series F45 Active Tourer,F45,218d,2C12,Active Tourer,EUR,2014-01,2018-02
3C39-RUS-01-2014,3C39-RUS-01-2014-F30-BMW-320iX,3 Series F30,F30,320iX,3C39,Sedan,RUS,2014-01,2015-04
3Y34-THA-01-2014,3Y34-THA-01-2014-F34-BMW-320d,3 Series F34 GT,F34,320d,3Y34,Gran Turismo,THA,2014-01,2015-06
4A32-EUR-01-2014,4A32-EUR-01-2014-F36-BMW-420iX,4 Series F36 Gran Coupé,F36,420iX,4A32,Gran Coupé,EUR,2014-01,2016-02
5L11-EUR-01-2014,5L11-EUR-01-2014-F11N-BMW-518d,5 Series F11 LCI,F11N,518d,5L11,Touring,EUR,2014-01,2017-02
5L32-EUR-01-2014,5L32-EUR-01-2014-F11N-BMW-520d,5 Series F11 LCI,F11N,520d,5L32,Touring,EUR,2014-01,2017-02
KU21-EUR-01-2014,KU21-EUR-01-2014-F16-BMW-X6_35iX,X6 F16,F16,X6 35iX,KU21,SAC,EUR,2014-01,2019-05
KU22-EUR-01-2014,KU22-EUR-01-2014-F16-BMW-X6_35iX,X6 F16,F16,X6 35iX,KU22,SAC,EUR,2014-01,2019-05
KV22-EUR-01-2014,KV22-EUR-01-2014-F16-BMW-X6_30dX,X6 F16,F16,X6 30dX,KV22,SAC,EUR,2014-01,2019-04
KV41-EUR-01-2014,KV41-EUR-01-2014-F16-BMW-X6_40dX,X6 F16,F16,X6 40dX,KV41,SAC,EUR,2014-01,2019-05
KV42-EUR-01-2014,KV42-EUR-01-2014-F16-BMW-X6_40dX,X6 F16,F16,X6 40dX,KV42,SAC,EUR,2014-01,2019-05
2A72-EUR-02-2014,2A72-EUR-02-2014-F45-BMW-225i,2 Series F45 Active Tourer,F45,225i,2A72,Active Tourer,EUR,2014-02,2016-11
3U32-EUR-02-2014,3U32-EUR-02-2014-F33-BMW-425d,4 Series F33,F33,425d,3U32,Convertible,EUR,2014-02,2016-02
3V12-EUR-02-2014,3V12-EUR-02-2014-F33-BMW-420i,4 Series F33,F33,420i,3V12,Convertible,EUR,2014-02,2016-02
3X38-MYS-02-2014,3X38-MYS-02-2014-F34-BMW-328i,3 Series F34 GT,F34,328i,3X38,Gran Turismo,MYS,2014-02,2016-04
3Y38-MYS-02-2014,3Y38-MYS-02-2014-F34-BMW-320d,3 Series F34 GT,F34,320d,3Y38,Gran Turismo,MYS,2014-02,2015-03
3Z92-EUR-02-2014,3Z92-EUR-02-2014-F34-BMW-335dX,3 Series F34 GT,F34,335dX,3Z92,Gran Turismo,EUR,2014-02,2016-06
4T12-EUR-02-2014,4T12-EUR-02-2014-F33-BMW-435dX,4 Series F33,F33,435dX,4T12,Convertible,EUR,2014-02,2017-02
KS47-IND-02-2014,KS47-IND-02-2014-F15-BMW-X5_30dX,X5 F15,F15,X5 30dX,KS47,SUV,IND,2014-02,2018-06
KS49-RUS-02-2014,KS49-RUS-02-2014-F15-BMW-X5_30dX,X5 F15,F15,X5 30dX,KS49,SUV,RUS,2014-02,2018-06
1M13-USA-03-2014,1M13-USA-03-2014-F23-BMW-M235i,2 Series F23,F23,M235i,1M13,Convertible,USA,2014-03,2016-06
2A51-EUR-03-2014,2A51-EUR-03-2014-F45-BMW-220i,2 Series F45 Active Tourer,F45,220i,2A51,Active Tourer,EUR,2014-03,2018-02
2A91-EUR-03-2014,2A91-EUR-03-2014-F45-BMW-225iX,2 Series F45 Active Tourer,F45,225iX,2A91,Active Tourer,EUR,2014-03,2018-02
2A92-EUR-03-2014,2A92-EUR-03-2014-F45-BMW-225iX,2 Series F45 Active Tourer,F45,225iX,2A92,Active Tourer,EUR,2014-03,2018-01
2B31-EUR-03-2014,2B31-EUR-03-2014-F45-BMW-216d,2 Series F45 Active Tourer,F45,216d,2B31,Active Tourer,EUR,2014-03,2018-02
2C31-EUR-03-2014,2C31-EUR-03-2014-F45-BMW-220d,2 Series F45 Active Tourer,F45,220d,2C31,Active Tourer,EUR,2014-03,2018-02
2C51-EUR-03-2014,2C51-EUR-03-2014-F45-BMW-220dX,2 Series F45 Active Tourer,F45,220dX,2C51,Active Tourer,EUR,2014-03,2018-02
2L71-EUR-03-2014,2L71-EUR-03-2014-F23-BMW-220d,2 Series F23,F23,220d,2L71,Convertible,EUR,2014-03,2017-06
4C12-EUR-03-2014,4C12-EUR-03-2014-F36-BMW-430d,4 Series F36 Gran Coupé,F36,430d,4C12,Gran Coupé,EUR,2014-03,2017-02
5E52-EUR-03-2014,5E52-EUR-03-2014-F10N-BMW-520d,5 Series F10 LCI,F10N,520d,5E52,Sedan,EUR,2014-03,2016-10
5L12-EUR-03-2014,5L12-EUR-03-2014-F11N-BMW-518d,5 Series F11 LCI,F11N,518d,5L12,Touring,EUR,2014-03,2017-02
KS44-THA-03-2014,KS44-THA-03-2014-F15-BMW-X5_30dX,X5 F15,F15,X5 30dX,KS44,SUV,THA,2014-03,2015-08
KS48-MYS-03-2014,KS48-MYS-03-2014-F15-BMW-X5_30dX,X5 F15,F15,X5 30dX,KS48,SUV,MYS,2014-03,2015-02
1K51-EUR-04-2014,1K51-EUR-04-2014-F23-BMW-228i,2 Series F23,F23,228i,1K51,Convertible,EUR,2014-04,2016-06
1K53-USA-04-2014,1K53-USA-04-2014-F23-BMW-228i,2 Series F23,F23,228i,1K53,Convertible,USA,2014-04,2015-06
1K73-USA-04-2014,1K73-USA-04-2014-F23-BMW-228iX,2 Series F23,F23,228iX,1K73,Convertible,USA,2014-04,2015-06
1L71-EUR-04-2014,1L71-EUR-04-2014-F23-BMW-220i,2 Series F23,F23,220i,1L71,Convertible,EUR,2014-04,2016-06
1M11-EUR-04-2014,1M11-EUR-04-2014-F23-BMW-M235i,2 Series F23,F23,M235i,1M11,Convertible,EUR,2014-04,2016-06
2A52-EUR-04-2014,2A52-EUR-04-2014-F45-BMW-220i,2 Series F45 Active Tourer,F45,220i,2A52,Active Tourer,EUR,2014-04,2018-02
2B32-EUR-04-2014,2B32-EUR-04-2014-F45-BMW-216d,2 Series F45 Active Tourer,F45,216d,2B32,Active Tourer,EUR,2014-04,2018-02
2C32-EUR-04-2014,2C32-EUR-04-2014-F45-BMW-220d,2 Series F45 Active Tourer,F45,220d,2C32,Active Tourer,EUR,2014-04,2018-02
2C52-EUR-04-2014,2C52-EUR-04-2014-F45-BMW-220dX,2 Series F45 Active Tourer,F45,220dX,2C52,Active Tourer,EUR,2014-04,2018-02
KR08-MYS-04-2014,KR08-MYS-04-2014-F15-BMW-X5_35iX,X5 F15,F15,X5 35iX,KR08,SUV,MYS,2014-04,2015-12
KR09-RUS-04-2014,KR09-RUS-04-2014-F15-BMW-X5_35iX,X5 F15,F15,X5 35iX,KR09,SUV,RUS,2014-04,2018-04
KS04-THA-04-2014,KS04-THA-04-2014-F15-BMW-X5_25d,X5 F15,F15,X5 25d,KS04,SUV,THA,2014-04,2015-06
KS69-RUS-04-2014,KS69-RUS-04-2014-F15-BMW-X5_40dX,X5 F15,F15,X5 40dX,KS69,SUV,RUS,2014-04,2018-06
KT29-RUS-04-2014,KT29-RUS-04-2014-F15-BMW-X5_25dX,X5 F15,F15,X5 25dX,KT29,SUV,RUS,2014-04,2018-06
WZ54-THA-04-2014,WZ54-THA-04-2014-F25-BMW-X3_20dX,X3 F25,F25,X3 20dX,WZ54,SUV,THA,2014-04,2017-06
WZ56-IDN-04-2014,WZ56-IDN-04-2014-F25-BMW-X3_20dX,X3 F25,F25,X3 20dX,WZ56,SUV,IDN,2014-04,2016-05
WZ58-MYS-04-2014,WZ58-MYS-04-2014-F25-BMW-X3_20dX,X3 F25,F25,X3 20dX,WZ58,SUV,MYS,2014-04,2016-02
WZ59-RUS-04-2014,WZ59-RUS-04-2014-F25-BMW-X3_20dX,X3 F25,F25,X3 20dX,WZ59,SUV,RUS,2014-04,2017-06
1L72-EUR-05-2014,1L72-EUR-05-2014-F23-BMW-220i,2 Series F23,F23,220i,1L72,Convertible,EUR,2014-05,2016-06
1M12-EUR-05-2014,1M12-EUR-05-2014-F23-BMW-M235i,2 Series F23,F23,M235i,1M12,Convertible,EUR,2014-05,2016-06
1P51-EUR-05-2014,1P51-EUR-05-2014-F21N-BMW-118i,1 Series F21 LCI,F21N,118i,1P51,3 doors,EUR,2014-05,2019-06
1R51-EUR-05-2014,1R51-EUR-05-2014-F20N-BMW-118i,1 Series F20 LCI,F20N,118i,1R51,5 doors,EUR,2014-05,2019-06
1T11-EUR-05-2014,1T11-EUR-05-2014-F20N-BMW-120dX,1 Series F20 LCI,F20N,120dX,1T11,5 doors,EUR,2014-05,2019-06
1T31-EUR-05-2014,1T31-EUR-05-2014-F20N-BMW-125d,1 Series F20 LCI,F20N,125d,1T31,5 doors,EUR,2014-05,2019-05
1U91-EUR-05-2014,1U91-EUR-05-2014-F20N-BMW-125i,1 Series F20 LCI,F20N,125i,1U91,5 doors,EUR,2014-05,2016-06
1V71-EUR-05-2014,1V71-EUR-05-2014-F20N-BMW-116d,1 Series F20 LCI,F20N,116d,1V71,5 doors,EUR,2014-05,2019-06
1Y51-EUR-05-2014,1Y51-EUR-05-2014-F21N-BMW-118dX,1 Series F21 LCI,F21N,118dX,1Y51,3 doors,EUR,2014-05,2019-05
2G72-EUR-05-2014,2G72-EUR-05-2014-F22-BMW-220d,2 Series F22,F22,220d,2G72,Coupe,EUR,2014-05,2017-06
3A50-BRA-05-2014,3A50-BRA-05-2014-F30-BMW-328i,3 Series F30,F30,328i,3A50,Sedan,BRA,2014-05,2015-06
3B10-BRA-05-2014,3B10-BRA-05-2014-F30-BMW-320i,3 Series F30,F30,320i,3B10,Sedan,BRA,2014-05,2016-01
3W31-EUR-05-2014,3W31-EUR-05-2014-F30-BMW-316d,3 Series F30,F30,316d,3W31,Sedan,EUR,2014-05,2015-06
4D11-EUR-05-2014,4D11-EUR-05-2014-F36-BMW-418i,4 Series F36 Gran Coupé,F36,418i,4D11,Gran Coupé,EUR,2014-05,2017-02
4F11-EUR-05-2014,4F11-EUR-05-2014-F36-BMW-420dX,4 Series F36 Gran Coupé,F36,420dX,4F11,Gran Coupé,EUR,2014-05,2017-02
4P51-EUR-05-2014,4P51-EUR-05-2014-F32-BMW-418d,4 Series F32,F32,418d,4P51,Coupe,EUR,2014-05,2017-02
4P71-EUR-05-2014,4P71-EUR-05-2014-F32-BMW-420d,4 Series F32,F32,420d,4P71,Coupe,EUR,2014-05,2017-02
4P91-EUR-05-2014,4P91-EUR-05-2014-F32-BMW-420dX,4 Series F32,F32,420dX,4P91,Coupe,EUR,2014-05,2017-02
6E21-EUR-05-2014,6E21-EUR-05-2014-F06N-BMW-640d,6 Series F06 Gran Coupé LCI,F06N,640d,6E21,Gran Coupé,EUR,2014-05,2018-05
6E41-EUR-05-2014,6E41-EUR-05-2014-F06N-BMW-640dX,6 Series F06 Gran Coupé LCI,F06N,640dX,6E41,Gran Coupé,EUR,2014-05,2018-05
6F71-EUR-05-2014,6F71-EUR-05-2014-F12N-BMW-650iX_44,6 Series F12 LCI,F12N,650iX 4.4,6F71,Convertible,EUR,2014-05,2018-05
6G11-EUR-05-2014,6G11-EUR-05-2014-F12N-BMW-640d,6 Series F12 LCI,F12N,640d,6G11,Convertible,EUR,2014-05,2018-05
6G31-EUR-05-2014,6G31-EUR-05-2014-F12N-BMW-640dX,6 Series F12 LCI,F12N,640dX,6G31,Convertible,EUR,2014-05,2018-05
6G93-USA-05-2014,6G93-USA-05-2014-F12N-BMW-M6,6 Series F12 LCI,F12N,M6,6G93,Convertible,USA,2014-05,2018-05
6H13-USA-05-2014,6H13-USA-05-2014-F13N-BMW-640i,6 Series F13 LCI,F13N,640i,6H13,Coupe,USA,2014-05,2017-02
6H31-EUR-05-2014,6H31-EUR-05-2014-F13N-BMW-640iX,6 Series F13 LCI,F13N,640iX,6H31,Coupe,EUR,2014-05,2017-10
6J11-EUR-05-2014,6J11-EUR-05-2014-F13N-BMW-640d,6 Series F13 LCI,F13N,640d,6J11,Coupe,EUR,2014-05,2017-10
8L51-EUR-05-2014,8L51-EUR-05-2014-F31-BMW-316d,3 Series F31,F31,316d,8L51,Touring,EUR,2014-05,2015-06
8L52-EUR-05-2014,8L52-EUR-05-2014-F31-BMW-316d,3 Series F31,F31,316d,8L52,Touring,EUR,2014-05,2015-06
KR06-IDN-05-2014,KR06-IDN-05-2014-F15-BMW-X5_35iX,X5 F15,F15,X5 35iX,KR06,SUV,IDN,2014-05,2018-06
WZ57-IND-05-2014,WZ57-IND-05-2014-F25-BMW-X3_20dX,X3 F25,F25,X3 20dX,WZ57,SUV,IND,2014-05,2017-06
1K52-EUR-06-2014,1K52-EUR-06-2014-F23-BMW-228i,2 Series F23,F23,228i,1K52,Convertible,EUR,2014-06,2016-06
1M31-EUR-06-2014,1M31-EUR-06-2014-F23-BMW-218i,2 Series F23,F23,218i,1M31,Convertible,EUR,2014-06,2017-06
1R52-EUR-06-2014,1R52-EUR-06-2014-F20N-BMW-118i,1 Series F20 LCI,F20N,118i,1R52,5 doors,EUR,2014-06,2019-06
1S51-EUR-06-2014,1S51-EUR-06-2014-F20N-BMW-118d,1 Series F20 LCI,F20N,118d,1S51,5 doors,EUR,2014-06,2019-06
1S71-EUR-06-2014,1S71-EUR-06-2014-F20N-BMW-120d,1 Series F20 LCI,F20N,120d,1S71,5 doors,EUR,2014-06,2019-06
1U51-EUR-06-2014,1U51-EUR-06-2014-F20N-BMW-118dX,1 Series F20 LCI,F20N,118dX,1U51,5 doors,EUR,2014-06,2019-05
1U71-EUR-06-2014,1U71-EUR-06-2014-F20N-BMW-120i,1 Series F20 LCI,F20N,120i,1U71,5 doors,EUR,2014-06,2016-06
1U72-EUR-06-2014,1U72-EUR-06-2014-F20N-BMW-120i,1 Series F20 LCI,F20N,120i,1U72,5 doors,EUR,2014-06,2016-06
1U92-EUR-06-2014,1U92-EUR-06-2014-F20N-BMW-125i,1 Series F20 LCI,F20N,125i,1U92,5 doors,EUR,2014-06,2016-06
1V11-EUR-06-2014,1V11-EUR-06-2014-F20N-BMW-M135i,1 Series F20 LCI,F20N,M135i,1V11,5 doors,EUR,2014-06,2016-06
1W51-EUR-06-2014,1W51-EUR-06-2014-F21N-BMW-118d,1 Series F21 LCI,F21N,118d,1W51,3 doors,EUR,2014-06,2019-06
1W71-EUR-06-2014,1W71-EUR-06-2014-F21N-BMW-120d,1 Series F21 LCI,F21N,120d,1W71,3 doors,EUR,2014-06,2019-06
1X11-EUR-06-2014,1X11-EUR-06-2014-F21N-BMW-120dX,1 Series F21 LCI,F21N,120dX,1X11,3 doors,EUR,2014-06,2019-06
1X31-EUR-06-2014,1X31-EUR-06-2014-F21N-BMW-125d,1 Series F21 LCI,F21N,125d,1X31,3 doors,EUR,2014-06,2019-05
1Y11-EUR-06-2014,1Y11-EUR-06-2014-F21N-BMW-120i,1 Series F21 LCI,F21N,120i,1Y11,3 doors,EUR,2014-06,2016-06
1Y91-EUR-06-2014,1Y91-EUR-06-2014-F21N-BMW-M135iX,1 Series F21 LCI,F21N,M135iX,1Y91,3 doors,EUR,2014-06,2016-06
2F11-EUR-06-2014,2F11-EUR-06-2014-F22-BMW-218i,2 Series F22,F22,218i,2F11,Coupe,EUR,2014-06,2017-06
2G92-EUR-06-2014,2G92-EUR-06-2014-F22-BMW-220dX,2 Series F22,F22,220dX,2G92,Coupe,EUR,2014-06,2017-06
2L72-EUR-06-2014,2L72-EUR-06-2014-F23-BMW-220d,2 Series F23,F23,220d,2L72,Convertible,EUR,2014-06,2017-06
4C32-EUR-06-2014,4C32-EUR-06-2014-F36-BMW-430dX,4 Series F36 Gran Coupé,F36,430dX,4C32,Gran Coupé,EUR,2014-06,2017-02
4E91-EUR-06-2014,4E91-EUR-06-2014-F36-BMW-420d,4 Series F36 Gran Coupé,F36,420d,4E91,Gran Coupé,EUR,2014-06,2017-02
4G12-EUR-06-2014,4G12-EUR-06-2014-F36-BMW-435dX,4 Series F36 Gran Coupé,F36,435dX,4G12,Gran Coupé,EUR,2014-06,2017-02
6D03-USA-06-2014,6D03-USA-06-2014-F06N-BMW-640i,6 Series F06 Gran Coupé LCI,F06N,640i,6D03,Gran Coupé,USA,2014-06,2018-09
6D21-EUR-06-2014,6D21-EUR-06-2014-F06N-BMW-640iX,6 Series F06 Gran Coupé LCI,F06N,640iX,6D21,Gran Coupé,EUR,2014-06,2018-07
6D41-EUR-06-2014,6D41-EUR-06-2014-F06N-BMW-650i,6 Series F06 Gran Coupé LCI,F06N,650i,6D41,Gran Coupé,EUR,2014-06,2018-09
6F51-EUR-06-2014,6F51-EUR-06-2014-F12N-BMW-650i,6 Series F12 LCI,F12N,650i,6F51,Convertible,EUR,2014-06,2018-05
6F73-USA-06-2014,6F73-USA-06-2014-F12N-BMW-650iX,6 Series F12 LCI,F12N,650iX,6F73,Convertible,USA,2014-06,2018-05
6H11-EUR-06-2014,6H11-EUR-06-2014-F13N-BMW-640i,6 Series F13 LCI,F13N,640i,6H11,Coupe,EUR,2014-06,2017-10
6H71-EUR-06-2014,6H71-EUR-06-2014-F13N-BMW-650iX_44,6 Series F13 LCI,F13N,650iX 4.4,6H71,Coupe,EUR,2014-06,2017-10
6J91-EUR-06-2014,6J91-EUR-06-2014-F13N-BMW-M6,6 Series F13 LCI,F13N,M6,6J91,Coupe,EUR,2014-06,2017-10
6J93-USA-06-2014,6J93-USA-06-2014-F13N-BMW-M6,6 Series F13 LCI,F13N,M6,6J93,Coupe,USA,2014-06,2017-08
1P52-EUR-07-2014,1P52-EUR-07-2014-F21N-BMW-118i,1 Series F21 LCI,F21N,118i,1P52,3 doors,EUR,2014-07,2019-06
1S52-EUR-07-2014,1S52-EUR-07-2014-F20N-BMW-118d,1 Series F20 LCI,F20N,118d,1S52,5 doors,EUR,2014-07,2019-06
1V31-EUR-07-2014,1V31-EUR-07-2014-F20N-BMW-M135iX,1 Series F20 LCI,F20N,M135iX,1V31,5 doors,EUR,2014-07,2016-06
1V51-EUR-07-2014,1V51-EUR-07-2014-F20N-BMW-114d,1 Series F20 LCI,F20N,114d,1V51,5 doors,EUR,2014-07,2019-06
1V72-EUR-07-2014,1V72-EUR-07-2014-F20N-BMW-116d,1 Series F20 LCI,F20N,116d,1V72,5 doors,EUR,2014-07,2019-06
1V91-EUR-07-2014,1V91-EUR-07-2014-F20N-BMW-116d_ed,1 Series F20 LCI,F20N,116d ed,1V91,5 doors,EUR,2014-07,2017-06
1Y71-EUR-07-2014,1Y71-EUR-07-2014-F21N-BMW-M135i,1 Series F21 LCI,F21N,M135i,1Y71,3 doors,EUR,2014-07,2016-06
2B11-EUR-07-2014,2B11-EUR-07-2014-F45-BMW-214d,2 Series F45 Active Tourer,F45,214d,2B11,Active Tourer,EUR,2014-07,2018-02
2B12-EUR-07-2014,2B12-EUR-07-2014-F45-BMW-214d,2 Series F45 Active Tourer,F45,214d,2B12,Active Tourer,EUR,2014-07,2017-04
2D31-EUR-07-2014,2D31-EUR-07-2014-F46-BMW-218i,2 Series F46 Gran Tourer,F46,218i,2D31,Gran Tourer,EUR,2014-07,2018-03
2D51-EUR-07-2014,2D51-EUR-07-2014-F46-BMW-220i,2 Series F46 Gran Tourer,F46,220i,2D51,Gran Tourer,EUR,2014-07,2018-03
2D52-EUR-07-2014,2D52-EUR-07-2014-F46-BMW-220i,2 Series F46 Gran Tourer,F46,220i,2D52,Gran Tourer,EUR,2014-07,2018-03
2D71-EUR-07-2014,2D71-EUR-07-2014-F46-BMW-220dX,2 Series F46 Gran Tourer,F46,220dX,2D71,Gran Tourer,EUR,2014-07,2018-03
2D72-EUR-07-2014,2D72-EUR-07-2014-F46-BMW-220dX,2 Series F46 Gran Tourer,F46,220dX,2D72,Gran Tourer,EUR,2014-07,2018-03
2E51-EUR-07-2014,2E51-EUR-07-2014-F46-BMW-218d,2 Series F46 Gran Tourer,F46,218d,2E51,Gran Tourer,EUR,2014-07,2018-03
2P51-EUR-07-2014,2P51-EUR-07-2014-F21N-BMW-116d_ed,1 Series F21 LCI,F21N,116d ed,2P51,3 doors,EUR,2014-07,2017-06
2P71-EUR-07-2014,2P71-EUR-07-2014-F21N-BMW-116i,1 Series F21 LCI,F21N,116i,2P71,3 doors,EUR,2014-07,2019-06
2R11-EUR-07-2014,2R11-EUR-07-2014-F20N-BMW-116i,1 Series F20 LCI,F20N,116i,2R11,5 doors,EUR,2014-07,2019-06
3W32-EUR-07-2014,3W32-EUR-07-2014-F30-BMW-316d,3 Series F30,F30,316d,3W32,Sedan,EUR,2014-07,2015-06
4E92-EUR-07-2014,4E92-EUR-07-2014-F36-BMW-420d,4 Series F36 Gran Coupé,F36,420d,4E92,Gran Coupé,EUR,2014-07,2017-02
4P92-EUR-07-2014,4P92-EUR-07-2014-F32-BMW-420dX,4 Series F32,F32,420dX,4P92,Coupe,EUR,2014-07,2017-02
5E54-THA-07-2014,5E54-THA-07-2014-F10N-BMW-520d,5 Series F10 LCI,F10N,520d,5E54,Sedan,THA,2014-07,2016-08
5E57-IND-07-2014,5E57-IND-07-2014-F10N-BMW-520d,5 Series F10 LCI,F10N,520d,5E57,Sedan,IND,2014-07,2016-10
5E59-RUS-07-2014,5E59-RUS-07-2014-F10N-BMW-520d,5 Series F10 LCI,F10N,520d,5E59,Sedan,RUS,2014-07,2016-10
6D02-EUR-07-2014,6D02-EUR-07-2014-F06N-BMW-640i,6 Series F06 Gran Coupé LCI,F06N,640i,6D02,Gran Coupé,EUR,2014-07,2018-09
6E22-EUR-07-2014,6E22-EUR-07-2014-F06N-BMW-640d,6 Series F06 Gran Coupé LCI,F06N,640d,6E22,Gran Coupé,EUR,2014-07,2018-06
6F11-EUR-07-2014,6F11-EUR-07-2014-F12N-BMW-640i,6 Series F12 LCI,F12N,640i,6F11,Convertible,EUR,2014-07,2018-05
6F12-EUR-07-2014,6F12-EUR-07-2014-F12N-BMW-640i,6 Series F12 LCI,F12N,640i,6F12,Convertible,EUR,2014-07,2018-05
6F31-EUR-07-2014,6F31-EUR-07-2014-F12N-BMW-640iX,6 Series F12 LCI,F12N,640iX,6F31,Convertible,EUR,2014-07,2018-05
6H51-EUR-07-2014,6H51-EUR-07-2014-F13N-BMW-650i,6 Series F13 LCI,F13N,650i,6H51,Coupe,EUR,2014-07,2017-10
6H91-EUR-07-2014,6H91-EUR-07-2014-F13N-BMW-650iX_40,6 Series F13 LCI,F13N,650iX 4.0,6H91,Coupe,EUR,2014-07,2017-06
VL90-BRA-07-2014,VL90-BRA-07-2014-E84-BMW-X1_20i,X1 E84,E84,X1 20i,VL90,SUV,BRA,2014-07,2015-03
1M32-EUR-08-2014,1M32-EUR-08-2014-F23-BMW-218i,2 Series F23,F23,218i,1M32,Convertible,EUR,2014-08,2017-06
1T12-EUR-08-2014,1T12-EUR-08-2014-F20N-BMW-120dX,1 Series F20 LCI,F20N,120dX,1T12,5 doors,EUR,2014-08,2019-05
1W52-EUR-08-2014,1W52-EUR-08-2014-F21N-BMW-118d,1 Series F21 LCI,F21N,118d,1W52,3 doors,EUR,2014-08,2019-05
2D32-EUR-08-2014,2D32-EUR-08-2014-F46-BMW-218i,2 Series F46 Gran Tourer,F46,218i,2D32,Gran Tourer,EUR,2014-08,2018-03
2E31-EUR-08-2014,2E31-EUR-08-2014-F46-BMW-216d,2 Series F46 Gran Tourer,F46,216d,2E31,Gran Tourer,EUR,2014-08,2018-03
2E52-EUR-08-2014,2E52-EUR-08-2014-F46-BMW-218d,2 Series F46 Gran Tourer,F46,218d,2E52,Gran Tourer,EUR,2014-08,2018-03
2F12-EUR-08-2014,2F12-EUR-08-2014-F22-BMW-218i,2 Series F22,F22,218i,2F12,Coupe,EUR,2014-08,2017-06
2P31-EUR-08-2014,2P31-EUR-08-2014-F21N-BMW-116d,1 Series F21 LCI,F21N,116d,2P31,3 doors,EUR,2014-08,2019-05
2R31-EUR-08-2014,2R31-EUR-08-2014-F20N-BMW-118i,1 Series F20 LCI,F20N,118i,2R31,5 doors,EUR,2014-08,2015-06
4P72-EUR-08-2014,4P72-EUR-08-2014-F32-BMW-420d,4 Series F32,F32,420d,4P72,Coupe,EUR,2014-08,2017-02
1S72-EUR-09-2014,1S72-EUR-09-2014-F20N-BMW-120d,1 Series F20 LCI,F20N,120d,1S72,5 doors,EUR,2014-09,2019-06
1V12-EUR-09-2014,1V12-EUR-09-2014-F20N-BMW-M135i,1 Series F20 LCI,F20N,M135i,1V12,5 doors,EUR,2014-09,2016-06
1W72-EUR-09-2014,1W72-EUR-09-2014-F21N-BMW-120d,1 Series F21 LCI,F21N,120d,1W72,3 doors,EUR,2014-09,2019-05
1X32-EUR-09-2014,1X32-EUR-09-2014-F21N-BMW-125d,1 Series F21 LCI,F21N,125d,1X32,3 doors,EUR,2014-09,2019-02
1Y31-EUR-09-2014,1Y31-EUR-09-2014-F21N-BMW-125i,1 Series F21 LCI,F21N,125i,1Y31,3 doors,EUR,2014-09,2016-06
2D91-EUR-09-2014,2D91-EUR-09-2014-F46-BMW-216i,2 Series F46 Gran Tourer,F46,216i,2D91,Gran Tourer,EUR,2014-09,2018-03
2E32-EUR-09-2014,2E32-EUR-09-2014-F46-BMW-216d,2 Series F46 Gran Tourer,F46,216d,2E32,Gran Tourer,EUR,2014-09,2018-03
2E71-EUR-09-2014,2E71-EUR-09-2014-F46-BMW-220d,2 Series F46 Gran Tourer,F46,220d,2E71,Gran Tourer,EUR,2014-09,2018-03
2R12-EUR-09-2014,2R12-EUR-09-2014-F20N-BMW-116i,1 Series F20 LCI,F20N,116i,2R12,5 doors,EUR,2014-09,2019-04
5E56-IDN-09-2014,5E56-IDN-09-2014-F10N-BMW-520d,5 Series F10 LCI,F10N,520d,5E56,Sedan,IDN,2014-09,2015-09
5E58-MYS-09-2014,5E58-MYS-09-2014-F10N-BMW-520d,5 Series F10 LCI,F10N,520d,5E58,Sedan,MYS,2014-09,2016-04
6D01-EUR-09-2014,6D01-EUR-09-2014-F06N-BMW-640i,6 Series F06 Gran Coupé LCI,F06N,640i,6D01,Gran Coupé,EUR,2014-09,2018-07
6D43-USA-09-2014,6D43-USA-09-2014-F06N-BMW-650i,6 Series F06 Gran Coupé LCI,F06N,650i,6D43,Gran Coupé,USA,2014-09,2018-09
6D61-EUR-09-2014,6D61-EUR-09-2014-F06N-BMW-650iX_44,6 Series F06 Gran Coupé LCI,F06N,650iX 4.4,6D61,Gran Coupé,EUR,2014-09,2018-05
6E91-EUR-09-2014,6E91-EUR-09-2014-F06N-BMW-M6,6 Series F06 Gran Coupé LCI,F06N,M6,6E91,Gran Coupé,EUR,2014-09,2018-06
6F33-USA-09-2014,6F33-USA-09-2014-F12N-BMW-640iX,6 Series F12 LCI,F12N,640iX,6F33,Convertible,USA,2014-09,2018-05
6F52-EUR-09-2014,6F52-EUR-09-2014-F12N-BMW-650i,6 Series F12 LCI,F12N,650i,6F52,Convertible,EUR,2014-09,2018-05
6F53-USA-09-2014,6F53-USA-09-2014-F12N-BMW-650i,6 Series F12 LCI,F12N,650i,6F53,Convertible,USA,2014-09,2018-05
6F91-EUR-09-2014,6F91-EUR-09-2014-F12N-BMW-650iX_40,6 Series F12 LCI,F12N,650iX 4.0,6F91,Convertible,EUR,2014-09,2017-07
6G91-EUR-09-2014,6G91-EUR-09-2014-F12N-BMW-M6,6 Series F12 LCI,F12N,M6,6G91,Convertible,EUR,2014-09,2018-05
6H73-USA-09-2014,6H73-USA-09-2014-F13N-BMW-650iX,6 Series F13 LCI,F13N,650iX,6H73,Coupe,USA,2014-09,2017-08
6J31-EUR-09-2014,6J31-EUR-09-2014-F13N-BMW-640dX,6 Series F13 LCI,F13N,640dX,6J31,Coupe,EUR,2014-09,2017-10
8A11-EUR-09-2014,8A11-EUR-09-2014-F30N-BMW-320i,3 Series F30 LCI,F30N,320i,8A11,Sedan,EUR,2014-09,2018-10
8A51-EUR-09-2014,8A51-EUR-09-2014-F30N-BMW-320iX,3 Series F30 LCI,F30N,320iX,8A51,Sedan,EUR,2014-09,2018-10
8A71-EUR-09-2014,8A71-EUR-09-2014-F30N-BMW-330i,3 Series F30 LCI,F30N,330i,8A71,Sedan,EUR,2014-09,2018-10
8G51-EUR-09-2014,8G51-EUR-09-2014-F31N-BMW-320iX,3 Series F31 LCI,F31N,320iX,8G51,Touring,EUR,2014-09,2019-06
8G71-EUR-09-2014,8G71-EUR-09-2014-F31N-BMW-330i,3 Series F31 LCI,F31N,330i,8G71,Touring,EUR,2014-09,2019-06
8H71-EUR-09-2014,8H71-EUR-09-2014-F31N-BMW-318d,3 Series F31 LCI,F31N,318d,8H71,Touring,EUR,2014-09,2019-06
8J91-EUR-09-2014,8J91-EUR-09-2014-F31N-BMW-320d_ed,3 Series F31 LCI,F31N,320d ed,8J91,Touring,EUR,2014-09,2019-06
1K93-USA-10-2014,1K93-USA-10-2014-F23-BMW-228i,2 Series F23,F23,228i,1K93,Convertible,USA,2014-10,2016-06
1L93-USA-10-2014,1L93-USA-10-2014-F23-BMW-228iX,2 Series F23,F23,228iX,1L93,Convertible,USA,2014-10,2016-06
1M51-EUR-10-2014,1M51-EUR-10-2014-F23-BMW-M235iX,2 Series F23,F23,M235iX,1M51,Convertible,EUR,2014-10,2016-06
1M53-USA-10-2014,1M53-USA-10-2014-F23-BMW-M235iX,2 Series F23,F23,M235iX,1M53,Convertible,USA,2014-10,2016-06
1T32-EUR-10-2014,1T32-EUR-10-2014-F20N-BMW-125d,1 Series F20 LCI,F20N,125d,1T32,5 doors,EUR,2014-10,2019-02
1V92-EUR-10-2014,1V92-EUR-10-2014-F20N-BMW-116d_ed,1 Series F20 LCI,F20N,116d ed,1V92,5 doors,EUR,2014-10,2017-06
1Y12-EUR-10-2014,1Y12-EUR-10-2014-F21N-BMW-120i,1 Series F21 LCI,F21N,120i,1Y12,3 doors,EUR,2014-10,2016-06
2A34-CHN-10-2014,2A34-CHN-10-2014-F45-BMW-218i,2 Series F45 Active Tourer,F45,218i,2A34,Active Tourer,CHN,2014-10,2018-04
2A54-CHN-10-2014,2A54-CHN-10-2014-F45-BMW-220i,2 Series F45 Active Tourer,F45,220i,2A54,Active Tourer,CHN,2014-10,2018-03
2D92-EUR-10-2014,2D92-EUR-10-2014-F46-BMW-216i,2 Series F46 Gran Tourer,F46,216i,2D92,Gran Tourer,EUR,2014-10,2018-03
2E11-EUR-10-2014,2E11-EUR-10-2014-F46-BMW-214d,2 Series F46 Gran Tourer,F46,214d,2E11,Gran Tourer,EUR,2014-10,2018-02
2G51-EUR-10-2014,2G51-EUR-10-2014-F22-BMW-218d,2 Series F22,F22,218d,2G51,Coupe,EUR,2014-10,2017-06
2G52-EUR-10-2014,2G52-EUR-10-2014-F22-BMW-218d,2 Series F22,F22,218d,2G52,Coupe,EUR,2014-10,2017-06
2H11-EUR-10-2014,2H11-EUR-10-2014-F22-BMW-225d,2 Series F22,F22,225d,2H11,Coupe,EUR,2014-10,2017-06
2H12-EUR-10-2014,2H12-EUR-10-2014-F22-BMW-225d,2 Series F22,F22,225d,2H12,Coupe,EUR,2014-10,2017-06
2L51-EUR-10-2014,2L51-EUR-10-2014-F23-BMW-218d,2 Series F23,F23,218d,2L51,Convertible,EUR,2014-10,2017-06
2L91-EUR-10-2014,2L91-EUR-10-2014-F23-BMW-225d,2 Series F23,F23,225d,2L91,Convertible,EUR,2014-10,2017-06
2P91-EUR-10-2014,2P91-EUR-10-2014-F21N-BMW-118i,1 Series F21 LCI,F21N,118i,2P91,3 doors,EUR,2014-10,2015-06
2R51-EUR-10-2014,2R51-EUR-10-2014-F20N-BMW-114d,1 Series F20 LCI,F20N,114d,2R51,5 doors,EUR,2014-10,2015-05
2S11-EUR-10-2014,2S11-EUR-10-2014-F21N-BMW-114d,1 Series F21 LCI,F21N,114d,2S11,3 doors,EUR,2014-10,2015-05
4U31-EUR-10-2014,4U31-EUR-10-2014-F33-BMW-420d,4 Series F33,F33,420d,4U31,Convertible,EUR,2014-10,2017-02
7A21-EUR-10-2014,7A21-EUR-10-2014-G11-BMW-740i,7 Series G11,G11,740i,7A21,Sedan,EUR,2014-10,2019-01
7B01-EUR-10-2014,7B01-EUR-10-2014-G11-BMW-750iX,7 Series G11,G11,750iX,7B01,Sedan,EUR,2014-10,2018-11
7B03-USA-10-2014,7B03-USA-10-2014-G11-BMW-750iX,7 Series G11,G11,750iX,7B03,Sedan,USA,2014-10,2019-02
7C21-EUR-10-2014,7C21-EUR-10-2014-G11-BMW-730d,7 Series G11,G11,730d,7C21,Sedan,EUR,2014-10,2019-02
7C22-EUR-10-2014,7C22-EUR-10-2014-G11-BMW-730d,7 Series G11,G11,730d,7C22,Sedan,EUR,2014-10,2019-02
7C41-EUR-10-2014,7C41-EUR-10-2014-G11-BMW-730dX,7 Series G11,G11,730dX,7C41,Sedan,EUR,2014-10,2019-02
7E21-EUR-10-2014,7E21-EUR-10-2014-G12-BMW-740Li,7 Series G12,G12,740Li,7E21,Sedan,EUR,2014-10,2019-02
7E23-USA-10-2014,7E23-USA-10-2014-G12-BMW-740i,7 Series G12,G12,740i,7E23,Sedan,USA,2014-10,2019-02
7F21-EUR-10-2014,7F21-EUR-10-2014-G12-BMW-750LiX_44,7 Series G12,G12,750LiX 4.4,7F21,Sedan,EUR,2014-10,2019-02
7F23-USA-10-2014,7F23-USA-10-2014-G12-BMW-750iX,7 Series G12,G12,750iX,7F23,Sedan,USA,2014-10,2019-02
7G41-EUR-10-2014,7G41-EUR-10-2014-G12-BMW-730Ld,7 Series G12,G12,730Ld,7G41,Sedan,EUR,2014-10,2019-02
7G42-EUR-10-2014,7G42-EUR-10-2014-G12-BMW-730Ld,7 Series G12,G12,730Ld,7G42,Sedan,EUR,2014-10,2019-02
7G61-EUR-10-2014,7G61-EUR-10-2014-G12-BMW-730LdX,7 Series G12,G12,730LdX,7G61,Sedan,EUR,2014-10,2019-02
7H21-EUR-10-2014,7H21-EUR-10-2014-G12-BMW-750LiX_40,7 Series G12,G12,750LiX 4.0,7H21,Sedan,EUR,2014-10,2018-10
8B11-EUR-10-2014,8B11-EUR-10-2014-F30N-BMW-330iX,3 Series F30 LCI,F30N,330iX,8B11,Sedan,EUR,2014-10,2018-10
8B31-EUR-10-2014,8B31-EUR-10-2014-F30N-BMW-340i,3 Series F30 LCI,F30N,340i,8B31,Sedan,EUR,2014-10,2018-10
8B33-USA-10-2014,8B33-USA-10-2014-F30N-BMW-340i,3 Series F30 LCI,F30N,340i,8B33,Sedan,USA,2014-10,2018-10
8B71-EUR-10-2014,8B71-EUR-10-2014-F30N-BMW-340iX,3 Series F30 LCI,F30N,340iX,8B71,Sedan,EUR,2014-10,2018-10
8B73-USA-10-2014,8B73-USA-10-2014-F30N-BMW-340iX,3 Series F30 LCI,F30N,340iX,8B73,Sedan,USA,2014-10,2018-10
8C31-EUR-10-2014,8C31-EUR-10-2014-F30N-BMW-318d,3 Series F30 LCI,F30N,318d,8C31,Sedan,EUR,2014-10,2018-10
8C51-EUR-10-2014,8C51-EUR-10-2014-F30N-BMW-320d,3 Series F30 LCI,F30N,320d,8C51,Sedan,EUR,2014-10,2018-10
8C91-EUR-10-2014,8C91-EUR-10-2014-F30N-BMW-320dX,3 Series F30 LCI,F30N,320dX,8C91,Sedan,EUR,2014-10,2018-10
8C92-EUR-10-2014,8C92-EUR-10-2014-F30N-BMW-320dX,3 Series F30 LCI,F30N,320dX,8C92,Sedan,EUR,2014-10,2018-10
8E53-USA-10-2014,8E53-USA-10-2014-F30N-BMW-328d,3 Series F30 LCI,F30N,328d,8E53,Sedan,USA,2014-10,2018-10
8E93-USA-10-2014,8E93-USA-10-2014-F30N-BMW-328i,3 Series F30 LCI,F30N,328i,8E93,Sedan,USA,2014-10,2016-06
8G31-EUR-10-2014,8G31-EUR-10-2014-F31N-BMW-320i,3 Series F31 LCI,F31N,320i,8G31,Touring,EUR,2014-10,2019-06
8G91-EUR-10-2014,8G91-EUR-10-2014-F31N-BMW-330iX,3 Series F31 LCI,F31N,330iX,8G91,Touring,EUR,2014-10,2019-06
8H11-EUR-10-2014,8H11-EUR-10-2014-F31N-BMW-340i,3 Series F31 LCI,F31N,340i,8H11,Touring,EUR,2014-10,2019-05
8H31-EUR-10-2014,8H31-EUR-10-2014-F31N-BMW-340iX,3 Series F31 LCI,F31N,340iX,8H31,Touring,EUR,2014-10,2019-06
8H91-EUR-10-2014,8H91-EUR-10-2014-F31N-BMW-320d,3 Series F31 LCI,F31N,320d,8H91,Touring,EUR,2014-10,2019-06
8K71-EUR-10-2014,8K71-EUR-10-2014-F31N-BMW-330d,3 Series F31 LCI,F31N,330d,8K71,Touring,EUR,2014-10,2019-05
8Y51-EUR-10-2014,8Y51-EUR-10-2014-F34-BMW-318d,3 Series F34 GT,F34,318d,8Y51,Gran Turismo,EUR,2014-10,2016-06
8Y71-EUR-10-2014,8Y71-EUR-10-2014-F34-BMW-320d,3 Series F34 GT,F34,320d,8Y71,Gran Turismo,EUR,2014-10,2016-06
8Y91-EUR-10-2014,8Y91-EUR-10-2014-F34-BMW-320dX,3 Series F34 GT,F34,320dX,8Y91,Gran Turismo,EUR,2014-10,2016-06
KT41-EUR-10-2014,KT41-EUR-10-2014-F15-BMW-X5_25d,X5 F15,F15,X5 25d,KT41,SUV,EUR,2014-10,2018-06
KT42-EUR-10-2014,KT42-EUR-10-2014-F15-BMW-X5_25d,X5 F15,F15,X5 25d,KT42,SUV,EUR,2014-10,2018-06
LS01-EUR-10-2014,LS01-EUR-10-2014-F15-BMW-X5_25dX,X5 F15,F15,X5 25dX,LS01,SUV,EUR,2014-10,2018-06
LS21-EUR-10-2014,LS21-EUR-10-2014-F15-BMW-X5_28iX,X5 F15,F15,X5 28iX,LS21,SUV,EUR,2014-10,2018-06
1A50-BRA-11-2014,1A50-BRA-11-2014-F20-BMW-125i,1 Series F20,F20,125i,1A50,5 doors,BRA,2014-11,2015-02
1H91-EUR-11-2014,1H91-EUR-11-2014-F87-BMW-M2,2 Series F87 M2,F87,M2,1H91,Coupe,EUR,2014-11,2017-06
1H92-EUR-11-2014,1H92-EUR-11-2014-F87-BMW-M2,2 Series F87 M2,F87,M2,1H92,Coupe,EUR,2014-11,2017-06
1H93-USA-11-2014,1H93-USA-11-2014-F87-BMW-M2,2 Series F87 M2,F87,M2,1H93,Coupe,USA,2014-11,2017-06
1Y32-EUR-11-2014,1Y32-EUR-11-2014-F21N-BMW-125i,1 Series F21 LCI,F21N,125i,1Y32,3 doors,EUR,2014-11,2016-06
1Y72-EUR-11-2014,1Y72-EUR-11-2014-F21N-BMW-M135i,1 Series F21 LCI,F21N,M135i,1Y72,3 doors,EUR,2014-11,2016-06
2C71-EUR-11-2014,2C71-EUR-11-2014-F45-BMW-225xe,2 Series F45 Active Tourer,F45,225xe,2C71,Active Tourer,EUR,2014-11,2018-02
2C72-EUR-11-2014,2C72-EUR-11-2014-F45-BMW-225xe,2 Series F45 Active Tourer,F45,225xe,2C72,Active Tourer,EUR,2014-11,2018-02
4F12-EUR-11-2014,4F12-EUR-11-2014-F36-BMW-420dX,4 Series F36 Gran Coupé,F36,420dX,4F12,Gran Coupé,EUR,2014-11,2017-02
4P52-EUR-11-2014,4P52-EUR-11-2014-F32-BMW-418d,4 Series F32,F32,418d,4P52,Coupe,EUR,2014-11,2017-02
6D53-USA-11-2014,6D53-USA-11-2014-F06N-BMW-BMW_ALPINA_B6,6 Series F06 Gran Coupé LCI,F06N,BMW ALPINA B6,6D53,Gran Coupé,USA,2014-11,2018-09
6E93-USA-11-2014,6E93-USA-11-2014-F06N-BMW-M6,6 Series F06 Gran Coupé LCI,F06N,M6,6E93,Gran Coupé,USA,2014-11,2018-09
6H53-USA-11-2014,6H53-USA-11-2014-F13N-BMW-650i,6 Series F13 LCI,F13N,650i,6H53,Coupe,USA,2014-11,2017-02
6J12-EUR-11-2014,6J12-EUR-11-2014-F13N-BMW-640d,6 Series F13 LCI,F13N,640d,6J12,Coupe,EUR,2014-11,2017-10
6J92-EUR-11-2014,6J92-EUR-11-2014-F13N-BMW-M6,6 Series F13 LCI,F13N,M6,6J92,Coupe,EUR,2014-11,2017-10
7A22-EUR-11-2014,7A22-EUR-11-2014-G11-BMW-740i,7 Series G11,G11,740i,7A22,Sedan,EUR,2014-11,2018-11
7C42-EUR-11-2014,7C42-EUR-11-2014-G11-BMW-730dX,7 Series G11,G11,730dX,7C42,Sedan,EUR,2014-11,2019-02
7E22-EUR-11-2014,7E22-EUR-11-2014-G12-BMW-740Li,7 Series G12,G12,740Li,7E22,Sedan,EUR,2014-11,2018-12
8A72-EUR-11-2014,8A72-EUR-11-2014-F30N-BMW-330i,3 Series F30 LCI,F30N,330i,8A72,Sedan,EUR,2014-11,2018-10
8C11-EUR-11-2014,8C11-EUR-11-2014-F30N-BMW-318dX,3 Series F30 LCI,F30N,318dX,8C11,Sedan,EUR,2014-11,2018-02
8D11-EUR-11-2014,8D11-EUR-11-2014-F30N-BMW-320d_ed,3 Series F30 LCI,F30N,320d ed,8D11,Sedan,EUR,2014-11,2018-10
HS11-EUR-11-2014,HS11-EUR-11-2014-F48-BMW-X1_18i,X1 F48,F48,X1 18i,HS11,SUV,EUR,2014-11,2017-06
HS71-EUR-11-2014,HS71-EUR-11-2014-F48-BMW-X1_20i,X1 F48,F48,X1 20i,HS71,SUV,EUR,2014-11,2017-06
HS72-EUR-11-2014,HS72-EUR-11-2014-F48-BMW-X1_20i,X1 F48,F48,X1 20i,HS72,SUV,EUR,2014-11,2017-07
HS91-EUR-11-2014,HS91-EUR-11-2014-F48-BMW-X1_20iX,X1 F48,F48,X1 20iX,HS91,SUV,EUR,2014-11,2018-03
HS92-EUR-11-2014,HS92-EUR-11-2014-F48-BMW-X1_20iX,X1 F48,F48,X1 20iX,HS92,SUV,EUR,2014-11,2018-02
HT11-EUR-11-2014,HT11-EUR-11-2014-F48-BMW-X1_25iX,X1 F48,F48,X1 25iX,HT11,SUV,EUR,2014-11,2017-10
HT33-USA-11-2014,HT33-USA-11-2014-F48-BMW-X1_28iX,X1 F48,F48,X1 28iX,HT33,SUV,USA,2014-11,2019-06
HT51-EUR-11-2014,HT51-EUR-11-2014-F48-BMW-X1_16d,X1 F48,F48,X1 16d,HT51,SUV,EUR,2014-11,2018-03
HT71-EUR-11-2014,HT71-EUR-11-2014-F48-BMW-X1_18d,X1 F48,F48,X1 18d,HT71,SUV,EUR,2014-11,2019-06
HT91-EUR-11-2014,HT91-EUR-11-2014-F48-BMW-X1_18dX,X1 F48,F48,X1 18dX,HT91,SUV,EUR,2014-11,2019-06
HU31-EUR-11-2014,HU31-EUR-11-2014-F48-BMW-X1_20dX,X1 F48,F48,X1 20dX,HU31,SUV,EUR,2014-11,2019-05
HU32-EUR-11-2014,HU32-EUR-11-2014-F48-BMW-X1_20dX,X1 F48,F48,X1 20dX,HU32,SUV,EUR,2014-11,2019-05
HU51-EUR-11-2014,HU51-EUR-11-2014-F48-BMW-X1_25dX,X1 F48,F48,X1 25dX,HU51,SUV,EUR,2014-11,2018-08
HU52-EUR-11-2014,HU52-EUR-11-2014-F48-BMW-X1_25dX,X1 F48,F48,X1 25dX,HU52,SUV,EUR,2014-11,2018-05
HU73-USA-11-2014,HU73-USA-11-2014-F48-BMW-X1_28i,X1 F48,F48,X1 28i,HU73,SUV,USA,2014-11,2019-06
HZ11-CHN-11-2014,HZ11-CHN-11-2014-F49-BMW-X1_18Li,X1L F49,F49,X1 18Li,HZ11,SUV,CHN,2014-11,2019-08
KW21-EUR-11-2014,KW21-EUR-11-2014-F16-BMW-X6_28iX,X6 F16,F16,X6 28iX,KW21,SAC,EUR,2014-11,2019-05
XW71-EUR-11-2014,XW71-EUR-11-2014-F26-BMW-X4_M40iX,X4 F26,F26,X4 M40iX,XW71,SAC,EUR,2014-11,2018-03
XW73-USA-11-2014,XW73-USA-11-2014-F26-BMW-X4_M40iX,X4 F26,F26,X4 M40iX,XW73,SAC,USA,2014-11,2018-03
1V52-EUR-12-2014,1V52-EUR-12-2014-F20N-BMW-114d,1 Series F20 LCI,F20N,114d,1V52,5 doors,EUR,2014-12,2015-04
2B91-EUR-12-2014,2B91-EUR-12-2014-F45-BMW-218dX,2 Series F45 Active Tourer,F45,218dX,2B91,Active Tourer,EUR,2014-12,2018-02
2E12-EUR-12-2014,2E12-EUR-12-2014-F46-BMW-214d,2 Series F46 Gran Tourer,F46,214d,2E12,Gran Tourer,EUR,2014-12,2015-04
2E72-EUR-12-2014,2E72-EUR-12-2014-F46-BMW-220d,2 Series F46 Gran Tourer,F46,220d,2E72,Gran Tourer,EUR,2014-12,2018-02
2P32-EUR-12-2014,2P32-EUR-12-2014-F21N-BMW-116d,1 Series F21 LCI,F21N,116d,2P32,3 doors,EUR,2014-12,2019-05
2P52-EUR-12-2014,2P52-EUR-12-2014-F21N-BMW-116d_ed,1 Series F21 LCI,F21N,116d ed,2P52,3 doors,EUR,2014-12,2017-06
2P72-EUR-12-2014,2P72-EUR-12-2014-F21N-BMW-116i,1 Series F21 LCI,F21N,116i,2P72,3 doors,EUR,2014-12,2017-04
2P92-EUR-12-2014,2P92-EUR-12-2014-F21N-BMW-118i,1 Series F21 LCI,F21N,118i,2P92,3 doors,EUR,2014-12,2015-06
2R32-EUR-12-2014,2R32-EUR-12-2014-F20N-BMW-118i,1 Series F20 LCI,F20N,118i,2R32,5 doors,EUR,2014-12,2015-07
2R52-EUR-12-2014,2R52-EUR-12-2014-F20N-BMW-114d,1 Series F20 LCI,F20N,114d,2R52,5 doors,EUR,2014-12,2014-12
2S12-EUR-12-2014,2S12-EUR-12-2014-F21N-BMW-114d,1 Series F21 LCI,F21N,114d,2S12,3 doors,EUR,2014-12,2014-12
4U32-EUR-12-2014,4U32-EUR-12-2014-F33-BMW-420d,4 Series F33,F33,420d,4U32,Convertible,EUR,2014-12,2017-02
7A01-EUR-12-2014,7A01-EUR-12-2014-G11-BMW-730i,7 Series G11,G11,730i,7A01,Sedan,EUR,2014-12,2019-02
7A81-EUR-12-2014,7A81-EUR-12-2014-G11-BMW-750i,7 Series G11,G11,750i,7A81,Sedan,EUR,2014-12,2019-01
7C61-EUR-12-2014,7C61-EUR-12-2014-G11-BMW-740dX,7 Series G11,G11,740dX,7C61,Sedan,EUR,2014-12,2019-02
7E01-EUR-12-2014,7E01-EUR-12-2014-G12-BMW-730Li,7 Series G12,G12,730Li,7E01,Sedan,EUR,2014-12,2019-02
7F01-EUR-12-2014,7F01-EUR-12-2014-G12-BMW-750Li,7 Series G12,G12,750Li,7F01,Sedan,EUR,2014-12,2019-01
7G81-EUR-12-2014,7G81-EUR-12-2014-G12-BMW-740LdX,7 Series G12,G12,740LdX,7G81,Sedan,EUR,2014-12,2019-02
8A12-EUR-12-2014,8A12-EUR-12-2014-F30N-BMW-320i,3 Series F30 LCI,F30N,320i,8A12,Sedan,EUR,2014-12,2018-10
8A52-EUR-12-2014,8A52-EUR-12-2014-F30N-BMW-320iX,3 Series F30 LCI,F30N,320iX,8A52,Sedan,EUR,2014-12,2018-10
8B52-EUR-12-2014,8B52-EUR-12-2014-F30N-BMW-320d,3 Series F30 LCI,F30N,320d,8B52,Sedan,EUR,2014-12,2015-07
8C32-EUR-12-2014,8C32-EUR-12-2014-F30N-BMW-318d,3 Series F30 LCI,F30N,318d,8C32,Sedan,EUR,2014-12,2018-10
8C52-EUR-12-2014,8C52-EUR-12-2014-F30N-BMW-320d,3 Series F30 LCI,F30N,320d,8C52,Sedan,EUR,2014-12,2018-10
8D12-EUR-12-2014,8D12-EUR-12-2014-F30N-BMW-320d_ed,3 Series F30 LCI,F30N,320d ed,8D12,Sedan,EUR,2014-12,2018-10
8E33-USA-12-2014,8E33-USA-12-2014-F30N-BMW-328iX,3 Series F30 LCI,F30N,328iX,8E33,Sedan,USA,2014-12,2016-06
8E71-EUR-12-2014,8E71-EUR-12-2014-F30N-BMW-328i,3 Series F30 LCI,F30N,328i,8E71,Sedan,EUR,2014-12,2014-12
8E91-EUR-12-2014,8E91-EUR-12-2014-F30N-BMW-328i,3 Series F30 LCI,F30N,328i,8E91,Sedan,EUR,2014-12,2016-06
8F13-USA-12-2014,8F13-USA-12-2014-F30N-BMW-328dX,3 Series F30 LCI,F30N,328dX,8F13,Sedan,USA,2014-12,2018-10
8F91-EUR-12-2014,8F91-EUR-12-2014-F30N-BMW-316d,3 Series F30 LCI,F30N,316d,8F91,Sedan,EUR,2014-12,2018-10
8G32-EUR-12-2014,8G32-EUR-12-2014-F31N-BMW-320i,3 Series F31 LCI,F31N,320i,8G32,Touring,EUR,2014-12,2019-06
8G52-EUR-12-2014,8G52-EUR-12-2014-F31N-BMW-320iX,3 Series F31 LCI,F31N,320iX,8G52,Touring,EUR,2014-12,2019-05
8G53-USA-12-2014,8G53-USA-12-2014-F31N-BMW-328iX,3 Series F31 LCI,F31N,328iX,8G53,Touring,USA,2014-12,2016-06
8H12-EUR-12-2014,8H12-EUR-12-2014-F31N-BMW-340i,3 Series F31 LCI,F31N,340i,8H12,Touring,EUR,2014-12,2019-05
8H51-EUR-12-2014,8H51-EUR-12-2014-F31N-BMW-318dX,3 Series F31 LCI,F31N,318dX,8H51,Touring,EUR,2014-12,2018-02
8H92-EUR-12-2014,8H92-EUR-12-2014-F31N-BMW-320d,3 Series F31 LCI,F31N,320d,8H92,Touring,EUR,2014-12,2019-06
HS12-EUR-12-2014,HS12-EUR-12-2014-F48-BMW-X1_18i,X1 F48,F48,X1 18i,HS12,SUV,EUR,2014-12,2017-06
HT12-EUR-12-2014,HT12-EUR-12-2014-F48-BMW-X1_25iX,X1 F48,F48,X1 25iX,HT12,SUV,EUR,2014-12,2017-10
HT72-EUR-12-2014,HT72-EUR-12-2014-F48-BMW-X1_18d,X1 F48,F48,X1 18d,HT72,SUV,EUR,2014-12,2019-06
HZ31-CHN-12-2014,HZ31-CHN-12-2014-F49-BMW-X1_20Li,X1L F49,F49,X1 20Li,HZ31,SUV,CHN,2014-12,2019-08
HZ51-CHN-12-2014,HZ51-CHN-12-2014-F49-BMW-X1_20LiX,X1L F49,F49,X1 20LiX,HZ51,SUV,CHN,2014-12,2019-08
HZ71-CHN-12-2014,HZ71-CHN-12-2014-F49-BMW-X1_25LiX,X1L F49,F49,X1 25LiX,HZ71,SUV,CHN,2014-12,2017-09
KR65-EGY-12-2014,KR65-EGY-12-2014-F15-BMW-X5_50iX,X5 F15,F15,X5 50iX,KR65,SUV,EGY,2014-12,2018-05
KV29-RUS-12-2014,KV29-RUS-12-2014-F16-BMW-X6_30dX,X6 F16,F16,X6 30dX,KV29,SAC,RUS,2014-12,2019-05
2L52-EUR-01-2015,2L52-EUR-01-2015-F23-BMW-218d,2 Series F23,F23,218d,2L52,Convertible,EUR,2015-01,2017-06
2L92-EUR-01-2015,2L92-EUR-01-2015-F23-BMW-225d,2 Series F23,F23,225d,2L92,Convertible,EUR,2015-01,2017-01
2P11-EUR-01-2015,2P11-EUR-01-2015-F21N-BMW-114d,1 Series F21 LCI,F21N,114d,2P11,3 doors,EUR,2015-01,2019-05
2X74-CHN-01-2015,2X74-CHN-01-2015-F45-BMW-216i,2 Series F45 Active Tourer,F45,216i,2X74,Active Tourer,CHN,2015-01,2015-12
4E71-EUR-01-2015,4E71-EUR-01-2015-F36-BMW-418d,4 Series F36 Gran Coupé,F36,418d,4E71,Gran Coupé,EUR,2015-01,2017-02
4E72-EUR-01-2015,4E72-EUR-01-2015-F36-BMW-418d,4 Series F36 Gran Coupé,F36,418d,4E72,Gran Coupé,EUR,2015-01,2017-02
8A16-EUR-01-2015,8A16-EUR-01-2015-F30N-BMW-320i,3 Series F30 LCI,F30N,320i,8A16,Sedan,EUR,2015-01,2018-02
8A75-EUR-01-2015,8A75-EUR-01-2015-F30N-BMW-330i,3 Series F30 LCI,F30N,330i,8A75,Sedan,EUR,2015-01,2017-11
8A91-EUR-01-2015,8A91-EUR-01-2015-F30N-BMW-320i,3 Series F30 LCI,F30N,320i,8A91,Sedan,EUR,2015-01,2018-10
8A94-CHN-01-2015,8A94-CHN-01-2015-F30N-BMW-320i,3 Series F30 LCI,F30N,320i,8A94,Sedan,CHN,2015-01,2016-08
8B32-EUR-01-2015,8B32-EUR-01-2015-F30N-BMW-340i,3 Series F30 LCI,F30N,340i,8B32,Sedan,EUR,2015-01,2018-10
8B77-USA-01-2015,8B77-USA-01-2015-F30N-BMW-340iX,3 Series F30 LCI,F30N,340iX,8B77,Sedan,USA,2015-01,2018-02
8C35-EUR-01-2015,8C35-EUR-01-2015-F30N-BMW-318d,3 Series F30 LCI,F30N,318d,8C35,Sedan,EUR,2015-01,2017-03
8E34-CHN-01-2015,8E34-CHN-01-2015-F30N-BMW-316i,3 Series F30 LCI,F30N,316i,8E34,Sedan,CHN,2015-01,2016-08
8E74-CHN-01-2015,8E74-CHN-01-2015-F30N-BMW-328i,3 Series F30 LCI,F30N,328i,8E74,Sedan,CHN,2015-01,2016-08
8F11-EUR-01-2015,8F11-EUR-01-2015-F30N-BMW-325d,3 Series F30 LCI,F30N,325d,8F11,Sedan,EUR,2015-01,2016-02
8F71-EUR-01-2015,8F71-EUR-01-2015-F30N-BMW-335dX,3 Series F30 LCI,F30N,335dX,8F71,Sedan,EUR,2015-01,2018-10
8G72-EUR-01-2015,8G72-EUR-01-2015-F31N-BMW-330i,3 Series F31 LCI,F31N,330i,8G72,Touring,EUR,2015-01,2019-05
8H72-EUR-01-2015,8H72-EUR-01-2015-F31N-BMW-318d,3 Series F31 LCI,F31N,318d,8H72,Touring,EUR,2015-01,2019-05
8J11-EUR-01-2015,8J11-EUR-01-2015-F31N-BMW-320dX,3 Series F31 LCI,F31N,320dX,8J11,Touring,EUR,2015-01,2019-06
8J12-EUR-01-2015,8J12-EUR-01-2015-F31N-BMW-320dX,3 Series F31 LCI,F31N,320dX,8J12,Touring,EUR,2015-01,2019-06
8J13-USA-01-2015,8J13-USA-01-2015-F31N-BMW-328dX,3 Series F31 LCI,F31N,328dX,8J13,Touring,USA,2015-01,2018-12
8J92-EUR-01-2015,8J92-EUR-01-2015-F31N-BMW-320d_ed,3 Series F31 LCI,F31N,320d ed,8J92,Touring,EUR,2015-01,2019-05
8K11-EUR-01-2015,8K11-EUR-01-2015-F31N-BMW-318i,3 Series F31 LCI,F31N,318i,8K11,Touring,EUR,2015-01,2019-06
8K51-EUR-01-2015,8K51-EUR-01-2015-F31N-BMW-325d,3 Series F31 LCI,F31N,325d,8K51,Touring,EUR,2015-01,2016-02
8L11-EUR-01-2015,8L11-EUR-01-2015-F31N-BMW-335dX,3 Series F31 LCI,F31N,335dX,8L11,Touring,EUR,2015-01,2019-05
8L12-EUR-01-2015,8L12-EUR-01-2015-F31N-BMW-335dX,3 Series F31 LCI,F31N,335dX,8L12,Touring,EUR,2015-01,2019-05
8M91-EUR-01-2015,8M91-EUR-01-2015-F80N-BMW-M3,3 Series F80 M3 LCI,F80N,M3,8M91,Sedan,EUR,2015-01,2018-10
8M92-EUR-01-2015,8M92-EUR-01-2015-F80N-BMW-M3,3 Series F80 M3 LCI,F80N,M3,8M92,Sedan,EUR,2015-01,2018-10
8M93-USA-01-2015,8M93-USA-01-2015-F80N-BMW-M3,3 Series F80 M3 LCI,F80N,M3,8M93,Sedan,USA,2015-01,2018-10
8V11-CHN-01-2015,8V11-CHN-01-2015-F35N-BMW-316Li,3 Series F35 LCI,F35N,316Li,8V11,Sedan,CHN,2015-01,2016-08
8V31-CHN-01-2015,8V31-CHN-01-2015-F35N-BMW-320Li,3 Series F35 LCI,F35N,320Li,8V31,Sedan,CHN,2015-01,2016-08
8V51-CHN-01-2015,8V51-CHN-01-2015-F35N-BMW-328Li,3 Series F35 LCI,F35N,328Li,8V51,Sedan,CHN,2015-01,2016-07
8V71-CHN-01-2015,8V71-CHN-01-2015-F35N-BMW-328LiX,3 Series F35 LCI,F35N,328LiX,8V71,Sedan,CHN,2015-01,2016-07
8V91-CHN-01-2015,8V91-CHN-01-2015-F35N-BMW-335Li,3 Series F35 LCI,F35N,335Li,8V91,Sedan,CHN,2015-01,2016-01
8Y72-EUR-01-2015,8Y72-EUR-01-2015-F34-BMW-320d,3 Series F34 GT,F34,320d,8Y72,Gran Turismo,EUR,2015-01,2016-06
8Y92-EUR-01-2015,8Y92-EUR-01-2015-F34-BMW-320dX,3 Series F34 GT,F34,320dX,8Y92,Gran Turismo,EUR,2015-01,2016-06
HT52-EUR-01-2015,HT52-EUR-01-2015-F48-BMW-X1_16d,X1 F48,F48,X1 16d,HT52,SUV,EUR,2015-01,2017-11
HT92-EUR-01-2015,HT92-EUR-01-2015-F48-BMW-X1_18dX,X1 F48,F48,X1 18dX,HT92,SUV,EUR,2015-01,2019-06
HU12-EUR-01-2015,HU12-EUR-01-2015-F48-BMW-X1_20d,X1 F48,F48,X1 20d,HU12,SUV,EUR,2015-01,2019-05
KS26-IDN-01-2015,KS26-IDN-01-2015-F15-BMW-X5_25dX,X5 F15,F15,X5 25dX,KS26,SUV,IDN,2015-01,2015-07
2X71-EUR-02-2015,2X71-EUR-02-2015-F45-BMW-216i,2 Series F45 Active Tourer,F45,216i,2X71,Active Tourer,EUR,2015-02,2018-02
6D23-USA-02-2015,6D23-USA-02-2015-F06N-BMW-640iX,6 Series F06 Gran Coupé LCI,F06N,640iX,6D23,Gran Coupé,USA,2015-02,2018-09
6D42-EUR-02-2015,6D42-EUR-02-2015-F06N-BMW-650i,6 Series F06 Gran Coupé LCI,F06N,650i,6D42,Gran Coupé,EUR,2015-02,2018-06
6D63-USA-02-2015,6D63-USA-02-2015-F06N-BMW-650iX,6 Series F06 Gran Coupé LCI,F06N,650iX,6D63,Gran Coupé,USA,2015-02,2018-09
6D81-EUR-02-2015,6D81-EUR-02-2015-F06N-BMW-650iX_40,6 Series F06 Gran Coupé LCI,F06N,650iX 4.0,6D81,Gran Coupé,EUR,2015-02,2017-07
6E92-EUR-02-2015,6E92-EUR-02-2015-F06N-BMW-M6,6 Series F06 Gran Coupé LCI,F06N,M6,6E92,Gran Coupé,EUR,2015-02,2018-05
6F13-USA-02-2015,6F13-USA-02-2015-F12N-BMW-640i,6 Series F12 LCI,F12N,640i,6F13,Convertible,USA,2015-02,2018-05
6G12-EUR-02-2015,6G12-EUR-02-2015-F12N-BMW-640d,6 Series F12 LCI,F12N,640d,6G12,Convertible,EUR,2015-02,2018-05
6G92-EUR-02-2015,6G92-EUR-02-2015-F12N-BMW-M6,6 Series F12 LCI,F12N,M6,6G92,Convertible,EUR,2015-02,2018-05
6H12-EUR-02-2015,6H12-EUR-02-2015-F13N-BMW-640i,6 Series F13 LCI,F13N,640i,6H12,Coupe,EUR,2015-02,2017-10
6H33-USA-02-2015,6H33-USA-02-2015-F13N-BMW-640iX,6 Series F13 LCI,F13N,640iX,6H33,Coupe,USA,2015-02,2017-02
6H52-EUR-02-2015,6H52-EUR-02-2015-F13N-BMW-650i,6 Series F13 LCI,F13N,650i,6H52,Coupe,EUR,2015-02,2017-10
7D01-EUR-02-2015,7D01-EUR-02-2015-G11-BMW-740e,7 Series G11,G11,740e,7D01,Sedan,EUR,2015-02,2019-02
7F02-EUR-02-2015,7F02-EUR-02-2015-G12-BMW-750Li,7 Series G12,G12,750Li,7F02,Sedan,EUR,2015-02,2018-12
7F03-USA-02-2015,7F03-USA-02-2015-G12-BMW-750i,7 Series G12,G12,750i,7F03,Sedan,USA,2015-02,2019-02
7J01-EUR-02-2015,7J01-EUR-02-2015-G12-BMW-740Le,7 Series G12,G12,740Le,7J01,Sedan,EUR,2015-02,2019-02
8B36-EUR-02-2015,8B36-EUR-02-2015-F30N-BMW-340i,3 Series F30 LCI,F30N,340i,8B36,Sedan,EUR,2015-02,2018-02
8C56-EUR-02-2015,8C56-EUR-02-2015-F30N-BMW-320d,3 Series F30 LCI,F30N,320d,8C56,Sedan,EUR,2015-02,2018-02
8E11-EUR-02-2015,8E11-EUR-02-2015-F30N-BMW-330e,3 Series F30 LCI,F30N,330e,8E11,Sedan,EUR,2015-02,2018-10
8E13-USA-02-2015,8E13-USA-02-2015-F30N-BMW-330e,3 Series F30 LCI,F30N,330e,8E13,Sedan,USA,2015-02,2018-10
1U78-MYS-03-2015,1U78-MYS-03-2015-F20N-BMW-120i,1 Series F20 LCI,F20N,120i,1U78,5 doors,MYS,2015-03,2016-04
2E91-EUR-03-2015,2E91-EUR-03-2015-F46-BMW-218dX,2 Series F46 Gran Tourer,F46,218dX,2E91,Gran Tourer,EUR,2015-03,2018-03
2E92-EUR-03-2015,2E92-EUR-03-2015-F46-BMW-218dX,2 Series F46 Gran Tourer,F46,218dX,2E92,Gran Tourer,EUR,2015-03,2018-02
2R34-THA-03-2015,2R34-THA-03-2015-F20N-BMW-118i,1 Series F20 LCI,F20N,118i,2R34,5 doors,THA,2015-03,2015-06
4D31-EUR-03-2015,4D31-EUR-03-2015-F36-BMW-420i,4 Series F36 Gran Coupé,F36,420i,4D31,Gran Coupé,EUR,2015-03,2017-03
4D71-EUR-03-2015,4D71-EUR-03-2015-F36-BMW-420iX,4 Series F36 Gran Coupé,F36,420iX,4D71,Gran Coupé,EUR,2015-03,2017-02
4D91-EUR-03-2015,4D91-EUR-03-2015-F36-BMW-430i,4 Series F36 Gran Coupé,F36,430i,4D91,Gran Coupé,EUR,2015-03,2017-02
4E11-EUR-03-2015,4E11-EUR-03-2015-F36-BMW-430iX,4 Series F36 Gran Coupé,F36,430iX,4E11,Gran Coupé,EUR,2015-03,2017-02
4E31-EUR-03-2015,4E31-EUR-03-2015-F36-BMW-440i,4 Series F36 Gran Coupé,F36,440i,4E31,Gran Coupé,EUR,2015-03,2017-02
4E51-EUR-03-2015,4E51-EUR-03-2015-F36-BMW-440iX,4 Series F36 Gran Coupé,F36,440iX,4E51,Gran Coupé,EUR,2015-03,2017-02
4F31-EUR-03-2015,4F31-EUR-03-2015-F36-BMW-425d,4 Series F36 Gran Coupé,F36,425d,4F31,Gran Coupé,EUR,2015-03,2017-02
4T31-EUR-03-2015,4T31-EUR-03-2015-F33-BMW-420i,4 Series F33,F33,420i,4T31,Convertible,EUR,2015-03,2017-02
4T51-EUR-03-2015,4T51-EUR-03-2015-F33-BMW-430i,4 Series F33,F33,430i,4T51,Convertible,EUR,2015-03,2017-02
4T71-EUR-03-2015,4T71-EUR-03-2015-F33-BMW-430iX,4 Series F33,F33,430iX,4T71,Convertible,EUR,2015-03,2017-02
4T91-EUR-03-2015,4T91-EUR-03-2015-F33-BMW-440i,4 Series F33,F33,440i,4T91,Convertible,EUR,2015-03,2017-02
4U11-EUR-03-2015,4U11-EUR-03-2015-F33-BMW-440iX,4 Series F33,F33,440iX,4U11,Convertible,EUR,2015-03,2017-02
4U51-EUR-03-2015,4U51-EUR-03-2015-F33-BMW-425d,4 Series F33,F33,425d,4U51,Convertible,EUR,2015-03,2017-02
7E41-EUR-03-2015,7E41-EUR-03-2015-G12-BMW-740LiX,7 Series G12,G12,740LiX,7E41,Sedan,EUR,2015-03,2019-02
7E43-USA-03-2015,7E43-USA-03-2015-G12-BMW-740iX,7 Series G12,G12,740iX,7E43,Sedan,USA,2015-03,2019-02
8A15-EUR-03-2015,8A15-EUR-03-2015-F30N-BMW-320i,3 Series F30 LCI,F30N,320i,8A15,Sedan,EUR,2015-03,2017-10
8A56-EUR-03-2015,8A56-EUR-03-2015-F30N-BMW-320iX,3 Series F30 LCI,F30N,320iX,8A56,Sedan,EUR,2015-03,2017-11
8A76-EUR-03-2015,8A76-EUR-03-2015-F30N-BMW-330i,3 Series F30 LCI,F30N,330i,8A76,Sedan,EUR,2015-03,2018-02
8B35-EUR-03-2015,8B35-EUR-03-2015-F30N-BMW-340i,3 Series F30 LCI,F30N,340i,8B35,Sedan,EUR,2015-03,2017-09
8B37-USA-03-2015,8B37-USA-03-2015-F30N-BMW-340i,3 Series F30 LCI,F30N,340i,8B37,Sedan,USA,2015-03,2018-02
8B56-EUR-03-2015,8B56-EUR-03-2015-F30N-BMW-320d,3 Series F30 LCI,F30N,320d,8B56,Sedan,EUR,2015-03,2016-03
8C36-EUR-03-2015,8C36-EUR-03-2015-F30N-BMW-318d,3 Series F30 LCI,F30N,318d,8C36,Sedan,EUR,2015-03,2017-06
8D51-EUR-03-2015,8D51-EUR-03-2015-F30N-BMW-320i_ed,3 Series F30 LCI,F30N,320i ed,8D51,Sedan,EUR,2015-03,2016-06
8E12-EUR-03-2015,8E12-EUR-03-2015-F30N-BMW-330e,3 Series F30 LCI,F30N,330e,8E12,Sedan,EUR,2015-03,2018-09
8E17-USA-03-2015,8E17-USA-03-2015-F30N-BMW-320i,3 Series F30 LCI,F30N,320i,8E17,Sedan,USA,2015-03,2018-02
8E31-EUR-03-2015,8E31-EUR-03-2015-F30N-BMW-318i,3 Series F30 LCI,F30N,318i,8E31,Sedan,EUR,2015-03,2018-10
8E32-EUR-03-2015,8E32-EUR-03-2015-F30N-BMW-318i,3 Series F30 LCI,F30N,318i,8E32,Sedan,EUR,2015-03,2018-10
8E35-EUR-03-2015,8E35-EUR-03-2015-F30N-BMW-318i,3 Series F30 LCI,F30N,318i,8E35,Sedan,EUR,2015-03,2017-11
8E36-EUR-03-2015,8E36-EUR-03-2015-F30N-BMW-318i,3 Series F30 LCI,F30N,318i,8E36,Sedan,EUR,2015-03,2018-02
8E37-USA-03-2015,8E37-USA-03-2015-F30N-BMW-328iX,3 Series F30 LCI,F30N,328iX,8E37,Sedan,USA,2015-03,2016-07
8E57-USA-03-2015,8E57-USA-03-2015-F30N-BMW-320iX,3 Series F30 LCI,F30N,320iX,8E57,Sedan,USA,2015-03,2018-02
8E73-USA-03-2015,8E73-USA-03-2015-F30N-BMW-328i,3 Series F30 LCI,F30N,328i,8E73,Sedan,USA,2015-03,2016-06
8E77-USA-03-2015,8E77-USA-03-2015-F30N-BMW-328i,3 Series F30 LCI,F30N,328i,8E77,Sedan,USA,2015-03,2015-03
8E97-USA-03-2015,8E97-USA-03-2015-F30N-BMW-328i,3 Series F30 LCI,F30N,328i,8E97,Sedan,USA,2015-03,2016-07
8F32-EUR-03-2015,8F32-EUR-03-2015-F30N-BMW-330d,3 Series F30 LCI,F30N,330d,8F32,Sedan,EUR,2015-03,2018-10
8F36-EUR-03-2015,8F36-EUR-03-2015-F30N-BMW-330d,3 Series F30 LCI,F30N,330d,8F36,Sedan,EUR,2015-03,2017-10
8F72-EUR-03-2015,8F72-EUR-03-2015-F30N-BMW-335dX,3 Series F30 LCI,F30N,335dX,8F72,Sedan,EUR,2015-03,2018-10
8K91-EUR-03-2015,8K91-EUR-03-2015-F31N-BMW-330dX,3 Series F31 LCI,F31N,330dX,8K91,Touring,EUR,2015-03,2019-05
8K92-EUR-03-2015,8K92-EUR-03-2015-F31N-BMW-330dX,3 Series F31 LCI,F31N,330dX,8K92,Touring,EUR,2015-03,2019-05
8Y52-EUR-03-2015,8Y52-EUR-03-2015-F34-BMW-318d,3 Series F34 GT,F34,318d,8Y52,Gran Turismo,EUR,2015-03,2016-06
LS02-EUR-03-2015,LS02-EUR-03-2015-F15-BMW-X5_25dX,X5 F15,F15,X5 25dX,LS02,SUV,EUR,2015-03,2018-06
2B92-EUR-04-2015,2B92-EUR-04-2015-F45-BMW-218dX,2 Series F45 Active Tourer,F45,218dX,2B92,Active Tourer,EUR,2015-04,2018-02
2P12-EUR-04-2015,2P12-EUR-04-2015-F21N-BMW-114d,1 Series F21 LCI,F21N,114d,2P12,3 doors,EUR,2015-04,2015-04
4N91-EUR-04-2015,4N91-EUR-04-2015-F32-BMW-430iX,4 Series F32,F32,430iX,4N91,Coupe,EUR,2015-04,2017-02
4P11-EUR-04-2015,4P11-EUR-04-2015-F32-BMW-440i,4 Series F32,F32,440i,4P11,Coupe,EUR,2015-04,2017-02
4R11-EUR-04-2015,4R11-EUR-04-2015-F32-BMW-425d,4 Series F32,F32,425d,4R11,Coupe,EUR,2015-04,2017-02
7A02-EUR-04-2015,7A02-EUR-04-2015-G11-BMW-730i,7 Series G11,G11,730i,7A02,Sedan,EUR,2015-04,2018-10
7A82-EUR-04-2015,7A82-EUR-04-2015-G11-BMW-750i,7 Series G11,G11,750i,7A82,Sedan,EUR,2015-04,2018-11
7C62-EUR-04-2015,7C62-EUR-04-2015-G11-BMW-740dX,7 Series G11,G11,740dX,7C62,Sedan,EUR,2015-04,2019-02
7G82-EUR-04-2015,7G82-EUR-04-2015-G12-BMW-740LdX,7 Series G12,G12,740LdX,7G82,Sedan,EUR,2015-04,2019-02
8A33-USA-04-2015,8A33-USA-04-2015-F30N-BMW-320iX,3 Series F30 LCI,F30N,320iX,8A33,Sedan,USA,2015-04,2018-10
8D31-EUR-04-2015,8D31-EUR-04-2015-F30N-BMW-325d,3 Series F30 LCI,F30N,325d,8D31,Sedan,EUR,2015-04,2018-02
8E54-CHN-04-2015,8E54-CHN-04-2015-F30N-BMW-328iX,3 Series F30 LCI,F30N,328iX,8E54,Sedan,CHN,2015-04,2016-07
8J51-EUR-04-2015,8J51-EUR-04-2015-F31N-BMW-325d,3 Series F31 LCI,F31N,325d,8J51,Touring,EUR,2015-04,2018-02
8K12-EUR-04-2015,8K12-EUR-04-2015-F31N-BMW-318i,3 Series F31 LCI,F31N,318i,8K12,Touring,EUR,2015-04,2019-05
HU11-EUR-04-2015,HU11-EUR-04-2015-F48-BMW-X1_20d,X1 F48,F48,X1 20d,HU11,SUV,EUR,2015-04,2018-11
KU28-MYS-04-2015,KU28-MYS-04-2015-F16-BMW-X6_35iX,X6 F16,F16,X6 35iX,KU28,SAC,MYS,2015-04,2016-11
KU29-RUS-04-2015,KU29-RUS-04-2015-F16-BMW-X6_35iX,X6 F16,F16,X6 35iX,KU29,SAC,RUS,2015-04,2018-01
WX30-BRA-04-2015,WX30-BRA-04-2015-F25-BMW-X3_20iX,X3 F25,F25,X3 20iX,WX30,SUV,BRA,2015-04,2017-03
WX70-BRA-04-2015,WX70-BRA-04-2015-F25-BMW-X3_35iX,X3 F25,F25,X3 35iX,WX70,SUV,BRA,2015-04,2016-11
2R90-BRA-05-2015,2R90-BRA-05-2015-F20N-BMW-125i,1 Series F20 LCI,F20N,125i,2R90,5 doors,BRA,2015-05,2015-09
4N11-EUR-05-2015,4N11-EUR-05-2015-F32-BMW-418i,4 Series F32,F32,418i,4N11,Coupe,EUR,2015-05,2017-02
4N31-EUR-05-2015,4N31-EUR-05-2015-F32-BMW-420i,4 Series F32,F32,420i,4N31,Coupe,EUR,2015-05,2017-02
4N32-EUR-05-2015,4N32-EUR-05-2015-F32-BMW-420i,4 Series F32,F32,420i,4N32,Coupe,EUR,2015-05,2017-02
4N51-EUR-05-2015,4N51-EUR-05-2015-F32-BMW-420iX,4 Series F32,F32,420iX,4N51,Coupe,EUR,2015-05,2017-02
4N71-EUR-05-2015,4N71-EUR-05-2015-F32-BMW-430i,4 Series F32,F32,430i,4N71,Coupe,EUR,2015-05,2017-02
4N72-EUR-05-2015,4N72-EUR-05-2015-F32-BMW-430i,4 Series F32,F32,430i,4N72,Coupe,EUR,2015-05,2017-02
4P12-EUR-05-2015,4P12-EUR-05-2015-F32-BMW-440i,4 Series F32,F32,440i,4P12,Coupe,EUR,2015-05,2017-02
4P31-EUR-05-2015,4P31-EUR-05-2015-F32-BMW-440iX,4 Series F32,F32,440iX,4P31,Coupe,EUR,2015-05,2017-02
4S91-EUR-05-2015,4S91-EUR-05-2015-F82-BMW-M4_GTS,4 Series F82 M4,F82,M4 GTS,4S91,Coupe,EUR,2015-05,2017-02
4S92-EUR-05-2015,4S92-EUR-05-2015-F82-BMW-M4_GTS,4 Series F82 M4,F82,M4 GTS,4S92,Coupe,EUR,2015-05,2017-02
4S93-USA-05-2015,4S93-USA-05-2015-F82-BMW-M4_GTS,4 Series F82 M4,F82,M4 GTS,4S93,Coupe,USA,2015-05,2016-11
7E02-EUR-05-2015,7E02-EUR-05-2015-G12-BMW-730Li,7 Series G12,G12,730Li,7E02,Sedan,EUR,2015-05,2018-12
8D32-EUR-05-2015,8D32-EUR-05-2015-F30N-BMW-325d,3 Series F30 LCI,F30N,325d,8D32,Sedan,EUR,2015-05,2017-11
8J52-EUR-05-2015,8J52-EUR-05-2015-F31N-BMW-325d,3 Series F31 LCI,F31N,325d,8J52,Touring,EUR,2015-05,2016-09
8M10-BRA-05-2015,8M10-BRA-05-2015-F30-BMW-320i,3 Series F30,F30,320i,8M10,Sedan,BRA,2015-05,2015-05
HY11-CHN-05-2015,HY11-CHN-05-2015-F49-BMW-X1_25LeX,X1L F49,F49,X1 25LeX,HY11,SUV,CHN,2015-05,2019-08
1S57-IND-06-2015,1S57-IND-06-2015-F20N-BMW-118d,1 Series F20 LCI,F20N,118d,1S57,5 doors,IND,2015-06,2016-01
1U90-BRA-06-2015,1U90-BRA-06-2015-F20N-BMW-125i,1 Series F20 LCI,F20N,125i,1U90,5 doors,BRA,2015-06,2015-06
1Z61-EUR-06-2015,1Z61-EUR-06-2015-I01-BMW_i-i3_94Ah,i3 I01,I01,i3 94Ah,1Z61,Mega City Vehicle,EUR,2015-06,2017-10
1Z63-USA-06-2015,1Z63-USA-06-2015-I01-BMW_i-i3_94Ah,i3 I01,I01,i3 94Ah,1Z63,Mega City Vehicle,USA,2015-06,2017-10
1Z81-EUR-06-2015,1Z81-EUR-06-2015-I01-BMW_i-i3_94Ah_Rex,i3 I01,I01,i3 94Ah Rex,1Z81,Mega City Vehicle,EUR,2015-06,2017-10
1Z82-EUR-06-2015,1Z82-EUR-06-2015-I01-BMW_i-i3_94Ah_Rex,i3 I01,I01,i3 94Ah Rex,1Z82,Mega City Vehicle,EUR,2015-06,2017-10
1Z83-USA-06-2015,1Z83-USA-06-2015-I01-BMW_i-i3_94Ah_Rex,i3 I01,I01,i3 94Ah Rex,1Z83,Mega City Vehicle,USA,2015-06,2017-10
8F31-EUR-06-2015,8F31-EUR-06-2015-F30N-BMW-330d,3 Series F30 LCI,F30N,330d,8F31,Sedan,EUR,2015-06,2018-10
8F52-EUR-06-2015,8F52-EUR-06-2015-F30N-BMW-330dX,3 Series F30 LCI,F30N,330dX,8F52,Sedan,EUR,2015-06,2018-10
8F92-EUR-06-2015,8F92-EUR-06-2015-F30N-BMW-316d,3 Series F30 LCI,F30N,316d,8F92,Sedan,EUR,2015-06,2018-10
8L32-EUR-06-2015,8L32-EUR-06-2015-F31N-BMW-320d,3 Series F31 LCI,F31N,320d,8L32,Touring,EUR,2015-06,2016-02
CZ11-CHN-06-2015,CZ11-CHN-06-2015-M13-Zinoro-Zinoro_60H_100H,Zinoro M13,M13,Zinoro 60H/100H,CZ11,SUV,CHN,2015-06,2019-12
XW19-RUS-06-2015,XW19-RUS-06-2015-F26-BMW-X4_20iX,X4 F26,F26,X4 20iX,XW19,SAC,RUS,2015-06,2018-02
XX39-RUS-06-2015,XX39-RUS-06-2015-F26-BMW-X4_30dX,X4 F26,F26,X4 30dX,XX39,SAC,RUS,2015-06,2018-02
1R54-THA-07-2015,1R54-THA-07-2015-F20N-BMW-118i,1 Series F20 LCI,F20N,118i,1R54,5 doors,THA,2015-07,2017-12
1R58-MYS-07-2015,1R58-MYS-07-2015-F20N-BMW-118i,1 Series F20 LCI,F20N,118i,1R58,5 doors,MYS,2015-07,2018-06
3J54-CHN-07-2015,3J54-CHN-07-2015-F30N-BMW-318i,3 Series F30 LCI,F30N,318i,3J54,Sedan,CHN,2015-07,2018-08
4N52-EUR-07-2015,4N52-EUR-07-2015-F32-BMW-420iX,4 Series F32,F32,420iX,4N52,Coupe,EUR,2015-07,2017-02
4R12-EUR-07-2015,4R12-EUR-07-2015-F32-BMW-425d,4 Series F32,F32,425d,4R12,Coupe,EUR,2015-07,2015-12
8A34-THA-07-2015,8A34-THA-07-2015-F30N-BMW-320i,3 Series F30 LCI,F30N,320i,8A34,Sedan,THA,2015-07,2015-12
8A35-EGY-07-2015,8A35-EGY-07-2015-F30N-BMW-320i,3 Series F30 LCI,F30N,320i,8A35,Sedan,EGY,2015-07,2018-10
8A36-IDN-07-2015,8A36-IDN-07-2015-F30N-BMW-320i,3 Series F30 LCI,F30N,320i,8A36,Sedan,IDN,2015-07,2018-10
8A38-MYS-07-2015,8A38-MYS-07-2015-F30N-BMW-320i,3 Series F30 LCI,F30N,320i,8A38,Sedan,MYS,2015-07,2016-09
8A59-RUS-07-2015,8A59-RUS-07-2015-F30N-BMW-320iX,3 Series F30 LCI,F30N,320iX,8A59,Sedan,RUS,2015-07,2018-10
8A90-BRA-07-2015,8A90-BRA-07-2015-F30N-BMW-320i,3 Series F30 LCI,F30N,320i,8A90,Sedan,BRA,2015-07,2015-10
8A93-USA-07-2015,8A93-USA-07-2015-F30N-BMW-320i,3 Series F30 LCI,F30N,320i,8A93,Sedan,USA,2015-07,2018-10
8A95-EGY-07-2015,8A95-EGY-07-2015-F30N-BMW-330i,3 Series F30 LCI,F30N,330i,8A95,Sedan,EGY,2015-07,2016-10
8A96-IDN-07-2015,8A96-IDN-07-2015-F30N-BMW-330i,3 Series F30 LCI,F30N,330i,8A96,Sedan,IDN,2015-07,2018-10
8A98-MYS-07-2015,8A98-MYS-07-2015-F30N-BMW-330i,3 Series F30 LCI,F30N,330i,8A98,Sedan,MYS,2015-07,2016-02
8C55-EUR-07-2015,8C55-EUR-07-2015-F30N-BMW-320d,3 Series F30 LCI,F30N,320d,8C55,Sedan,EUR,2015-07,2017-05
8C74-THA-07-2015,8C74-THA-07-2015-F30N-BMW-320d,3 Series F30 LCI,F30N,320d,8C74,Sedan,THA,2015-07,2018-10
8C78-MYS-07-2015,8C78-MYS-07-2015-F30N-BMW-320d,3 Series F30 LCI,F30N,320d,8C78,Sedan,MYS,2015-07,2015-09
8E38-MYS-07-2015,8E38-MYS-07-2015-F30N-BMW-318i,3 Series F30 LCI,F30N,318i,8E38,Sedan,MYS,2015-07,2018-10
8E79-THA-07-2015,8E79-THA-07-2015-F30N-BMW-330i,3 Series F30 LCI,F30N,330i,8E79,Sedan,THA,2015-07,2015-07
8F51-EUR-07-2015,8F51-EUR-07-2015-F30N-BMW-330dX,3 Series F30 LCI,F30N,330dX,8F51,Sedan,EUR,2015-07,2018-10
8K72-EUR-07-2015,8K72-EUR-07-2015-F31N-BMW-330d,3 Series F31 LCI,F31N,330d,8K72,Touring,EUR,2015-07,2019-05
8L71-EUR-07-2015,8L71-EUR-07-2015-F31N-BMW-316d,3 Series F31 LCI,F31N,316d,8L71,Touring,EUR,2015-07,2019-06
8L72-EUR-07-2015,8L72-EUR-07-2015-F31N-BMW-316d,3 Series F31 LCI,F31N,316d,8L72,Touring,EUR,2015-07,2019-05
8N90-BRA-07-2015,8N90-BRA-07-2015-F30N-BMW-320i,3 Series F30 LCI,F30N,320i,8N90,Sedan,BRA,2015-07,2018-09
8W11-CHN-07-2015,8W11-CHN-07-2015-F35N-BMW-318Li,3 Series F35 LCI,F35N,318Li,8W11,Sedan,CHN,2015-07,2018-08
8W31-CHN-07-2015,8W31-CHN-07-2015-F35N-BMW-320Li,3 Series F35 LCI,F35N,320Li,8W31,Sedan,CHN,2015-07,2019-03
8W51-CHN-07-2015,8W51-CHN-07-2015-F35N-BMW-330Li,3 Series F35 LCI,F35N,330Li,8W51,Sedan,CHN,2015-07,2018-08
8W71-CHN-07-2015,8W71-CHN-07-2015-F35N-BMW-330LiX,3 Series F35 LCI,F35N,330LiX,8W71,Sedan,CHN,2015-07,2018-08
8Y74-THA-07-2015,8Y74-THA-07-2015-F34-BMW-320d,3 Series F34 GT,F34,320d,8Y74,Gran Turismo,THA,2015-07,2016-06
8Y77-IND-07-2015,8Y77-IND-07-2015-F34-BMW-320d,3 Series F34 GT,F34,320d,8Y77,Gran Turismo,IND,2015-07,2016-06
8Y78-MYS-07-2015,8Y78-MYS-07-2015-F34-BMW-320d,3 Series F34 GT,F34,320d,8Y78,Gran Turismo,MYS,2015-07,2015-07
XW39-RUS-07-2015,XW39-RUS-07-2015-F26-BMW-X4_28iX,X4 F26,F26,X4 28iX,XW39,SAC,RUS,2015-07,2018-02
XX14-THA-07-2015,XX14-THA-07-2015-F26-BMW-X4_20dX,X4 F26,F26,X4 20dX,XX14,SAC,THA,2015-07,2018-02
XX19-RUS-07-2015,XX19-RUS-07-2015-F26-BMW-X4_20dX,X4 F26,F26,X4 20dX,XX19,SAC,RUS,2015-07,2018-02
2X72-EUR-08-2015,2X72-EUR-08-2015-F45-BMW-216i,2 Series F45 Active Tourer,F45,216i,2X72,Active Tourer,EUR,2015-08,2015-08
4D32-EUR-08-2015,4D32-EUR-08-2015-F36-BMW-420i,4 Series F36 Gran Coupé,F36,420i,4D32,Gran Coupé,EUR,2015-08,2017-02
4D72-EUR-08-2015,4D72-EUR-08-2015-F36-BMW-420iX,4 Series F36 Gran Coupé,F36,420iX,4D72,Gran Coupé,EUR,2015-08,2017-02
4D92-EUR-08-2015,4D92-EUR-08-2015-F36-BMW-430i,4 Series F36 Gran Coupé,F36,430i,4D92,Gran Coupé,EUR,2015-08,2017-02
4E32-EUR-08-2015,4E32-EUR-08-2015-F36-BMW-440i,4 Series F36 Gran Coupé,F36,440i,4E32,Gran Coupé,EUR,2015-08,2017-02
4F32-EUR-08-2015,4F32-EUR-08-2015-F36-BMW-425d,4 Series F36 Gran Coupé,F36,425d,4F32,Gran Coupé,EUR,2015-08,2015-12
4T32-EUR-08-2015,4T32-EUR-08-2015-F33-BMW-420i,4 Series F33,F33,420i,4T32,Convertible,EUR,2015-08,2017-02
4T92-EUR-08-2015,4T92-EUR-08-2015-F33-BMW-440i,4 Series F33,F33,440i,4T92,Convertible,EUR,2015-08,2017-02
8C77-IND-08-2015,8C77-IND-08-2015-F30N-BMW-320d,3 Series F30 LCI,F30N,320d,8C77,Sedan,IND,2015-08,2018-10
8E70-BRA-08-2015,8E70-BRA-08-2015-F30N-BMW-328i,3 Series F30 LCI,F30N,328i,8E70,Sedan,BRA,2015-08,2015-10
KT44-THA-08-2015,KT44-THA-08-2015-F15-BMW-X5_25d,X5 F15,F15,X5 25d,KT44,SUV,THA,2015-08,2018-01
LS44-CHN-08-2015,LS44-CHN-08-2015-F15-BMW-X5_28iX,X5 F15,F15,X5 28iX,LS44,SUV,CHN,2015-08,2017-10
LS64-CHN-08-2015,LS64-CHN-08-2015-F15-BMW-X5_35iX,X5 F15,F15,X5 35iX,LS64,SUV,CHN,2015-08,2018-06
XW38-MYS-08-2015,XW38-MYS-08-2015-F26-BMW-X4_28iX,X4 F26,F26,X4 28iX,XW38,SAC,MYS,2015-08,2016-02
1P91-EUR-09-2015,1P91-EUR-09-2015-F21N-BMW-M140iX,1 Series F21 LCI,F21N,M140iX,1P91,3 doors,EUR,2015-09,2019-06
1R91-EUR-09-2015,1R91-EUR-09-2015-F20N-BMW-M140iX,1 Series F20 LCI,F20N,M140iX,1R91,5 doors,EUR,2015-09,2019-06
1S11-EUR-09-2015,1S11-EUR-09-2015-F20N-BMW-120i,1 Series F20 LCI,F20N,120i,1S11,5 doors,EUR,2015-09,2019-06
1S31-EUR-09-2015,1S31-EUR-09-2015-F20N-BMW-125i,1 Series F20 LCI,F20N,125i,1S31,5 doors,EUR,2015-09,2019-06
1S91-EUR-09-2015,1S91-EUR-09-2015-F20N-BMW-M140i,1 Series F20 LCI,F20N,M140i,1S91,5 doors,EUR,2015-09,2019-06
2F31-EUR-09-2015,2F31-EUR-09-2015-F22-BMW-220i,2 Series F22,F22,220i,2F31,Coupe,EUR,2015-09,2017-06
2F51-EUR-09-2015,2F51-EUR-09-2015-F22-BMW-230i,2 Series F22,F22,230i,2F51,Coupe,EUR,2015-09,2017-06
2F93-USA-09-2015,2F93-USA-09-2015-F22-BMW-230i,2 Series F22,F22,230i,2F93,Coupe,USA,2015-09,2017-06
2G11-EUR-09-2015,2G11-EUR-09-2015-F22-BMW-M240i,2 Series F22,F22,M240i,2G11,Coupe,EUR,2015-09,2017-06
2G13-USA-09-2015,2G13-USA-09-2015-F22-BMW-M240i,2 Series F22,F22,M240i,2G13,Coupe,USA,2015-09,2017-06
2G31-EUR-09-2015,2G31-EUR-09-2015-F22-BMW-M240iX,2 Series F22,F22,M240iX,2G31,Coupe,EUR,2015-09,2017-06
2G33-USA-09-2015,2G33-USA-09-2015-F22-BMW-M240iX,2 Series F22,F22,M240iX,2G33,Coupe,USA,2015-09,2017-06
2H93-USA-09-2015,2H93-USA-09-2015-F22-BMW-230iX,2 Series F22,F22,230iX,2H93,Coupe,USA,2015-09,2017-06
2K31-EUR-09-2015,2K31-EUR-09-2015-F23-BMW-220i,2 Series F23,F23,220i,2K31,Convertible,EUR,2015-09,2017-06
2K51-EUR-09-2015,2K51-EUR-09-2015-F23-BMW-230i,2 Series F23,F23,230i,2K51,Convertible,EUR,2015-09,2017-06
2K93-USA-09-2015,2K93-USA-09-2015-F23-BMW-230i,2 Series F23,F23,230i,2K93,Convertible,USA,2015-09,2017-06
2L11-EUR-09-2015,2L11-EUR-09-2015-F23-BMW-M240i,2 Series F23,F23,M240i,2L11,Convertible,EUR,2015-09,2017-06
2L31-EUR-09-2015,2L31-EUR-09-2015-F23-BMW-M240iX,2 Series F23,F23,M240iX,2L31,Convertible,EUR,2015-09,2017-06
2L33-USA-09-2015,2L33-USA-09-2015-F23-BMW-M240iX,2 Series F23,F23,M240iX,2L33,Convertible,USA,2015-09,2017-06
4P13-USA-09-2015,4P13-USA-09-2015-F32-BMW-440i,4 Series F32,F32,440i,4P13,Coupe,USA,2015-09,2017-02
4P33-USA-09-2015,4P33-USA-09-2015-F32-BMW-440iX,4 Series F32,F32,440iX,4P33,Coupe,USA,2015-09,2017-02
4R73-USA-09-2015,4R73-USA-09-2015-F32-BMW-430i,4 Series F32,F32,430i,4R73,Coupe,USA,2015-09,2017-02
4U13-USA-09-2015,4U13-USA-09-2015-F33-BMW-440iX,4 Series F33,F33,440iX,4U13,Convertible,USA,2015-09,2017-02
4U93-USA-09-2015,4U93-USA-09-2015-F33-BMW-430iX,4 Series F33,F33,430iX,4U93,Convertible,USA,2015-09,2017-02
7C01-EUR-09-2015,7C01-EUR-09-2015-G11-BMW-725d,7 Series G11,G11,725d,7C01,Sedan,EUR,2015-09,2019-02
7C81-EUR-09-2015,7C81-EUR-09-2015-G11-BMW-750dX,7 Series G11,G11,750dX,7C81,Sedan,EUR,2015-09,2019-02
7J21-EUR-09-2015,7J21-EUR-09-2015-G12-BMW-740LeX,7 Series G12,G12,740LeX,7J21,Sedan,EUR,2015-09,2019-02
8B55-EGY-09-2015,8B55-EGY-09-2015-F30N-BMW-340i,3 Series F30 LCI,F30N,340i,8B55,Sedan,EGY,2015-09,2018-09
8C76-IDN-09-2015,8C76-IDN-09-2015-F30N-BMW-320d,3 Series F30 LCI,F30N,320d,8C76,Sedan,IDN,2015-09,2016-06
8D93-USA-09-2015,8D93-USA-09-2015-F30N-BMW-330iX,3 Series F30 LCI,F30N,330iX,8D93,Sedan,USA,2015-09,2018-10
8K33-USA-09-2015,8K33-USA-09-2015-F31N-BMW-330iX,3 Series F31 LCI,F31N,330iX,8K33,Touring,USA,2015-09,2019-05
8X32-EUR-09-2015,8X32-EUR-09-2015-F34N-BMW-320i,3 Series F34 GT LCI,F34N,320i,8X32,Gran Turismo,EUR,2015-09,2019-11
8Y11-EUR-09-2015,8Y11-EUR-09-2015-F34N-BMW-340i,3 Series F34 GT LCI,F34N,340i,8Y11,Gran Turismo,EUR,2015-09,2020-09
8Y31-EUR-09-2015,8Y31-EUR-09-2015-F34N-BMW-340iX,3 Series F34 GT LCI,F34N,340iX,8Y31,Gran Turismo,EUR,2015-09,2020-09
8Z11-EUR-09-2015,8Z11-EUR-09-2015-F34N-BMW-325d,3 Series F34 GT LCI,F34N,325d,8Z11,Gran Turismo,EUR,2015-09,2018-02
8Z93-USA-09-2015,8Z93-USA-09-2015-F34N-BMW-330iX,3 Series F34 GT LCI,F34N,330iX,8Z93,Gran Turismo,USA,2015-09,2019-02
LS06-IDN-09-2015,LS06-IDN-09-2015-F15-BMW-X5_25dX,X5 F15,F15,X5 25dX,LS06,SUV,IDN,2015-09,2018-02
WW34-THA-09-2015,WW34-THA-09-2015-F25-BMW-X3_20i,X3 F25,F25,X3 20i,WW34,SUV,THA,2015-09,2016-12
WW54-THA-09-2015,WW54-THA-09-2015-F25-BMW-X3_20iX,X3 F25,F25,X3 20iX,WW54,SUV,THA,2015-09,2016-12
1W11-EUR-10-2015,1W11-EUR-10-2015-F21N-BMW-120i,1 Series F21 LCI,F21N,120i,1W11,3 doors,EUR,2015-10,2019-06
1W31-EUR-10-2015,1W31-EUR-10-2015-F21N-BMW-125i,1 Series F21 LCI,F21N,125i,1W31,3 doors,EUR,2015-10,2019-06
1W91-EUR-10-2015,1W91-EUR-10-2015-F21N-BMW-M140i,1 Series F21 LCI,F21N,M140i,1W91,3 doors,EUR,2015-10,2019-06
2F32-EUR-10-2015,2F32-EUR-10-2015-F22-BMW-220i,2 Series F22,F22,220i,2F32,Coupe,EUR,2015-10,2017-06
2L12-EUR-10-2015,2L12-EUR-10-2015-F23-BMW-M240i,2 Series F23,F23,M240i,2L12,Convertible,EUR,2015-10,2017-06
2L13-USA-10-2015,2L13-USA-10-2015-F23-BMW-M240i,2 Series F23,F23,M240i,2L13,Convertible,USA,2015-10,2017-06
2Y31-CHN-10-2015,2Y31-CHN-10-2015-F52-BMW-118i,1 Series F52 Sedan,F52,118i,2Y31,Sedan,CHN,2015-10,2019-08
2Y91-CHN-10-2015,2Y91-CHN-10-2015-F52-BMW-125i,1 Series F52 Sedan,F52,125i,2Y91,Sedan,CHN,2015-10,2018-12
4E33-USA-10-2015,4E33-USA-10-2015-F36-BMW-440i,4 Series F36 Gran Coupé,F36,440i,4E33,Gran Coupé,USA,2015-10,2017-02
4E53-USA-10-2015,4E53-USA-10-2015-F36-BMW-440iX,4 Series F36 Gran Coupé,F36,440iX,4E53,Gran Coupé,USA,2015-10,2017-02
4F73-USA-10-2015,4F73-USA-10-2015-F36-BMW-430i,4 Series F36 Gran Coupé,F36,430i,4F73,Gran Coupé,USA,2015-10,2017-02
4F93-USA-10-2015,4F93-USA-10-2015-F36-BMW-430iX,4 Series F36 Gran Coupé,F36,430iX,4F93,Gran Coupé,USA,2015-10,2017-02
4R93-USA-10-2015,4R93-USA-10-2015-F32-BMW-430iX,4 Series F32,F32,430iX,4R93,Coupe,USA,2015-10,2017-02
4T93-USA-10-2015,4T93-USA-10-2015-F33-BMW-440i,4 Series F33,F33,440i,4T93,Convertible,USA,2015-10,2017-02
4U52-EUR-10-2015,4U52-EUR-10-2015-F33-BMW-425d,4 Series F33,F33,425d,4U52,Convertible,EUR,2015-10,2015-12
4U73-USA-10-2015,4U73-USA-10-2015-F33-BMW-430i,4 Series F33,F33,430i,4U73,Convertible,USA,2015-10,2017-02
7D02-EUR-10-2015,7D02-EUR-10-2015-G11-BMW-740e,7 Series G11,G11,740e,7D02,Sedan,EUR,2015-10,2019-02
7E28-MYS-10-2015,7E28-MYS-10-2015-G12-BMW-740Li,7 Series G12,G12,740Li,7E28,Sedan,MYS,2015-10,2016-08
7G21-EUR-10-2015,7G21-EUR-10-2015-G12-BMW-725Ld,7 Series G12,G12,725Ld,7G21,Sedan,EUR,2015-10,2018-08
7G22-EUR-10-2015,7G22-EUR-10-2015-G12-BMW-725Ld,7 Series G12,G12,725Ld,7G22,Sedan,EUR,2015-10,2018-12
7G47-IND-10-2015,7G47-IND-10-2015-G12-BMW-730Ld,7 Series G12,G12,730Ld,7G47,Sedan,IND,2015-10,2019-01
7H01-EUR-10-2015,7H01-EUR-10-2015-G12-BMW-750LdX,7 Series G12,G12,750LdX,7H01,Sedan,EUR,2015-10,2019-02
7J22-EUR-10-2015,7J22-EUR-10-2015-G12-BMW-740LeX,7 Series G12,G12,740LeX,7J22,Sedan,EUR,2015-10,2019-02
7J23-USA-10-2015,7J23-USA-10-2015-G12-BMW-740eX,7 Series G12,G12,740eX,7J23,Sedan,USA,2015-10,2019-02
8A14-CHN-10-2015,8A14-CHN-10-2015-F30N-BMW-320i,3 Series F30 LCI,F30N,320i,8A14,Sedan,CHN,2015-10,2019-03
8A74-CHN-10-2015,8A74-CHN-10-2015-F30N-BMW-330i,3 Series F30 LCI,F30N,330i,8A74,Sedan,CHN,2015-10,2018-08
8B93-USA-10-2015,8B93-USA-10-2015-F30N-BMW-330i,3 Series F30 LCI,F30N,330i,8B93,Sedan,USA,2015-10,2018-10
8M70-BRA-10-2015,8M70-BRA-10-2015-F30N-BMW-328i,3 Series F30 LCI,F30N,328i,8M70,Sedan,BRA,2015-10,2018-07
8R11-CHN-10-2015,8R11-CHN-10-2015-F35N-BMW-320LiX,3 Series F35 LCI,F35N,320LiX,8R11,Sedan,CHN,2015-10,2019-03
8T32-EUR-10-2015,8T32-EUR-10-2015-F34N-BMW-320d,3 Series F34 GT LCI,F34N,320d,8T32,Gran Turismo,EUR,2015-10,2019-11
8X31-EUR-10-2015,8X31-EUR-10-2015-F34N-BMW-320i,3 Series F34 GT LCI,F34N,320i,8X31,Gran Turismo,EUR,2015-10,2021-05
8X51-EUR-10-2015,8X51-EUR-10-2015-F34N-BMW-320iX,3 Series F34 GT LCI,F34N,320iX,8X51,Gran Turismo,EUR,2015-10,2020-10
8X71-EUR-10-2015,8X71-EUR-10-2015-F34N-BMW-330i,3 Series F34 GT LCI,F34N,330i,8X71,Gran Turismo,EUR,2015-10,2021-05
8X91-EUR-10-2015,8X91-EUR-10-2015-F34N-BMW-330iX,3 Series F34 GT LCI,F34N,330iX,8X91,Gran Turismo,EUR,2015-10,2020-09
8Y33-USA-10-2015,8Y33-USA-10-2015-F34N-BMW-340iX,3 Series F34 GT LCI,F34N,340iX,8Y33,Gran Turismo,USA,2015-10,2019-04
JA53-USA-10-2015,JA53-USA-10-2015-G30-BMW-530i,5 Series G30,G30,530i,JA53,Sedan,USA,2015-10,2019-06
JB93-USA-10-2015,JB93-USA-10-2015-G30-BMW-M550iX,5 Series G30,G30,M550iX,JB93,Sedan,USA,2015-10,2019-06
JC31-EUR-10-2015,JC31-EUR-10-2015-G30-BMW-520d,5 Series G30,G30,520d,JC31,Sedan,EUR,2015-10,2020-06
JD11-EUR-10-2015,JD11-EUR-10-2015-G30-BMW-530dX,5 Series G30,G30,530dX,JD11,Sedan,EUR,2015-10,2020-06
JE73-USA-10-2015,JE73-USA-10-2015-G30-BMW-540iX,5 Series G30,G30,540iX,JE73,Sedan,USA,2015-10,2019-06
1S12-EUR-11-2015,1S12-EUR-11-2015-F20N-BMW-120i,1 Series F20 LCI,F20N,120i,1S12,5 doors,EUR,2015-11,2019-06
1S92-EUR-11-2015,1S92-EUR-11-2015-F20N-BMW-M140i,1 Series F20 LCI,F20N,M140i,1S92,5 doors,EUR,2015-11,2019-06
1W12-EUR-11-2015,1W12-EUR-11-2015-F21N-BMW-120i,1 Series F21 LCI,F21N,120i,1W12,3 doors,EUR,2015-11,2019-06
1Z62-EUR-11-2015,1Z62-EUR-11-2015-I01-BMW_i-i3_94Ah,i3 I01,I01,i3 94Ah,1Z62,Mega City Vehicle,EUR,2015-11,2017-10
2G12-EUR-11-2015,2G12-EUR-11-2015-F22-BMW-M240i,2 Series F22,F22,M240i,2G12,Coupe,EUR,2015-11,2017-06
2K32-EUR-11-2015,2K32-EUR-11-2015-F23-BMW-220i,2 Series F23,F23,220i,2K32,Convertible,EUR,2015-11,2017-06
2M93-USA-11-2015,2M93-USA-11-2015-F23-BMW-230iX,2 Series F23,F23,230iX,2M93,Convertible,USA,2015-11,2017-06
2W31-CHN-11-2015,2W31-CHN-11-2015-F52-BMW-120i,1 Series F52 Sedan,F52,120i,2W31,Sedan,CHN,2015-11,2019-08
7G44-THA-11-2015,7G44-THA-11-2015-G12-BMW-730Ld,7 Series G12,G12,730Ld,7G44,Sedan,THA,2015-11,2018-12
8B91-EUR-11-2015,8B91-EUR-11-2015-F30N-BMW-330i,3 Series F30 LCI,F30N,330i,8B91,Sedan,EUR,2015-11,2018-10
8T31-EUR-11-2015,8T31-EUR-11-2015-F34N-BMW-320d,3 Series F34 GT LCI,F34N,320d,8T31,Gran Turismo,EUR,2015-11,2020-09
8T51-EUR-11-2015,8T51-EUR-11-2015-F34N-BMW-320dX,3 Series F34 GT LCI,F34N,320dX,8T51,Gran Turismo,EUR,2015-11,2020-10
8T91-EUR-11-2015,8T91-EUR-11-2015-F34N-BMW-330dX,3 Series F34 GT LCI,F34N,330dX,8T91,Gran Turismo,EUR,2015-11,2020-09
8X72-EUR-11-2015,8X72-EUR-11-2015-F34N-BMW-330i,3 Series F34 GT LCI,F34N,330i,8X72,Gran Turismo,EUR,2015-11,2019-06
8Y12-EUR-11-2015,8Y12-EUR-11-2015-F34N-BMW-340i,3 Series F34 GT LCI,F34N,340i,8Y12,Gran Turismo,EUR,2015-11,2018-11
HS70-BRA-11-2015,HS70-BRA-11-2015-F48-BMW-X1_20i,X1 F48,F48,X1 20i,HS70,SUV,BRA,2015-11,2018-02
HT10-BRA-11-2015,HT10-BRA-11-2015-F48-BMW-X1_25iX,X1 F48,F48,X1 25iX,HT10,SUV,BRA,2015-11,2018-02
JA51-EUR-11-2015,JA51-EUR-11-2015-G30-BMW-530i,5 Series G30,G30,530i,JA51,Sedan,EUR,2015-11,2019-06
JA71-EUR-11-2015,JA71-EUR-11-2015-G30-BMW-530iX,5 Series G30,G30,530iX,JA71,Sedan,EUR,2015-11,2018-06
JA73-USA-11-2015,JA73-USA-11-2015-G30-BMW-530iX,5 Series G30,G30,530iX,JA73,Sedan,USA,2015-11,2019-06
JB31-EUR-11-2015,JB31-EUR-11-2015-G30-BMW-540i,5 Series G30,G30,540i,JB31,Sedan,EUR,2015-11,2019-06
JB51-EUR-11-2015,JB51-EUR-11-2015-G30-BMW-540iX,5 Series G30,G30,540iX,JB51,Sedan,EUR,2015-11,2019-06
JB91-EUR-11-2015,JB91-EUR-11-2015-G30-BMW-M550iX,5 Series G30,G30,M550iX,JB91,Sedan,EUR,2015-11,2019-06
JC51-EUR-11-2015,JC51-EUR-11-2015-G30-BMW-520dX,5 Series G30,G30,520dX,JC51,Sedan,EUR,2015-11,2020-06
JC52-EUR-11-2015,JC52-EUR-11-2015-G30-BMW-520dX,5 Series G30,G30,520dX,JC52,Sedan,EUR,2015-11,2018-06
JC91-EUR-11-2015,JC91-EUR-11-2015-G30-BMW-530d,5 Series G30,G30,530d,JC91,Sedan,EUR,2015-11,2020-06
JD12-EUR-11-2015,JD12-EUR-11-2015-G30-BMW-530dX,5 Series G30,G30,530dX,JD12,Sedan,EUR,2015-11,2020-06
JD13-USA-11-2015,JD13-USA-11-2015-G30-BMW-540dX,5 Series G30,G30,540dX,JD13,Sedan,USA,2015-11,2018-06
JE53-USA-11-2015,JE53-USA-11-2015-G30-BMW-540i,5 Series G30,G30,540i,JE53,Sedan,USA,2015-11,2019-06
1W32-EUR-12-2015,1W32-EUR-12-2015-F21N-BMW-125i,1 Series F21 LCI,F21N,125i,1W32,3 doors,EUR,2015-12,2019-02
1W92-EUR-12-2015,1W92-EUR-12-2015-F21N-BMW-M140i,1 Series F21 LCI,F21N,M140i,1W92,3 doors,EUR,2015-12,2019-06
4T52-EUR-12-2015,4T52-EUR-12-2015-F33-BMW-430i,4 Series F33,F33,430i,4T52,Convertible,EUR,2015-12,2017-02
7F13-USA-12-2015,7F13-USA-12-2015-G12-BMW-BMW_ALPINA_B7,7 Series G12,G12,BMW ALPINA B7,7F13,Sedan,USA,2015-12,2018-12
HS16-IDN-12-2015,HS16-IDN-12-2015-F48-BMW-X1_18i,X1 F48,F48,X1 18i,HS16,SUV,IDN,2015-12,2017-06
JA52-EUR-12-2015,JA52-EUR-12-2015-G30-BMW-530i,5 Series G30,G30,530i,JA52,Sedan,EUR,2015-12,2018-06
JB32-EUR-12-2015,JB32-EUR-12-2015-G30-BMW-540i,5 Series G30,G30,540i,JB32,Sedan,EUR,2015-12,2019-06
JB52-EUR-12-2015,JB52-EUR-12-2015-G30-BMW-540iX,5 Series G30,G30,540iX,JB52,Sedan,EUR,2015-12,2019-06
JC32-EUR-12-2015,JC32-EUR-12-2015-G30-BMW-520d,5 Series G30,G30,520d,JC32,Sedan,EUR,2015-12,2020-05
JC92-EUR-12-2015,JC92-EUR-12-2015-G30-BMW-530d,5 Series G30,G30,530d,JC92,Sedan,EUR,2015-12,2020-06
JD91-EUR-12-2015,JD91-EUR-12-2015-G30-BMW-530iX,5 Series G30,G30,530iX,JD91,Sedan,EUR,2015-12,2019-06
KU65-EGY-12-2015,KU65-EGY-12-2015-F16-BMW-X6_50iX_44,X6 F16,F16,X6 50iX 4.4,KU65,SAC,EGY,2015-12,2019-04
XW55-EGY-12-2015,XW55-EGY-12-2015-F26-BMW-X4_35iX,X4 F26,F26,X4 35iX,XW55,SAC,EGY,2015-12,2017-12
7H61-EUR-01-2016,7H61-EUR-01-2016-G12-BMW-M760LiX,7 Series G12,G12,M760LiX,7H61,Sedan,EUR,2016-01,2019-02
7H63-USA-01-2016,7H63-USA-01-2016-G12-BMW-M760iX,7 Series G12,G12,M760iX,7H63,Sedan,USA,2016-01,2019-02
8A39-RUS-01-2016,8A39-RUS-01-2016-F30N-BMW-320i,3 Series F30 LCI,F30N,320i,8A39,Sedan,RUS,2016-01,2018-10
8B97-USA-01-2016,8B97-USA-01-2016-F30N-BMW-330i,3 Series F30 LCI,F30N,330i,8B97,Sedan,USA,2016-01,2018-02
8C99-RUS-01-2016,8C99-RUS-01-2016-F30N-BMW-320dX,3 Series F30 LCI,F30N,320dX,8C99,Sedan,RUS,2016-01,2018-10
8D97-USA-01-2016,8D97-USA-01-2016-F30N-BMW-330iX,3 Series F30 LCI,F30N,330iX,8D97,Sedan,USA,2016-01,2018-02
8T12-EUR-01-2016,8T12-EUR-01-2016-F34N-BMW-318d,3 Series F34 GT LCI,F34N,318d,8T12,Gran Turismo,EUR,2016-01,2018-01
8T52-EUR-01-2016,8T52-EUR-01-2016-F34N-BMW-320dX,3 Series F34 GT LCI,F34N,320dX,8T52,Gran Turismo,EUR,2016-01,2019-06
8U11-EUR-01-2016,8U11-EUR-01-2016-F34N-BMW-335dX,3 Series F34 GT LCI,F34N,335dX,8U11,Gran Turismo,EUR,2016-01,2020-09
8X52-EUR-01-2016,8X52-EUR-01-2016-F34N-BMW-320iX,3 Series F34 GT LCI,F34N,320iX,8X52,Gran Turismo,EUR,2016-01,2019-09
HS14-THA-01-2016,HS14-THA-01-2016-F48-BMW-X1_18i,X1 F48,F48,X1 18i,HS14,SUV,THA,2016-01,2017-06
HS78-MYS-01-2016,HS78-MYS-01-2016-F48-BMW-X1_20i,X1 F48,F48,X1 20i,HS78,SUV,MYS,2016-01,2017-06
HT74-THA-01-2016,HT74-THA-01-2016-F48-BMW-X1_18d,X1 F48,F48,X1 18d,HT74,SUV,THA,2016-01,2019-01
HU17-IND-01-2016,HU17-IND-01-2016-F48-BMW-X1_20d,X1 F48,F48,X1 20d,HU17,SUV,IND,2016-01,2019-06
HU37-IND-01-2016,HU37-IND-01-2016-F48-BMW-X1_20dX,X1 F48,F48,X1 20dX,HU37,SUV,IND,2016-01,2018-11
HU38-MYS-01-2016,HU38-MYS-01-2016-F48-BMW-X1_20dX,X1 F48,F48,X1 20dX,HU38,SUV,MYS,2016-01,2016-03
JF01-EUR-01-2016,JF01-EUR-01-2016-F90-BMW-M5,5 Series F90 M5,F90,M5,JF01,Sedan,EUR,2016-01,2020-06
XW14-THA-01-2016,XW14-THA-01-2016-F26-BMW-X4_20iX,X4 F26,F26,X4 20iX,XW14,SAC,THA,2016-01,2017-06
2F52-EUR-02-2016,2F52-EUR-02-2016-F22-BMW-230i,2 Series F22,F22,230i,2F52,Coupe,EUR,2016-02,2017-06
HT30-USA-02-2016,HT30-USA-02-2016-F48-BMW-X1_28iX,X1 F48,F48,X1 28iX,HT30,SUV,USA,2016-02,2017-10
JD31-EUR-02-2016,JD31-EUR-02-2016-G30-BMW-530i,5 Series G30,G30,530i,JD31,Sedan,EUR,2016-02,2019-06
JF02-EUR-02-2016,JF02-EUR-02-2016-F90-BMW-M5,5 Series F90 M5,F90,M5,JF02,Sedan,EUR,2016-02,2020-06
JF03-USA-02-2016,JF03-USA-02-2016-F90-BMW-M5,5 Series F90 M5,F90,M5,JF03,Sedan,USA,2016-02,2020-06
KT08-MYS-02-2016,KT08-MYS-02-2016-F15-BMW-X5_40eX,X5 F15,F15,X5 40eX,KT08,SUV,MYS,2016-02,2018-06
KY31-CHN-02-2016,KY31-CHN-02-2016-G38-BMW-528Li,5 Series G38,G38,528Li,KY31,Sedan,CHN,2016-02,2017-12
KY51-CHN-02-2016,KY51-CHN-02-2016-G38-BMW-530Li,5 Series G38,G38,530Li,KY51,Sedan,CHN,2016-02,2020-08
KZ31-CHN-02-2016,KZ31-CHN-02-2016-G38-BMW-540Li,5 Series G38,G38,540Li,KZ31,Sedan,CHN,2016-02,2019-08
1S32-EUR-03-2016,1S32-EUR-03-2016-F20N-BMW-125i,1 Series F20 LCI,F20N,125i,1S32,5 doors,EUR,2016-03,2019-05
2K52-EUR-03-2016,2K52-EUR-03-2016-F23-BMW-230i,2 Series F23,F23,230i,2K52,Convertible,EUR,2016-03,2017-06
7C02-EUR-03-2016,7C02-EUR-03-2016-G11-BMW-725d,7 Series G11,G11,725d,7C02,Sedan,EUR,2016-03,2018-10
8A54-THA-03-2016,8A54-THA-03-2016-F30N-BMW-318i,3 Series F30 LCI,F30N,318i,8A54,Sedan,THA,2016-03,2016-03
8M35-EGY-03-2016,8M35-EGY-03-2016-F30N-BMW-318i,3 Series F30 LCI,F30N,318i,8M35,Sedan,EGY,2016-03,2018-10
8T11-EUR-03-2016,8T11-EUR-03-2016-F34N-BMW-318d,3 Series F34 GT LCI,F34N,318d,8T11,Gran Turismo,EUR,2016-03,2018-02
JA91-EUR-03-2016,JA91-EUR-03-2016-G30-BMW-530e,5 Series G30,G30,530e,JA91,Sedan,EUR,2016-03,2020-06
JA93-USA-03-2016,JA93-USA-03-2016-G30-BMW-530e,5 Series G30,G30,530e,JA93,Sedan,USA,2016-03,2020-06
JB13-USA-03-2016,JB13-USA-03-2016-G30-BMW-530eX,5 Series G30,G30,530eX,JB13,Sedan,USA,2016-03,2020-06
JE31-EUR-03-2016,JE31-EUR-03-2016-G30-BMW-520d_ed,5 Series G30,G30,520d ed,JE31,Sedan,EUR,2016-03,2018-06
JE32-EUR-03-2016,JE32-EUR-03-2016-G30-BMW-520d_ed,5 Series G30,G30,520d ed,JE32,Sedan,EUR,2016-03,2018-06
JL31-EUR-03-2016,JL31-EUR-03-2016-G31-BMW-530i,5 Series G31 Touring,G31,530i,JL31,Touring,EUR,2016-03,2018-06
JL32-EUR-03-2016,JL32-EUR-03-2016-G31-BMW-530i,5 Series G31 Touring,G31,530i,JL32,Touring,EUR,2016-03,2018-06
JM11-EUR-03-2016,JM11-EUR-03-2016-G31-BMW-540iX,5 Series G31 Touring,G31,540iX,JM11,Touring,EUR,2016-03,2019-06
JM71-EUR-03-2016,JM71-EUR-03-2016-G31-BMW-520d,5 Series G31 Touring,G31,520d,JM71,Touring,EUR,2016-03,2019-02
JM72-EUR-03-2016,JM72-EUR-03-2016-G31-BMW-520d,5 Series G31 Touring,G31,520d,JM72,Touring,EUR,2016-03,2019-02
JN31-EUR-03-2016,JN31-EUR-03-2016-G31-BMW-530d,5 Series G31 Touring,G31,530d,JN31,Touring,EUR,2016-03,2020-06
JN51-EUR-03-2016,JN51-EUR-03-2016-G31-BMW-530dX,5 Series G31 Touring,G31,530dX,JN51,Touring,EUR,2016-03,2020-06
KY71-CHN-03-2016,KY71-CHN-03-2016-G38-BMW-530LiX,5 Series G38,G38,530LiX,KY71,Sedan,CHN,2016-03,2020-08
5A37-IND-04-2016,5A37-IND-04-2016-F10N-BMW-520i,5 Series F10 LCI,F10N,520i,5A37,Sedan,IND,2016-04,2016-04
7H62-EUR-04-2016,7H62-EUR-04-2016-G12-BMW-M760LiX,7 Series G12,G12,M760LiX,7H62,Sedan,EUR,2016-04,2019-01
8A37-IND-04-2016,8A37-IND-04-2016-F30N-BMW-320i,3 Series F30 LCI,F30N,320i,8A37,Sedan,IND,2016-04,2016-04
8E14-THA-04-2016,8E14-THA-04-2016-F30N-BMW-330e,3 Series F30 LCI,F30N,330e,8E14,Sedan,THA,2016-04,2018-09
JA92-EUR-04-2016,JA92-EUR-04-2016-G30-BMW-530e,5 Series G30,G30,530e,JA92,Sedan,EUR,2016-04,2020-06
JM12-EUR-04-2016,JM12-EUR-04-2016-G31-BMW-540iX,5 Series G31 Touring,G31,540iX,JM12,Touring,EUR,2016-04,2019-06
JN32-EUR-04-2016,JN32-EUR-04-2016-G31-BMW-530d,5 Series G31 Touring,G31,530d,JN32,Touring,EUR,2016-04,2020-06
JN52-EUR-04-2016,JN52-EUR-04-2016-G31-BMW-530dX,5 Series G31 Touring,G31,530dX,JN52,Touring,EUR,2016-04,2020-06
KT04-THA-04-2016,KT04-THA-04-2016-F15-BMW-X5_40eX,X5 F15,F15,X5 40eX,KT04,SUV,THA,2016-04,2018-02
KV49-RUS-04-2016,KV49-RUS-04-2016-F16-BMW-X6_40dX,X6 F16,F16,X6 40dX,KV49,SAC,RUS,2016-04,2019-05
4H71-EUR-05-2016,4H71-EUR-05-2016-F36N-BMW-430i,4 Series F36 Gran Coupé LCI,F36N,430i,4H71,Gran Coupé,EUR,2016-05,2021-05
4J13-USA-05-2016,4J13-USA-05-2016-F36N-BMW-430i,4 Series F36 Gran Coupé LCI,F36N,430i,4J13,Gran Coupé,USA,2016-05,2020-05
4J51-EUR-05-2016,4J51-EUR-05-2016-F36N-BMW-440i,4 Series F36 Gran Coupé LCI,F36N,440i,4J51,Gran Coupé,EUR,2016-05,2021-05
4K31-EUR-05-2016,4K31-EUR-05-2016-F36N-BMW-420d,4 Series F36 Gran Coupé LCI,F36N,420d,4K31,Gran Coupé,EUR,2016-05,2020-09
4K72-EUR-05-2016,4K72-EUR-05-2016-F36N-BMW-425d,4 Series F36 Gran Coupé LCI,F36N,425d,4K72,Gran Coupé,EUR,2016-05,2016-11
4S52-EUR-05-2016,4S52-EUR-05-2016-F32N-BMW-420iX,4 Series F32 LCI,F32N,420iX,4S52,Coupe,EUR,2016-05,2020-05
4S71-EUR-05-2016,4S71-EUR-05-2016-F32N-BMW-430i,4 Series F32 LCI,F32N,430i,4S71,Coupe,EUR,2016-05,2020-05
4V11-EUR-05-2016,4V11-EUR-05-2016-F33N-BMW-420i,4 Series F33 LCI,F33N,420i,4V11,Convertible,EUR,2016-05,2020-07
4V31-EUR-05-2016,4V31-EUR-05-2016-F33N-BMW-430i,4 Series F33 LCI,F33N,430i,4V31,Convertible,EUR,2016-05,2020-07
4W31-EUR-05-2016,4W31-EUR-05-2016-F32N-BMW-430i,4 Series F32 LCI,F32N,430i,4W31,Coupe,EUR,2016-05,2020-06
4W53-USA-05-2016,4W53-USA-05-2016-F32N-BMW-430iX,4 Series F32 LCI,F32N,430iX,4W53,Coupe,USA,2016-05,2020-06
4W71-EUR-05-2016,4W71-EUR-05-2016-F32N-BMW-440i,4 Series F32 LCI,F32N,440i,4W71,Coupe,EUR,2016-05,2020-06
4X11-EUR-05-2016,4X11-EUR-05-2016-F32N-BMW-418d,4 Series F32 LCI,F32N,418d,4X11,Coupe,EUR,2016-05,2017-10
4X31-EUR-05-2016,4X31-EUR-05-2016-F32N-BMW-420d,4 Series F32 LCI,F32N,420d,4X31,Coupe,EUR,2016-05,2020-06
4Y91-EUR-05-2016,4Y91-EUR-05-2016-F82N-BMW-M4,4 Series F82 M4 LCI,F82N,M4,4Y91,Coupe,EUR,2016-05,2020-06
4Y93-USA-05-2016,4Y93-USA-05-2016-F82N-BMW-M4,4 Series F82 M4 LCI,F82N,M4,4Y93,Coupe,USA,2016-05,2020-06
4Z51-EUR-05-2016,4Z51-EUR-05-2016-F33N-BMW-440i,4 Series F33 LCI,F33N,440i,4Z51,Convertible,EUR,2016-05,2020-07
4Z71-EUR-05-2016,4Z71-EUR-05-2016-F33N-BMW-440iX,4 Series F33 LCI,F33N,440iX,4Z71,Convertible,EUR,2016-05,2020-07
4Z91-EUR-05-2016,4Z91-EUR-05-2016-F83N-BMW-M4,4 Series F83 M4 LCI,F83N,M4,4Z91,Convertible,EUR,2016-05,2020-07
4Z93-USA-05-2016,4Z93-USA-05-2016-F83N-BMW-M4,4 Series F83 M4 LCI,F83N,M4,4Z93,Convertible,USA,2016-05,2020-07
8E18-MYS-05-2016,8E18-MYS-05-2016-F30N-BMW-330e,3 Series F30 LCI,F30N,330e,8E18,Sedan,MYS,2016-05,2018-10
8S11-EUR-05-2016,8S11-EUR-05-2016-F33N-BMW-420d,4 Series F33 LCI,F33N,420d,8S11,Convertible,EUR,2016-05,2020-07
8S31-EUR-05-2016,8S31-EUR-05-2016-F33N-BMW-425d,4 Series F33 LCI,F33N,425d,8S31,Convertible,EUR,2016-05,2018-02
8S71-EUR-05-2016,8S71-EUR-05-2016-F33N-BMW-435dX,4 Series F33 LCI,F33N,435dX,8S71,Convertible,EUR,2016-05,2020-07
8T72-EUR-05-2016,8T72-EUR-05-2016-F34N-BMW-330d,3 Series F34 GT LCI,F34N,330d,8T72,Gran Turismo,EUR,2016-05,2019-01
XW30-BRA-05-2016,XW30-BRA-05-2016-F26-BMW-X4_28iX,X4 F26,F26,X4 28iX,XW30,SAC,BRA,2016-05,2018-02
4H11-EUR-06-2016,4H11-EUR-06-2016-F36N-BMW-418i,4 Series F36 Gran Coupé LCI,F36N,418i,4H11,Gran Coupé,EUR,2016-06,2020-09
4H31-EUR-06-2016,4H31-EUR-06-2016-F36N-BMW-420i,4 Series F36 Gran Coupé LCI,F36N,420i,4H31,Gran Coupé,EUR,2016-06,2021-05
4J71-EUR-06-2016,4J71-EUR-06-2016-F36N-BMW-440iX,4 Series F36 Gran Coupé LCI,F36N,440iX,4J71,Gran Coupé,EUR,2016-06,2021-04
4K51-EUR-06-2016,4K51-EUR-06-2016-F36N-BMW-420dX,4 Series F36 Gran Coupé LCI,F36N,420dX,4K51,Gran Coupé,EUR,2016-06,2020-09
4K71-EUR-06-2016,4K71-EUR-06-2016-F36N-BMW-425d,4 Series F36 Gran Coupé LCI,F36N,425d,4K71,Gran Coupé,EUR,2016-06,2018-02
4K91-EUR-06-2016,4K91-EUR-06-2016-F36N-BMW-430d,4 Series F36 Gran Coupé LCI,F36N,430d,4K91,Gran Coupé,EUR,2016-06,2020-09
4L12-EUR-06-2016,4L12-EUR-06-2016-F36N-BMW-430dX,4 Series F36 Gran Coupé LCI,F36N,430dX,4L12,Gran Coupé,EUR,2016-06,2020-09
4S11-EUR-06-2016,4S11-EUR-06-2016-F32N-BMW-418i,4 Series F32 LCI,F32N,418i,4S11,Coupe,EUR,2016-06,2020-06
4S31-EUR-06-2016,4S31-EUR-06-2016-F32N-BMW-420i,4 Series F32 LCI,F32N,420i,4S31,Coupe,EUR,2016-06,2020-06
4S72-EUR-06-2016,4S72-EUR-06-2016-F32N-BMW-430i,4 Series F32 LCI,F32N,430i,4S72,Coupe,EUR,2016-06,2020-06
4W72-EUR-06-2016,4W72-EUR-06-2016-F32N-BMW-440i,4 Series F32 LCI,F32N,440i,4W72,Coupe,EUR,2016-06,2020-02
4W91-EUR-06-2016,4W91-EUR-06-2016-F32N-BMW-440iX,4 Series F32 LCI,F32N,440iX,4W91,Coupe,EUR,2016-06,2020-06
4X52-EUR-06-2016,4X52-EUR-06-2016-F32N-BMW-420dX,4 Series F32 LCI,F32N,420dX,4X52,Coupe,EUR,2016-06,2020-03
4X72-EUR-06-2016,4X72-EUR-06-2016-F32N-BMW-425d,4 Series F32 LCI,F32N,425d,4X72,Coupe,EUR,2016-06,2016-06
4X92-EUR-06-2016,4X92-EUR-06-2016-F32N-BMW-430d,4 Series F32 LCI,F32N,430d,4X92,Coupe,EUR,2016-06,2020-02
4Y11-EUR-06-2016,4Y11-EUR-06-2016-F32N-BMW-430dX,4 Series F32 LCI,F32N,430dX,4Y11,Coupe,EUR,2016-06,2020-05
4Y32-EUR-06-2016,4Y32-EUR-06-2016-F32N-BMW-435dX,4 Series F32 LCI,F32N,435dX,4Y32,Coupe,EUR,2016-06,2020-03
8T71-EUR-06-2016,8T71-EUR-06-2016-F34N-BMW-330d,3 Series F34 GT LCI,F34N,330d,8T71,Gran Turismo,EUR,2016-06,2020-09
8T92-EUR-06-2016,8T92-EUR-06-2016-F34N-BMW-330dX,3 Series F34 GT LCI,F34N,330dX,8T92,Gran Turismo,EUR,2016-06,2019-05
8U12-EUR-06-2016,8U12-EUR-06-2016-F34N-BMW-335dX,3 Series F34 GT LCI,F34N,335dX,8U12,Gran Turismo,EUR,2016-06,2019-05
4H52-EUR-07-2016,4H52-EUR-07-2016-F36N-BMW-420iX,4 Series F36 Gran Coupé LCI,F36N,420iX,4H52,Gran Coupé,EUR,2016-07,2021-05
4H91-EUR-07-2016,4H91-EUR-07-2016-F36N-BMW-430iX,4 Series F36 Gran Coupé LCI,F36N,430iX,4H91,Gran Coupé,EUR,2016-07,2021-05
4J33-USA-07-2016,4J33-USA-07-2016-F36N-BMW-430iX,4 Series F36 Gran Coupé LCI,F36N,430iX,4J33,Gran Coupé,USA,2016-07,2020-06
4J73-USA-07-2016,4J73-USA-07-2016-F36N-BMW-440iX,4 Series F36 Gran Coupé LCI,F36N,440iX,4J73,Gran Coupé,USA,2016-07,2020-06
4K11-EUR-07-2016,4K11-EUR-07-2016-F36N-BMW-418d,4 Series F36 Gran Coupé LCI,F36N,418d,4K11,Gran Coupé,EUR,2016-07,2020-09
4K32-EUR-07-2016,4K32-EUR-07-2016-F36N-BMW-420d,4 Series F36 Gran Coupé LCI,F36N,420d,4K32,Gran Coupé,EUR,2016-07,2020-09
4L11-EUR-07-2016,4L11-EUR-07-2016-F36N-BMW-430dX,4 Series F36 Gran Coupé LCI,F36N,430dX,4L11,Gran Coupé,EUR,2016-07,2020-09
4L31-EUR-07-2016,4L31-EUR-07-2016-F36N-BMW-435dX,4 Series F36 Gran Coupé LCI,F36N,435dX,4L31,Gran Coupé,EUR,2016-07,2020-09
4S32-EUR-07-2016,4S32-EUR-07-2016-F32N-BMW-420i,4 Series F32 LCI,F32N,420i,4S32,Coupe,EUR,2016-07,2020-06
4W11-EUR-07-2016,4W11-EUR-07-2016-F32N-BMW-430iX,4 Series F32 LCI,F32N,430iX,4W11,Coupe,EUR,2016-07,2020-06
4W33-USA-07-2016,4W33-USA-07-2016-F32N-BMW-430i,4 Series F32 LCI,F32N,430i,4W33,Coupe,USA,2016-07,2020-06
4W73-USA-07-2016,4W73-USA-07-2016-F32N-BMW-440i,4 Series F32 LCI,F32N,440i,4W73,Coupe,USA,2016-07,2020-06
4W93-USA-07-2016,4W93-USA-07-2016-F32N-BMW-440iX,4 Series F32 LCI,F32N,440iX,4W93,Coupe,USA,2016-07,2020-06
4X12-EUR-07-2016,4X12-EUR-07-2016-F32N-BMW-418d,4 Series F32 LCI,F32N,418d,4X12,Coupe,EUR,2016-07,2017-03
4X32-EUR-07-2016,4X32-EUR-07-2016-F32N-BMW-420d,4 Series F32 LCI,F32N,420d,4X32,Coupe,EUR,2016-07,2020-06
4X51-EUR-07-2016,4X51-EUR-07-2016-F32N-BMW-420dX,4 Series F32 LCI,F32N,420dX,4X51,Coupe,EUR,2016-07,2020-06
4X71-EUR-07-2016,4X71-EUR-07-2016-F32N-BMW-425d,4 Series F32 LCI,F32N,425d,4X71,Coupe,EUR,2016-07,2017-10
4X91-EUR-07-2016,4X91-EUR-07-2016-F32N-BMW-430d,4 Series F32 LCI,F32N,430d,4X91,Coupe,EUR,2016-07,2020-06
4Y12-EUR-07-2016,4Y12-EUR-07-2016-F32N-BMW-430dX,4 Series F32 LCI,F32N,430dX,4Y12,Coupe,EUR,2016-07,2020-02
4Y31-EUR-07-2016,4Y31-EUR-07-2016-F32N-BMW-435dX,4 Series F32 LCI,F32N,435dX,4Y31,Coupe,EUR,2016-07,2020-05
4Y92-EUR-07-2016,4Y92-EUR-07-2016-F82N-BMW-M4,4 Series F82 M4 LCI,F82N,M4,4Y92,Coupe,EUR,2016-07,2020-06
8T34-THA-07-2016,8T34-THA-07-2016-F34N-BMW-320d,3 Series F34 GT LCI,F34N,320d,8T34,Gran Turismo,THA,2016-07,2020-06
8T37-IND-07-2016,8T37-IND-07-2016-F34N-BMW-320d,3 Series F34 GT LCI,F34N,320d,8T37,Gran Turismo,IND,2016-07,2019-08
8X77-IND-07-2016,8X77-IND-07-2016-F34N-BMW-330i,3 Series F34 GT LCI,F34N,330i,8X77,Gran Turismo,IND,2016-07,2019-10
4V32-EUR-08-2016,4V32-EUR-08-2016-F33N-BMW-430i,4 Series F33 LCI,F33N,430i,4V32,Convertible,EUR,2016-08,2020-07
4V51-EUR-08-2016,4V51-EUR-08-2016-F33N-BMW-430iX,4 Series F33 LCI,F33N,430iX,4V51,Convertible,EUR,2016-08,2020-07
4Z11-EUR-08-2016,4Z11-EUR-08-2016-F33N-BMW-430i,4 Series F33 LCI,F33N,430i,4Z11,Convertible,EUR,2016-08,2020-06
4Z33-USA-08-2016,4Z33-USA-08-2016-F33N-BMW-430iX,4 Series F33 LCI,F33N,430iX,4Z33,Convertible,USA,2016-08,2020-07
4Z53-USA-08-2016,4Z53-USA-08-2016-F33N-BMW-440i,4 Series F33 LCI,F33N,440i,4Z53,Convertible,USA,2016-08,2020-07
4Z92-EUR-08-2016,4Z92-EUR-08-2016-F83N-BMW-M4,4 Series F83 M4 LCI,F83N,M4,4Z92,Convertible,EUR,2016-08,2020-07
7E27-IND-08-2016,7E27-IND-08-2016-G12-BMW-740Li,7 Series G12,G12,740Li,7E27,Sedan,IND,2016-08,2019-01
8S51-EUR-08-2016,8S51-EUR-08-2016-F33N-BMW-430d,4 Series F33 LCI,F33N,430d,8S51,Convertible,EUR,2016-08,2020-07
KR07-IND-08-2016,KR07-IND-08-2016-F15-BMW-X5_35iX,X5 F15,F15,X5 35iX,KR07,SUV,IND,2016-08,2016-08
WX97-IND-08-2016,WX97-IND-08-2016-F25-BMW-X3_28iX,X3 F25,F25,X3 28iX,WX97,SUV,IND,2016-08,2016-08
1J51-EUR-09-2016,1J51-EUR-09-2016-F87N-BMW-M2,2 Series F87 M2 LCI,F87N,M2,1J51,Coupe,EUR,2016-09,2018-06
1J53-USA-09-2016,1J53-USA-09-2016-F87N-BMW-M2,2 Series F87 M2 LCI,F87N,M2,1J53,Coupe,USA,2016-09,2018-06
2H51-EUR-09-2016,2H51-EUR-09-2016-F22N-BMW-220i,2 Series F22 LCI,F22N,220i,2H51,Coupe,EUR,2016-09,2021-06
2H71-EUR-09-2016,2H71-EUR-09-2016-F22N-BMW-230i,2 Series F22 LCI,F22N,230i,2H71,Coupe,EUR,2016-09,2021-06
2J33-USA-09-2016,2J33-USA-09-2016-F22N-BMW-230iX,2 Series F22 LCI,F22N,230iX,2J33,Coupe,USA,2016-09,2021-06
2J51-EUR-09-2016,2J51-EUR-09-2016-F22N-BMW-M240i,2 Series F22 LCI,F22N,M240i,2J51,Coupe,EUR,2016-09,2021-06
2J91-EUR-09-2016,2J91-EUR-09-2016-F22N-BMW-218d,2 Series F22 LCI,F22N,218d,2J91,Coupe,EUR,2016-09,2020-09
2M51-EUR-09-2016,2M51-EUR-09-2016-F23N-BMW-230i,2 Series F23 LCI,F23N,230i,2M51,Convertible,EUR,2016-09,2021-07
2M73-USA-09-2016,2M73-USA-09-2016-F23N-BMW-230i,2 Series F23 LCI,F23N,230i,2M73,Convertible,USA,2016-09,2021-07
2N72-EUR-09-2016,2N72-EUR-09-2016-F23N-BMW-220d,2 Series F23 LCI,F23N,220d,2N72,Convertible,EUR,2016-09,2020-09
2N91-EUR-09-2016,2N91-EUR-09-2016-F23N-BMW-225d,2 Series F23 LCI,F23N,225d,2N91,Convertible,EUR,2016-09,2019-05
3S71-EUR-09-2016,3S71-EUR-09-2016-F82N-BMW-M4_CS,4 Series F82 M4 LCI,F82N,M4 CS,3S71,Coupe,EUR,2016-09,2019-06
4V12-EUR-09-2016,4V12-EUR-09-2016-F33N-BMW-420i,4 Series F33 LCI,F33N,420i,4V12,Convertible,EUR,2016-09,2020-06
4Z73-USA-09-2016,4Z73-USA-09-2016-F33N-BMW-440iX,4 Series F33 LCI,F33N,440iX,4Z73,Convertible,USA,2016-09,2020-07
7E06-IDN-09-2016,7E06-IDN-09-2016-G12-BMW-730Li,7 Series G12,G12,730Li,7E06,Sedan,IDN,2016-09,2019-01
7E26-IDN-09-2016,7E26-IDN-09-2016-G12-BMW-740Li,7 Series G12,G12,740Li,7E26,Sedan,IDN,2016-09,2019-01
8S12-EUR-09-2016,8S12-EUR-09-2016-F33N-BMW-420d,4 Series F33 LCI,F33N,420d,8S12,Convertible,EUR,2016-09,2020-06
8S32-EUR-09-2016,8S32-EUR-09-2016-F33N-BMW-425d,4 Series F33 LCI,F33N,425d,8S32,Convertible,EUR,2016-09,2016-11
HT99-RUS-09-2016,HT99-RUS-09-2016-F48-BMW-X1_18dX,X1 F48,F48,X1 18dX,HT99,SUV,RUS,2016-09,2019-06
JA12-EUR-09-2016,JA12-EUR-09-2016-G30-BMW-520i,5 Series G30,G30,520i,JA12,Sedan,EUR,2016-09,2019-06
JA31-EUR-09-2016,JA31-EUR-09-2016-G30-BMW-520i_16,5 Series G30,G30,520i 1.6,JA31,Sedan,EUR,2016-09,2020-06
JC71-EUR-09-2016,JC71-EUR-09-2016-G30-BMW-525d,5 Series G30,G30,525d,JC71,Sedan,EUR,2016-09,2019-05
JD51-EUR-09-2016,JD51-EUR-09-2016-G30-BMW-540dX,5 Series G30,G30,540dX,JD51,Sedan,EUR,2016-09,2020-06
JL11-EUR-09-2016,JL11-EUR-09-2016-G31-BMW-520i,5 Series G31 Touring,G31,520i,JL11,Touring,EUR,2016-09,2019-05
JN11-EUR-09-2016,JN11-EUR-09-2016-G31-BMW-525d,5 Series G31 Touring,G31,525d,JN11,Touring,EUR,2016-09,2019-05
JN71-EUR-09-2016,JN71-EUR-09-2016-G31-BMW-540dX,5 Series G31 Touring,G31,540dX,JN71,Touring,EUR,2016-09,2020-06
JV41-EUR-09-2016,JV41-EUR-09-2016-G32-BMW-640i,6 Series G32 GT,G32,640i,JV41,Gran Turismo,EUR,2016-09,2019-06
JW81-EUR-09-2016,JW81-EUR-09-2016-G32-BMW-630dX,6 Series G32 GT,G32,630dX,JW81,Gran Turismo,EUR,2016-09,2020-06
TX31-EUR-09-2016,TX31-EUR-09-2016-G01-BMW-X3_20dX,X3 G01,G01,X3 20dX,TX31,SUV,EUR,2016-09,2021-07
1J52-EUR-10-2016,1J52-EUR-10-2016-F87N-BMW-M2,2 Series F87 M2 LCI,F87N,M2,1J52,Coupe,EUR,2016-10,2018-06
2H31-EUR-10-2016,2H31-EUR-10-2016-F22N-BMW-218i,2 Series F22 LCI,F22N,218i,2H31,Coupe,EUR,2016-10,2020-09
2J71-EUR-10-2016,2J71-EUR-10-2016-F22N-BMW-M240iX,2 Series F22 LCI,F22N,M240iX,2J71,Coupe,EUR,2016-10,2020-10
2M11-EUR-10-2016,2M11-EUR-10-2016-F23N-BMW-218i,2 Series F23 LCI,F23N,218i,2M11,Convertible,EUR,2016-10,2020-09
2M31-EUR-10-2016,2M31-EUR-10-2016-F23N-BMW-220i,2 Series F23 LCI,F23N,220i,2M31,Convertible,EUR,2016-10,2021-07
2N11-EUR-10-2016,2N11-EUR-10-2016-F23N-BMW-M240i,2 Series F23 LCI,F23N,M240i,2N11,Convertible,EUR,2016-10,2021-07
2N71-EUR-10-2016,2N71-EUR-10-2016-F23N-BMW-220d,2 Series F23 LCI,F23N,220d,2N71,Convertible,EUR,2016-10,2020-09
2U11-EUR-10-2016,2U11-EUR-10-2016-F22N-BMW-220d,2 Series F22 LCI,F22N,220d,2U11,Coupe,EUR,2016-10,2020-09
2U51-EUR-10-2016,2U51-EUR-10-2016-F22N-BMW-225d,2 Series F22 LCI,F22N,225d,2U51,Coupe,EUR,2016-10,2019-05
2U71-EUR-10-2016,2U71-EUR-10-2016-F87N-BMW-M2_Competition,2 Series F87 M2 LCI,F87N,M2 Competition,2U71,Coupe,EUR,2016-10,2021-06
2U72-EUR-10-2016,2U72-EUR-10-2016-F87N-BMW-M2_Competition,2 Series F87 M2 LCI,F87N,M2 Competition,2U72,Coupe,EUR,2016-10,2021-06
2U73-USA-10-2016,2U73-USA-10-2016-F87N-BMW-M2_Competition,2 Series F87 M2 LCI,F87N,M2 Competition,2U73,Coupe,USA,2016-10,2021-06
3S72-EUR-10-2016,3S72-EUR-10-2016-F82N-BMW-M4_CS,4 Series F82 M4 LCI,F82N,M4 CS,3S72,Coupe,EUR,2016-10,2019-03
4Z52-EUR-10-2016,4Z52-EUR-10-2016-F33N-BMW-440i,4 Series F33 LCI,F33N,440i,4Z52,Convertible,EUR,2016-10,2020-07
6V31-EUR-10-2016,6V31-EUR-10-2016-F46-BMW-218i,2 Series F46 Gran Tourer,F46,218i,6V31,Gran Tourer,EUR,2016-10,2018-02
6V32-EUR-10-2016,6V32-EUR-10-2016-F46-BMW-218i,2 Series F46 Gran Tourer,F46,218i,6V32,Gran Tourer,EUR,2016-10,2018-02
8S52-EUR-10-2016,8S52-EUR-10-2016-F33N-BMW-430d,4 Series F33 LCI,F33N,430d,8S52,Convertible,EUR,2016-10,2020-06
8S72-EUR-10-2016,8S72-EUR-10-2016-F33N-BMW-435dX,4 Series F33 LCI,F33N,435dX,8S72,Convertible,EUR,2016-10,2020-06
JA11-EUR-10-2016,JA11-EUR-10-2016-G30-BMW-520i,5 Series G30,G30,520i,JA11,Sedan,EUR,2016-10,2019-06
JC72-EUR-10-2016,JC72-EUR-10-2016-G30-BMW-525d,5 Series G30,G30,525d,JC72,Sedan,EUR,2016-10,2018-10
JD71-EUR-10-2016,JD71-EUR-10-2016-G30-BMW-M550dX,5 Series G30,G30,M550dX,JD71,Sedan,EUR,2016-10,2020-06
JG11-EUR-10-2016,JG11-EUR-10-2016-F48-BMW-X1_18i,X1 F48,F48,X1 18i,JG11,SUV,EUR,2016-10,2019-06
JG12-EUR-10-2016,JG12-EUR-10-2016-F48-BMW-X1_18i,X1 F48,F48,X1 18i,JG12,SUV,EUR,2016-10,2019-06
JG31-EUR-10-2016,JG31-EUR-10-2016-F48-BMW-X1_20i,X1 F48,F48,X1 20i,JG31,SUV,EUR,2016-10,2019-06
JG32-EUR-10-2016,JG32-EUR-10-2016-F48-BMW-X1_20i,X1 F48,F48,X1 20i,JG32,SUV,EUR,2016-10,2019-06
JG91-EUR-10-2016,JG91-EUR-10-2016-F48-BMW-X1_25iX,X1 F48,F48,X1 25iX,JG91,SUV,EUR,2016-10,2019-06
JH91-EUR-10-2016,JH91-EUR-10-2016-F48-BMW-X1_20d,X1 F48,F48,X1 20d,JH91,SUV,EUR,2016-10,2019-06
JJ11-EUR-10-2016,JJ11-EUR-10-2016-F48-BMW-X1_20dX,X1 F48,F48,X1 20dX,JJ11,SUV,EUR,2016-10,2019-06
JL12-EUR-10-2016,JL12-EUR-10-2016-G31-BMW-520i,5 Series G31 Touring,G31,520i,JL12,Touring,EUR,2016-10,2019-06
JL51-EUR-10-2016,JL51-EUR-10-2016-G31-BMW-530iX,5 Series G31 Touring,G31,530iX,JL51,Touring,EUR,2016-10,2018-05
JM91-EUR-10-2016,JM91-EUR-10-2016-G31-BMW-520dX,5 Series G31 Touring,G31,520dX,JM91,Touring,EUR,2016-10,2018-06
JM92-EUR-10-2016,JM92-EUR-10-2016-G31-BMW-520dX,5 Series G31 Touring,G31,520dX,JM92,Touring,EUR,2016-10,2018-06
JN12-EUR-10-2016,JN12-EUR-10-2016-G31-BMW-525d,5 Series G31 Touring,G31,525d,JN12,Touring,EUR,2016-10,2018-10
JV21-EUR-10-2016,JV21-EUR-10-2016-G32-BMW-630i,6 Series G32 GT,G32,630i,JV21,Gran Turismo,EUR,2016-10,2019-06
JV22-EUR-10-2016,JV22-EUR-10-2016-G32-BMW-630i,6 Series G32 GT,G32,630i,JV22,Gran Turismo,EUR,2016-10,2018-06
JV61-EUR-10-2016,JV61-EUR-10-2016-G32-BMW-640iX,6 Series G32 GT,G32,640iX,JV61,Gran Turismo,EUR,2016-10,2019-06
JV62-EUR-10-2016,JV62-EUR-10-2016-G32-BMW-640iX,6 Series G32 GT,G32,640iX,JV62,Gran Turismo,EUR,2016-10,2019-06
JV63-USA-10-2016,JV63-USA-10-2016-G32-BMW-640iX,6 Series G32 GT,G32,640iX,JV63,Gran Turismo,USA,2016-10,2019-06
JW61-EUR-10-2016,JW61-EUR-10-2016-G32-BMW-630d,6 Series G32 GT,G32,630d,JW61,Gran Turismo,EUR,2016-10,2020-06
JW62-EUR-10-2016,JW62-EUR-10-2016-G32-BMW-630d,6 Series G32 GT,G32,630d,JW62,Gran Turismo,EUR,2016-10,2020-06
JW82-EUR-10-2016,JW82-EUR-10-2016-G32-BMW-630dX,6 Series G32 GT,G32,630dX,JW82,Gran Turismo,EUR,2016-10,2020-06
KY11-CHN-10-2016,KY11-CHN-10-2016-G38-BMW-525Li,5 Series G38,G38,525Li,KY11,Sedan,CHN,2016-10,2020-08
KY91-CHN-10-2016,KY91-CHN-10-2016-G38-BMW-530Le,5 Series G38,G38,530Le,KY91,Sedan,CHN,2016-10,2020-08
TR91-EUR-10-2016,TR91-EUR-10-2016-G01-BMW-X3_30iX,X3 G01,G01,X3 30iX,TR91,SUV,EUR,2016-10,2019-07
TR93-USA-10-2016,TR93-USA-10-2016-G01-BMW-X3_30iX,X3 G01,G01,X3 30iX,TR93,SUV,USA,2016-10,2019-07
TS31-EUR-10-2016,TS31-EUR-10-2016-G01-BMW-X3_M40iX,X3 G01,G01,X3 M40iX,TS31,SUV,EUR,2016-10,2019-07
TS32-EUR-10-2016,TS32-EUR-10-2016-G01-BMW-X3_M40iX,X3 G01,G01,X3 M40iX,TS32,SUV,EUR,2016-10,2019-07
TS33-USA-10-2016,TS33-USA-10-2016-G01-BMW-X3_M40iX,X3 G01,G01,X3 M40iX,TS33,SUV,USA,2016-10,2019-07
TX32-EUR-10-2016,TX32-EUR-10-2016-G01-BMW-X3_20dX,X3 G01,G01,X3 20dX,TX32,SUV,EUR,2016-10,2021-02
TX71-EUR-10-2016,TX71-EUR-10-2016-G01-BMW-X3_30dX,X3 G01,G01,X3 30dX,TX71,SUV,EUR,2016-10,2021-07
TX72-EUR-10-2016,TX72-EUR-10-2016-G01-BMW-X3_30dX,X3 G01,G01,X3 30dX,TX72,SUV,EUR,2016-10,2020-06
YH31-EUR-10-2016,YH31-EUR-10-2016-F39-BMW-X2_20i,X2 F39,F39,X2 20i,YH31,SAC,EUR,2016-10,2023-10
YJ53-USA-10-2016,YJ53-USA-10-2016-F39-BMW-X2_28iX,X2 F39,F39,X2 28iX,YJ53,SAC,USA,2016-10,2019-06
YL11-EUR-10-2016,YL11-EUR-10-2016-F39-BMW-X2_20dX,X2 F39,F39,X2 20dX,YL11,SAC,EUR,2016-10,2023-10
YL12-EUR-10-2016,YL12-EUR-10-2016-F39-BMW-X2_20dX,X2 F39,F39,X2 20dX,YL12,SAC,EUR,2016-10,2023-10
2H52-EUR-11-2016,2H52-EUR-11-2016-F22N-BMW-220i,2 Series F22 LCI,F22N,220i,2H52,Coupe,EUR,2016-11,2021-06
2H72-EUR-11-2016,2H72-EUR-11-2016-F22N-BMW-230i,2 Series F22 LCI,F22N,230i,2H72,Coupe,EUR,2016-11,2020-02
2J53-USA-11-2016,2J53-USA-11-2016-F22N-BMW-M240i,2 Series F22 LCI,F22N,M240i,2J53,Coupe,USA,2016-11,2021-06
2J73-USA-11-2016,2J73-USA-11-2016-F22N-BMW-M240iX,2 Series F22 LCI,F22N,M240iX,2J73,Coupe,USA,2016-11,2021-06
2K13-USA-11-2016,2K13-USA-11-2016-F23N-BMW-230iX,2 Series F23 LCI,F23N,230iX,2K13,Convertible,USA,2016-11,2021-07
2N52-EUR-11-2016,2N52-EUR-11-2016-F23N-BMW-218d,2 Series F23 LCI,F23N,218d,2N52,Convertible,EUR,2016-11,2020-09
2Z41-EUR-11-2016,2Z41-EUR-11-2016-I12N-BMW_i-i8,i8 I12 LCI,I12N,i8,2Z41,Coupe,EUR,2016-11,2020-06
2Z43-USA-11-2016,2Z43-USA-11-2016-I12N-BMW_i-i8,i8 I12 LCI,I12N,i8,2Z43,Coupe,USA,2016-11,2020-03
3S73-USA-11-2016,3S73-USA-11-2016-F82N-BMW-M4_CS,4 Series F82 M4 LCI,F82N,M4 CS,3S73,Coupe,USA,2016-11,2019-11
4H32-EUR-11-2016,4H32-EUR-11-2016-F36N-BMW-420i,4 Series F36 Gran Coupé LCI,F36N,420i,4H32,Gran Coupé,EUR,2016-11,2021-05
4H72-EUR-11-2016,4H72-EUR-11-2016-F36N-BMW-430i,4 Series F36 Gran Coupé LCI,F36N,430i,4H72,Gran Coupé,EUR,2016-11,2021-04
4J53-USA-11-2016,4J53-USA-11-2016-F36N-BMW-440i,4 Series F36 Gran Coupé LCI,F36N,440i,4J53,Gran Coupé,USA,2016-11,2020-05
4K12-EUR-11-2016,4K12-EUR-11-2016-F36N-BMW-418d,4 Series F36 Gran Coupé LCI,F36N,418d,4K12,Gran Coupé,EUR,2016-11,2018-06
4K92-EUR-11-2016,4K92-EUR-11-2016-F36N-BMW-430d,4 Series F36 Gran Coupé LCI,F36N,430d,4K92,Gran Coupé,EUR,2016-11,2020-09
4L32-EUR-11-2016,4L32-EUR-11-2016-F36N-BMW-435dX,4 Series F36 Gran Coupé LCI,F36N,435dX,4L32,Gran Coupé,EUR,2016-11,2020-09
4S51-EUR-11-2016,4S51-EUR-11-2016-F32N-BMW-420iX,4 Series F32 LCI,F32N,420iX,4S51,Coupe,EUR,2016-11,2020-03
HS99-RUS-11-2016,HS99-RUS-11-2016-F48-BMW-X1_20iX,X1 F48,F48,X1 20iX,HS99,SUV,RUS,2016-11,2018-02
JN91-EUR-11-2016,JN91-EUR-11-2016-G31-BMW-M550dX,5 Series G31 Touring,G31,M550dX,JN91,Touring,EUR,2016-11,2020-06
JW01-EUR-11-2016,JW01-EUR-11-2016-G32-BMW-640dX,6 Series G32 GT,G32,640dX,JW01,Gran Turismo,EUR,2016-11,2020-06
TR92-EUR-11-2016,TR92-EUR-11-2016-G01-BMW-X3_30iX,X3 G01,G01,X3 30iX,TR92,SUV,EUR,2016-11,2019-07
YH32-EUR-11-2016,YH32-EUR-11-2016-F39-BMW-X2_20i,X2 F39,F39,X2 20i,YH32,SAC,EUR,2016-11,2023-08
YN31-EUR-11-2016,YN31-EUR-11-2016-F39-BMW-X2_20dX,X2 F39,F39,X2 20dX,YN31,SAC,EUR,2016-11,2020-06
2M12-EUR-12-2016,2M12-EUR-12-2016-F23N-BMW-218i,2 Series F23 LCI,F23N,218i,2M12,Convertible,EUR,2016-12,2020-10
2M32-EUR-12-2016,2M32-EUR-12-2016-F23N-BMW-220i,2 Series F23 LCI,F23N,220i,2M32,Convertible,EUR,2016-12,2021-06
2N31-EUR-12-2016,2N31-EUR-12-2016-F23N-BMW-M240iX,2 Series F23 LCI,F23N,M240iX,2N31,Convertible,EUR,2016-12,2021-07
4H51-EUR-12-2016,4H51-EUR-12-2016-F36N-BMW-420iX,4 Series F36 Gran Coupé LCI,F36N,420iX,4H51,Gran Coupé,EUR,2016-12,2021-05
4J52-EUR-12-2016,4J52-EUR-12-2016-F36N-BMW-440i,4 Series F36 Gran Coupé LCI,F36N,440i,4J52,Gran Coupé,EUR,2016-12,2021-04
4K52-EUR-12-2016,4K52-EUR-12-2016-F36N-BMW-420dX,4 Series F36 Gran Coupé LCI,F36N,420dX,4K52,Gran Coupé,EUR,2016-12,2020-09
4Z13-USA-12-2016,4Z13-USA-12-2016-F33N-BMW-430i,4 Series F33 LCI,F33N,430i,4Z13,Convertible,USA,2016-12,2020-07
7J24-THA-12-2016,7J24-THA-12-2016-G12-BMW-740LeX,7 Series G12,G12,740LeX,7J24,Sedan,THA,2016-12,2018-12
7J28-MYS-12-2016,7J28-MYS-12-2016-G12-BMW-740LeX,7 Series G12,G12,740LeX,7J28,Sedan,MYS,2016-12,2019-02
TR11-EUR-12-2016,TR11-EUR-12-2016-G01-BMW-X3_20i,X3 G01,G01,X3 20i,TR11,SUV,EUR,2016-12,2019-07
TR31-EUR-12-2016,TR31-EUR-12-2016-G01-BMW-X3_20i_16,X3 G01,G01,X3 20i 1.6,TR31,SUV,EUR,2016-12,2021-04
TR51-EUR-12-2016,TR51-EUR-12-2016-G01-BMW-X3_20iX,X3 G01,G01,X3 20iX,TR51,SUV,EUR,2016-12,2019-07
YN32-EUR-12-2016,YN32-EUR-12-2016-F39-BMW-X2_20dX,X2 F39,F39,X2 20dX,YN32,SAC,EUR,2016-12,2020-06
2Z61-EUR-01-2017,2Z61-EUR-01-2017-I15-BMW_i-i8,i8 I15,I15,i8,2Z61,Roadster,EUR,2017-01,2020-06
2Z63-USA-01-2017,2Z63-USA-01-2017-I15-BMW_i-i8,i8 I15,I15,i8,2Z63,Roadster,USA,2017-01,2020-05
7Z21-EUR-01-2017,7Z21-EUR-01-2017-I01N-BMW_i-i3_94Ah,i3 I01 LCI,I01N,i3 94Ah,7Z21,Mega City Vehicle,EUR,2017-01,2018-10
7Z23-USA-01-2017,7Z23-USA-01-2017-I01N-BMW_i-i3_94Ah,i3 I01 LCI,I01N,i3 94Ah,7Z23,Mega City Vehicle,USA,2017-01,2018-10
7Z41-EUR-01-2017,7Z41-EUR-01-2017-I01N-BMW_i-i3_94Ah_Rex,i3 I01 LCI,I01N,i3 94Ah Rex,7Z41,Mega City Vehicle,EUR,2017-01,2018-10
7Z61-EUR-01-2017,7Z61-EUR-01-2017-I01N-BMW_i-i3s_94Ah,i3 I01 LCI,I01N,i3s 94Ah,7Z61,Mega City Vehicle,EUR,2017-01,2018-10
7Z62-EUR-01-2017,7Z62-EUR-01-2017-I01N-BMW_i-i3s_94Ah,i3 I01 LCI,I01N,i3s 94Ah,7Z62,Mega City Vehicle,EUR,2017-01,2018-10
7Z63-USA-01-2017,7Z63-USA-01-2017-I01N-BMW_i-i3s_94Ah,i3 I01 LCI,I01N,i3s 94Ah,7Z63,Mega City Vehicle,USA,2017-01,2018-10
7Z81-EUR-01-2017,7Z81-EUR-01-2017-I01N-BMW_i-i3s_94Ah_Rex,i3 I01 LCI,I01N,i3s 94Ah Rex,7Z81,Mega City Vehicle,EUR,2017-01,2018-10
7Z83-USA-01-2017,7Z83-USA-01-2017-I01N-BMW_i-i3s_94Ah_Rex,i3 I01 LCI,I01N,i3s 94Ah Rex,7Z83,Mega City Vehicle,USA,2017-01,2018-10
HS77-IND-01-2017,HS77-IND-01-2017-F48-BMW-X1_20i,X1 F48,F48,X1 20i,HS77,SUV,IND,2017-01,2017-06
TZ41-CHN-01-2017,TZ41-CHN-01-2017-G08-BMW-X3_25iX,X3 G08,G08,X3 25iX,TZ41,SUV,CHN,2017-01,2020-12
TZ61-CHN-01-2017,TZ61-CHN-01-2017-G08-BMW-X3_30iX,X3 G08,G08,X3 30iX,TZ61,SUV,CHN,2017-01,2020-04
2H32-EUR-02-2017,2H32-EUR-02-2017-F22N-BMW-218i,2 Series F22 LCI,F22N,218i,2H32,Coupe,EUR,2017-02,2020-09
2J13-USA-02-2017,2J13-USA-02-2017-F22N-BMW-230i,2 Series F22 LCI,F22N,230i,2J13,Coupe,USA,2017-02,2021-06
2J52-EUR-02-2017,2J52-EUR-02-2017-F22N-BMW-M240i,2 Series F22 LCI,F22N,M240i,2J52,Coupe,EUR,2017-02,2021-06
2J92-EUR-02-2017,2J92-EUR-02-2017-F22N-BMW-218d,2 Series F22 LCI,F22N,218d,2J92,Coupe,EUR,2017-02,2020-08
2M52-EUR-02-2017,2M52-EUR-02-2017-F23N-BMW-230i,2 Series F23 LCI,F23N,230i,2M52,Convertible,EUR,2017-02,2020-02
2N12-EUR-02-2017,2N12-EUR-02-2017-F23N-BMW-M240i,2 Series F23 LCI,F23N,M240i,2N12,Convertible,EUR,2017-02,2021-06
2N13-USA-02-2017,2N13-USA-02-2017-F23N-BMW-M240i,2 Series F23 LCI,F23N,M240i,2N13,Convertible,USA,2017-02,2021-07
2N51-EUR-02-2017,2N51-EUR-02-2017-F23N-BMW-218d,2 Series F23 LCI,F23N,218d,2N51,Convertible,EUR,2017-02,2020-09
2N92-EUR-02-2017,2N92-EUR-02-2017-F23N-BMW-225d,2 Series F23 LCI,F23N,225d,2N92,Convertible,EUR,2017-02,2019-04
2U12-EUR-02-2017,2U12-EUR-02-2017-F22N-BMW-220d,2 Series F22 LCI,F22N,220d,2U12,Coupe,EUR,2017-02,2020-09
2U31-EUR-02-2017,2U31-EUR-02-2017-F22N-BMW-220dX,2 Series F22 LCI,F22N,220dX,2U31,Coupe,EUR,2017-02,2020-09
2U32-EUR-02-2017,2U32-EUR-02-2017-F22N-BMW-220dX,2 Series F22 LCI,F22N,220dX,2U32,Coupe,EUR,2017-02,2020-09
2U52-EUR-02-2017,2U52-EUR-02-2017-F22N-BMW-225d,2 Series F22 LCI,F22N,225d,2U52,Coupe,EUR,2017-02,2019-05
2Z62-EUR-02-2017,2Z62-EUR-02-2017-I15-BMW_i-i8,i8 I15,I15,i8,2Z62,Roadster,EUR,2017-02,2020-06
8A97-IND-02-2017,8A97-IND-02-2017-F30N-BMW-330i,3 Series F30 LCI,F30N,330i,8A97,Sedan,IND,2017-02,2018-07
JC34-THA-02-2017,JC34-THA-02-2017-G30-BMW-520d,5 Series G30,G30,520d,JC34,Sedan,THA,2017-02,2020-04
JC37-IND-02-2017,JC37-IND-02-2017-G30-BMW-520d,5 Series G30,G30,520d,JC37,Sedan,IND,2017-02,2019-08
JC97-IND-02-2017,JC97-IND-02-2017-G30-BMW-530d,5 Series G30,G30,530d,JC97,Sedan,IND,2017-02,2020-06
TR52-EUR-02-2017,TR52-EUR-02-2017-G01-BMW-X3_20iX,X3 G01,G01,X3 20iX,TR52,SUV,EUR,2017-02,2019-07
TS01-EUR-02-2017,TS01-EUR-02-2017-F97-BMW-X3_M,X3 M F97,F97,X3 M,TS01,SUV,EUR,2017-02,2021-07
TS02-EUR-02-2017,TS02-EUR-02-2017-F97-BMW-X3_M,X3 M F97,F97,X3 M,TS02,SUV,EUR,2017-02,2021-07
TS03-USA-02-2017,TS03-USA-02-2017-F97-BMW-X3_M,X3 M F97,F97,X3 M,TS03,SUV,USA,2017-02,2021-07
2N33-USA-03-2017,2N33-USA-03-2017-F23N-BMW-M240iX,2 Series F23 LCI,F23N,M240iX,2N33,Convertible,USA,2017-03,2021-07
JG92-EUR-03-2017,JG92-EUR-03-2017-F48-BMW-X1_25iX,X1 F48,F48,X1 25iX,JG92,SUV,EUR,2017-03,2019-06
JJ12-EUR-03-2017,JJ12-EUR-03-2017-F48-BMW-X1_20dX,X1 F48,F48,X1 20dX,JJ12,SUV,EUR,2017-03,2019-06
TR73-USA-03-2017,TR73-USA-03-2017-G01-BMW-X3_30i,X3 G01,G01,X3 30i,TR73,SUV,USA,2017-03,2019-07
TX11-EUR-03-2017,TX11-EUR-03-2017-G01-BMW-X3_18d,X3 G01,G01,X3 18d,TX11,SUV,EUR,2017-03,2021-07
TX51-EUR-03-2017,TX51-EUR-03-2017-G01-BMW-X3_25dX,X3 G01,G01,X3 25dX,TX51,SUV,EUR,2017-03,2019-05
UJ32-EUR-03-2017,UJ32-EUR-03-2017-G02-BMW-X4_30iX,X4 G02,G02,X4 30iX,UJ32,SAC,EUR,2017-03,2019-07
UJ33-USA-03-2017,UJ33-USA-03-2017-G02-BMW-X4_30iX,X4 G02,G02,X4 30iX,UJ33,SAC,USA,2017-03,2019-07
UJ51-EUR-03-2017,UJ51-EUR-03-2017-G02-BMW-X4_M40iX,X4 G02,G02,X4 M40iX,UJ51,SAC,EUR,2017-03,2019-07
UJ53-USA-03-2017,UJ53-USA-03-2017-G02-BMW-X4_M40iX,X4 G02,G02,X4 M40iX,UJ53,SAC,USA,2017-03,2019-07
VJ11-EUR-03-2017,VJ11-EUR-03-2017-G02-BMW-X4_20dX,X4 G02,G02,X4 20dX,VJ11,SAC,EUR,2017-03,2021-07
VJ71-EUR-03-2017,VJ71-EUR-03-2017-G02-BMW-X4_M40dX,X4 G02,G02,X4 M40dX,VJ71,SAC,EUR,2017-03,2021-05
VJ72-EUR-03-2017,VJ72-EUR-03-2017-G02-BMW-X4_M40dX,X4 G02,G02,X4 M40dX,VJ72,SAC,EUR,2017-03,2021-05
YH11-EUR-03-2017,YH11-EUR-03-2017-F39-BMW-X2_18i,X2 F39,F39,X2 18i,YH11,SAC,EUR,2017-03,2023-10
YH12-EUR-03-2017,YH12-EUR-03-2017-F39-BMW-X2_18i,X2 F39,F39,X2 18i,YH12,SAC,EUR,2017-03,2023-10
YH51-EUR-03-2017,YH51-EUR-03-2017-F39-BMW-X2_20iX,X2 F39,F39,X2 20iX,YH51,SAC,EUR,2017-03,2023-10
YH52-EUR-03-2017,YH52-EUR-03-2017-F39-BMW-X2_20iX,X2 F39,F39,X2 20iX,YH52,SAC,EUR,2017-03,2023-10
YJ33-USA-03-2017,YJ33-USA-03-2017-F39-BMW-X2_28i,X2 F39,F39,X2 28i,YJ33,SAC,USA,2017-03,2019-06
YK51-EUR-03-2017,YK51-EUR-03-2017-F39-BMW-X2_18d,X2 F39,F39,X2 18d,YK51,SAC,EUR,2017-03,2023-10
YK71-EUR-03-2017,YK71-EUR-03-2017-F39-BMW-X2_18dX,X2 F39,F39,X2 18dX,YK71,SAC,EUR,2017-03,2023-10
YK72-EUR-03-2017,YK72-EUR-03-2017-F39-BMW-X2_18dX,X2 F39,F39,X2 18dX,YK72,SAC,EUR,2017-03,2023-02
YL31-EUR-03-2017,YL31-EUR-03-2017-F39-BMW-X2_25dX,X2 F39,F39,X2 25dX,YL31,SAC,EUR,2017-03,2018-05
6T91-EUR-04-2017,6T91-EUR-04-2017-F45N-BMW-218d,2 Series F45 Active Tourer LCI,F45N,218d,6T91,Active Tourer,EUR,2017-04,2021-10
6U51-EUR-04-2017,6U51-EUR-04-2017-F45N-BMW-220dX,2 Series F45 Active Tourer LCI,F45N,220dX,6U51,Active Tourer,EUR,2017-04,2021-10
7Z42-EUR-04-2017,7Z42-EUR-04-2017-I01N-BMW_i-i3_94Ah_Rex,i3 I01 LCI,I01N,i3 94Ah Rex,7Z42,Mega City Vehicle,EUR,2017-04,2018-10
7Z43-USA-04-2017,7Z43-USA-04-2017-I01N-BMW_i-i3_94Ah_Rex,i3 I01 LCI,I01N,i3 94Ah Rex,7Z43,Mega City Vehicle,USA,2017-04,2018-10
8X11-EUR-04-2017,8X11-EUR-04-2017-F34N-BMW-318d,3 Series F34 GT LCI,F34N,318d,8X11,Gran Turismo,EUR,2017-04,2020-09
JA56-IDN-04-2017,JA56-IDN-04-2017-G30-BMW-530i,5 Series G30,G30,530i,JA56,Sedan,IDN,2017-04,2018-06
JA58-MYS-04-2017,JA58-MYS-04-2017-G30-BMW-530i,5 Series G30,G30,530i,JA58,Sedan,MYS,2017-04,2018-06
JC36-IDN-04-2017,JC36-IDN-04-2017-G30-BMW-520d,5 Series G30,G30,520d,JC36,Sedan,IDN,2017-04,2017-08
JH71-EUR-04-2017,JH71-EUR-04-2017-F48-BMW-X1_18dX,X1 F48,F48,X1 18dX,JH71,SUV,EUR,2017-04,2019-06
TR96-EUR-04-2017,TR96-EUR-04-2017-G01-BMW-X3_30iX,X3 G01,G01,X3 30iX,TR96,SUV,EUR,2017-04,2019-08
TX35-EUR-04-2017,TX35-EUR-04-2017-G01-BMW-X3_20dX,X3 G01,G01,X3 20dX,TX35,SUV,EUR,2017-04,2019-05
TX75-EUR-04-2017,TX75-EUR-04-2017-G01-BMW-X3_30dX,X3 G01,G01,X3 30dX,TX75,SUV,EUR,2017-04,2020-08
TX76-EUR-04-2017,TX76-EUR-04-2017-G01-BMW-X3_30dX,X3 G01,G01,X3 30dX,TX76,SUV,EUR,2017-04,2021-08
UJ11-EUR-04-2017,UJ11-EUR-04-2017-G02-BMW-X4_20iX,X4 G02,G02,X4 20iX,UJ11,SAC,EUR,2017-04,2019-07
UJ12-EUR-04-2017,UJ12-EUR-04-2017-G02-BMW-X4_20iX,X4 G02,G02,X4 20iX,UJ12,SAC,EUR,2017-04,2019-07
UJ31-EUR-04-2017,UJ31-EUR-04-2017-G02-BMW-X4_30iX,X4 G02,G02,X4 30iX,UJ31,SAC,EUR,2017-04,2019-07
UJ52-EUR-04-2017,UJ52-EUR-04-2017-G02-BMW-X4_M40iX,X4 G02,G02,X4 M40iX,UJ52,SAC,EUR,2017-04,2019-07
YK52-EUR-04-2017,YK52-EUR-04-2017-F39-BMW-X2_18d,X2 F39,F39,X2 18d,YK52,SAC,EUR,2017-04,2023-02
YL51-EUR-04-2017,YL51-EUR-04-2017-F39-BMW-X2_18d,X2 F39,F39,X2 18d,YL51,SAC,EUR,2017-04,2020-01
YL52-EUR-04-2017,YL52-EUR-04-2017-F39-BMW-X2_18d,X2 F39,F39,X2 18d,YL52,SAC,EUR,2017-04,2017-08
6S11-EUR-05-2017,6S11-EUR-05-2017-F45N-BMW-218i,2 Series F45 Active Tourer LCI,F45N,218i,6S11,Active Tourer,EUR,2017-05,2021-10
6S31-EUR-05-2017,6S31-EUR-05-2017-F45N-BMW-220i,2 Series F45 Active Tourer LCI,F45N,220i,6S31,Active Tourer,EUR,2017-05,2021-10
6S71-EUR-05-2017,6S71-EUR-05-2017-F45N-BMW-225iX,2 Series F45 Active Tourer LCI,F45N,225iX,6S71,Active Tourer,EUR,2017-05,2021-10
6S72-EUR-05-2017,6S72-EUR-05-2017-F45N-BMW-225iX,2 Series F45 Active Tourer LCI,F45N,225iX,6S72,Active Tourer,EUR,2017-05,2018-11
6T51-EUR-05-2017,6T51-EUR-05-2017-F45N-BMW-216d,2 Series F45 Active Tourer LCI,F45N,216d,6T51,Active Tourer,EUR,2017-05,2021-10
6U11-EUR-05-2017,6U11-EUR-05-2017-F45N-BMW-218dX,2 Series F45 Active Tourer LCI,F45N,218dX,6U11,Active Tourer,EUR,2017-05,2021-10
6U91-EUR-05-2017,6U91-EUR-05-2017-F45N-BMW-216d,2 Series F45 Active Tourer LCI,F45N,216d,6U91,Active Tourer,EUR,2017-05,2017-05
6V11-EUR-05-2017,6V11-EUR-05-2017-F46N-BMW-216i,2 Series F46 Gran Tourer LCI,F46N,216i,6V11,Gran Tourer,EUR,2017-05,2022-12
6V12-EUR-05-2017,6V12-EUR-05-2017-F46N-BMW-216i,2 Series F46 Gran Tourer LCI,F46N,216i,6V12,Gran Tourer,EUR,2017-05,2021-05
6V51-EUR-05-2017,6V51-EUR-05-2017-F46N-BMW-220i,2 Series F46 Gran Tourer LCI,F46N,220i,6V51,Gran Tourer,EUR,2017-05,2022-12
6V71-EUR-05-2017,6V71-EUR-05-2017-F46N-BMW-218i,2 Series F46 Gran Tourer LCI,F46N,218i,6V71,Gran Tourer,EUR,2017-05,2022-12
6W51-EUR-05-2017,6W51-EUR-05-2017-F46N-BMW-216d,2 Series F46 Gran Tourer LCI,F46N,216d,6W51,Gran Tourer,EUR,2017-05,2022-12
6W91-EUR-05-2017,6W91-EUR-05-2017-F46N-BMW-218d,2 Series F46 Gran Tourer LCI,F46N,218d,6W91,Gran Tourer,EUR,2017-05,2022-12
6X31-EUR-05-2017,6X31-EUR-05-2017-F46N-BMW-220d,2 Series F46 Gran Tourer LCI,F46N,220d,6X31,Gran Tourer,EUR,2017-05,2022-12
6X51-EUR-05-2017,6X51-EUR-05-2017-F46N-BMW-220dX,2 Series F46 Gran Tourer LCI,F46N,220dX,6X51,Gran Tourer,EUR,2017-05,2022-12
6Y31-EUR-05-2017,6Y31-EUR-05-2017-F45N-BMW-225xe,2 Series F45 Active Tourer LCI,F45N,225xe,6Y31,Active Tourer,EUR,2017-05,2021-10
6Z12-EUR-05-2017,6Z12-EUR-05-2017-F45N-BMW-218d,2 Series F45 Active Tourer LCI,F45N,218d,6Z12,Active Tourer,EUR,2017-05,2020-02
6Z31-EUR-05-2017,6Z31-EUR-05-2017-F45N-BMW-220d,2 Series F45 Active Tourer LCI,F45N,220d,6Z31,Active Tourer,EUR,2017-05,2018-08
HS75-EGY-05-2017,HS75-EGY-05-2017-F48-BMW-X1_20i,X1 F48,F48,X1 20i,HS75,SUV,EGY,2017-05,2017-06
JA57-IND-05-2017,JA57-IND-05-2017-G30-BMW-530i,5 Series G30,G30,530i,JA57,Sedan,IND,2017-05,2018-06
JG51-EUR-05-2017,JG51-EUR-05-2017-F48-BMW-X1_20iX,X1 F48,F48,X1 20iX,JG51,SUV,EUR,2017-05,2019-06
JG52-EUR-05-2017,JG52-EUR-05-2017-F48-BMW-X1_20iX,X1 F48,F48,X1 20iX,JG52,SUV,EUR,2017-05,2019-06
JH11-EUR-05-2017,JH11-EUR-05-2017-F48-BMW-X1_16d,X1 F48,F48,X1 16d,JH11,SUV,EUR,2017-05,2019-06
JH12-EUR-05-2017,JH12-EUR-05-2017-F48-BMW-X1_16d,X1 F48,F48,X1 16d,JH12,SUV,EUR,2017-05,2018-12
JH51-EUR-05-2017,JH51-EUR-05-2017-F48-BMW-X1_18d,X1 F48,F48,X1 18d,JH51,SUV,EUR,2017-05,2019-07
JH52-EUR-05-2017,JH52-EUR-05-2017-F48-BMW-X1_18d,X1 F48,F48,X1 18d,JH52,SUV,EUR,2017-05,2019-06
JH72-EUR-05-2017,JH72-EUR-05-2017-F48-BMW-X1_18dX,X1 F48,F48,X1 18dX,JH72,SUV,EUR,2017-05,2019-06
TR95-EUR-05-2017,TR95-EUR-05-2017-G01-BMW-X3_30iX,X3 G01,G01,X3 30iX,TR95,SUV,EUR,2017-05,2019-08
TW58-MYS-05-2017,TW58-MYS-05-2017-G30-BMW-530i,5 Series G30,G30,530i,TW58,Sedan,MYS,2017-05,2017-06
TX12-EUR-05-2017,TX12-EUR-05-2017-G01-BMW-X3_18d,X3 G01,G01,X3 18d,TX12,SUV,EUR,2017-05,2019-02
TX36-EUR-05-2017,TX36-EUR-05-2017-G01-BMW-X3_20dX,X3 G01,G01,X3 20dX,TX36,SUV,EUR,2017-05,2021-08
YL32-EUR-05-2017,YL32-EUR-05-2017-F39-BMW-X2_25dX,X2 F39,F39,X2 25dX,YL32,SAC,EUR,2017-05,2017-08
2X91-EUR-06-2017,2X91-EUR-06-2017-F45N-BMW-216i,2 Series F45 Active Tourer LCI,F45N,216i,2X91,Active Tourer,EUR,2017-06,2021-10
6S14-CHN-06-2017,6S14-CHN-06-2017-F45N-BMW-218i,2 Series F45 Active Tourer LCI,F45N,218i,6S14,Active Tourer,CHN,2017-06,2019-03
6S34-CHN-06-2017,6S34-CHN-06-2017-F45N-BMW-220i,2 Series F45 Active Tourer LCI,F45N,220i,6S34,Active Tourer,CHN,2017-06,2018-12
6T52-EUR-06-2017,6T52-EUR-06-2017-F45N-BMW-216d,2 Series F45 Active Tourer LCI,F45N,216d,6T52,Active Tourer,EUR,2017-06,2021-10
6U31-EUR-06-2017,6U31-EUR-06-2017-F45N-BMW-220d,2 Series F45 Active Tourer LCI,F45N,220d,6U31,Active Tourer,EUR,2017-06,2021-10
6V52-EUR-06-2017,6V52-EUR-06-2017-F46N-BMW-220i,2 Series F46 Gran Tourer LCI,F46N,220i,6V52,Gran Tourer,EUR,2017-06,2021-10
6X11-EUR-06-2017,6X11-EUR-06-2017-F46N-BMW-218dX,2 Series F46 Gran Tourer LCI,F46N,218dX,6X11,Gran Tourer,EUR,2017-06,2022-12
6Y32-EUR-06-2017,6Y32-EUR-06-2017-F45N-BMW-225xe,2 Series F45 Active Tourer LCI,F45N,225xe,6Y32,Active Tourer,EUR,2017-06,2021-10
6Z11-EUR-06-2017,6Z11-EUR-06-2017-F45N-BMW-218d,2 Series F45 Active Tourer LCI,F45N,218d,6Z11,Active Tourer,EUR,2017-06,2018-04
6Z32-EUR-06-2017,6Z32-EUR-06-2017-F45N-BMW-220d,2 Series F45 Active Tourer LCI,F45N,220d,6Z32,Active Tourer,EUR,2017-06,2018-06
7G69-RUS-06-2017,7G69-RUS-06-2017-G12-BMW-730LdX,7 Series G12,G12,730LdX,7G69,Sedan,RUS,2017-06,2018-10
UJ01-EUR-06-2017,UJ01-EUR-06-2017-F98-BMW-X4_M,X4 M F98,F98,X4 M,UJ01,SAC,EUR,2017-06,2021-07
UJ03-USA-06-2017,UJ03-USA-06-2017-F98-BMW-X4_M,X4 M F98,F98,X4 M,UJ03,SAC,USA,2017-06,2021-07
6V72-EUR-07-2017,6V72-EUR-07-2017-F46N-BMW-218i,2 Series F46 Gran Tourer LCI,F46N,218i,6V72,Gran Tourer,EUR,2017-07,2022-05
7G29-RUS-07-2017,7G29-RUS-07-2017-G12-BMW-725Ld,7 Series G12,G12,725Ld,7G29,Sedan,RUS,2017-07,2017-11
7Z22-EUR-07-2017,7Z22-EUR-07-2017-I01N-BMW_i-i3_94Ah,i3 I01 LCI,I01N,i3 94Ah,7Z22,Mega City Vehicle,EUR,2017-07,2018-10
HU14-THA-07-2017,HU14-THA-07-2017-F48-BMW-X1_20d,X1 F48,F48,X1 20d,HU14,SUV,THA,2017-07,2019-02
JA94-THA-07-2017,JA94-THA-07-2017-G30-BMW-530e,5 Series G30,G30,530e,JA94,Sedan,THA,2017-07,2020-06
JA98-MYS-07-2017,JA98-MYS-07-2017-G30-BMW-530e,5 Series G30,G30,530e,JA98,Sedan,MYS,2017-07,2020-01
JG14-THA-07-2017,JG14-THA-07-2017-F48-BMW-X1_18i,X1 F48,F48,X1 18i,JG14,SUV,THA,2017-07,2019-02
JG16-IDN-07-2017,JG16-IDN-07-2017-F48-BMW-X1_18i,X1 F48,F48,X1 18i,JG16,SUV,IDN,2017-07,2019-06
JG35-EGY-07-2017,JG35-EGY-07-2017-F48-BMW-X1_20i,X1 F48,F48,X1 20i,JG35,SUV,EGY,2017-07,2019-05
JG38-MYS-07-2017,JG38-MYS-07-2017-F48-BMW-X1_20i,X1 F48,F48,X1 20i,JG38,SUV,MYS,2017-07,2019-06
JH92-EUR-07-2017,JH92-EUR-07-2017-F48-BMW-X1_20d,X1 F48,F48,X1 20d,JH92,SUV,EUR,2017-07,2018-04
TR12-EUR-07-2017,TR12-EUR-07-2017-G01-BMW-X3_20i,X3 G01,G01,X3 20i,TR12,SUV,EUR,2017-07,2019-07
6S12-EUR-08-2017,6S12-EUR-08-2017-F45N-BMW-218i,2 Series F45 Active Tourer LCI,F45N,218i,6S12,Active Tourer,EUR,2017-08,2021-10
6U32-EUR-08-2017,6U32-EUR-08-2017-F45N-BMW-220d,2 Series F45 Active Tourer LCI,F45N,220d,6U32,Active Tourer,EUR,2017-08,2021-07
7Z82-EUR-08-2017,7Z82-EUR-08-2017-I01N-BMW_i-i3s_94Ah_Rex,i3 I01 LCI,I01N,i3s 94Ah Rex,7Z82,Mega City Vehicle,EUR,2017-08,2018-10
JA79-RUS-08-2017,JA79-RUS-08-2017-G30-BMW-530iX,5 Series G30,G30,530iX,JA79,Sedan,RUS,2017-08,2018-06
JC59-RUS-08-2017,JC59-RUS-08-2017-G30-BMW-520dX,5 Series G30,G30,520dX,JC59,Sedan,RUS,2017-08,2020-06
JK71-EUR-08-2017,JK71-EUR-08-2017-G30-BMW-520i,5 Series G30,G30,520i,JK71,Sedan,EUR,2017-08,2019-06
VJ31-EUR-08-2017,VJ31-EUR-08-2017-G02-BMW-X4_25dX,X4 G02,G02,X4 25dX,VJ31,SAC,EUR,2017-08,2019-05
2X92-EUR-09-2017,2X92-EUR-09-2017-F45N-BMW-216i,2 Series F45 Active Tourer LCI,F45N,216i,2X92,Active Tourer,EUR,2017-09,2021-05
6T92-EUR-09-2017,6T92-EUR-09-2017-F45N-BMW-218d,2 Series F45 Active Tourer LCI,F45N,218d,6T92,Active Tourer,EUR,2017-09,2021-10
6U12-EUR-09-2017,6U12-EUR-09-2017-F45N-BMW-218dX,2 Series F45 Active Tourer LCI,F45N,218dX,6U12,Active Tourer,EUR,2017-09,2021-07
6U52-EUR-09-2017,6U52-EUR-09-2017-F45N-BMW-220dX,2 Series F45 Active Tourer LCI,F45N,220dX,6U52,Active Tourer,EUR,2017-09,2021-10
6W52-EUR-09-2017,6W52-EUR-09-2017-F46N-BMW-216d,2 Series F46 Gran Tourer LCI,F46N,216d,6W52,Gran Tourer,EUR,2017-09,2021-10
6W92-EUR-09-2017,6W92-EUR-09-2017-F46N-BMW-218d,2 Series F46 Gran Tourer LCI,F46N,218d,6W92,Gran Tourer,EUR,2017-09,2022-08
6X12-EUR-09-2017,6X12-EUR-09-2017-F46N-BMW-218dX,2 Series F46 Gran Tourer LCI,F46N,218dX,6X12,Gran Tourer,EUR,2017-09,2022-08
6X32-EUR-09-2017,6X32-EUR-09-2017-F46N-BMW-220d,2 Series F46 Gran Tourer LCI,F46N,220d,6X32,Gran Tourer,EUR,2017-09,2021-09
6X52-EUR-09-2017,6X52-EUR-09-2017-F46N-BMW-220dX,2 Series F46 Gran Tourer LCI,F46N,220dX,6X52,Gran Tourer,EUR,2017-09,2021-09
6X91-EUR-09-2017,6X91-EUR-09-2017-F46N-BMW-216d,2 Series F46 Gran Tourer LCI,F46N,216d,6X91,Gran Tourer,EUR,2017-09,2018-08
6Y91-EUR-09-2017,6Y91-EUR-09-2017-F45N-BMW-220i,2 Series F45 Active Tourer LCI,F45N,220i,6Y91,Active Tourer,EUR,2017-09,2018-11
CV01-EUR-09-2017,CV01-EUR-09-2017-G05-BMW-X5_M50dX,X5 G05,G05,X5 M50dX,CV01,SUV,EUR,2017-09,2023-02
JA16-IDN-09-2017,JA16-IDN-09-2017-G30-BMW-520i,5 Series G30,G30,520i,JA16,Sedan,IDN,2017-09,2019-06
JC39-RUS-09-2017,JC39-RUS-09-2017-G30-BMW-520d,5 Series G30,G30,520d,JC39,Sedan,RUS,2017-09,2020-02
JF31-EUR-09-2017,JF31-EUR-09-2017-G30-BMW-520d,5 Series G30,G30,520d,JF31,Sedan,EUR,2017-09,2020-06
JR31-EUR-09-2017,JR31-EUR-09-2017-G30-BMW-530i,5 Series G30,G30,530i,JR31,Sedan,EUR,2017-09,2020-06
JT91-EUR-09-2017,JT91-EUR-09-2017-G31-BMW-520i,5 Series G31 Touring,G31,520i,JT91,Touring,EUR,2017-09,2019-06
JX21-EUR-09-2017,JX21-EUR-09-2017-G32-BMW-620d,6 Series G32 GT,G32,620d,JX21,Gran Turismo,EUR,2017-09,2020-06
JX61-EUR-09-2017,JX61-EUR-09-2017-G32-BMW-630i,6 Series G32 GT,G32,630i,JX61,Gran Turismo,EUR,2017-09,2020-07
TW18-MYS-09-2017,TW18-MYS-09-2017-G30-BMW-520i,5 Series G30,G30,520i,TW18,Sedan,MYS,2017-09,2018-01
TZ01-CHN-09-2017,TZ01-CHN-09-2017-G08-BMW-X3_28iX,X3 G08,G08,X3 28iX,TZ01,SUV,CHN,2017-09,2020-04
2Z42-EUR-10-2017,2Z42-EUR-10-2017-I12N-BMW_i-i8,i8 I12 LCI,I12N,i8,2Z42,Coupe,EUR,2017-10,2020-06
5R11-EUR-10-2017,5R11-EUR-10-2017-G20-BMW-330i,3 Series G20 Sedan,G20,330i,5R11,Sedan,EUR,2017-10,2022-06
5R13-USA-10-2017,5R13-USA-10-2017-G20-BMW-330i,3 Series G20 Sedan,G20,330i,5R13,Sedan,USA,2017-10,2022-06
5V52-EUR-10-2017,5V52-EUR-10-2017-G20-BMW-320d,3 Series G20 Sedan,G20,320d,5V52,Sedan,EUR,2017-10,2022-06
5V72-EUR-10-2017,5V72-EUR-10-2017-G20-BMW-320dX,3 Series G20 Sedan,G20,320dX,5V72,Sedan,EUR,2017-10,2022-06
6S32-EUR-10-2017,6S32-EUR-10-2017-F45N-BMW-220i,2 Series F45 Active Tourer LCI,F45N,220i,6S32,Active Tourer,EUR,2017-10,2021-10
6U92-EUR-10-2017,6U92-EUR-10-2017-F45N-BMW-216d,2 Series F45 Active Tourer LCI,F45N,216d,6U92,Active Tourer,EUR,2017-10,2017-10
6Z72-EUR-10-2017,6Z72-EUR-10-2017-F45N-BMW-218dX,2 Series F45 Active Tourer LCI,F45N,218dX,6Z72,Active Tourer,EUR,2017-10,2020-02
7F29-RUS-10-2017,7F29-RUS-10-2017-G12-BMW-750LiX_44,7 Series G12,G12,750LiX 4.4,7F29,Sedan,RUS,2017-10,2018-01
8P21-EUR-10-2017,8P21-EUR-10-2017-I01N-BMW_i-i3_120Ah,i3 I01 LCI,I01N,i3 120Ah,8P21,Mega City Vehicle,EUR,2017-10,2022-07
8P41-EUR-10-2017,8P41-EUR-10-2017-I01N-BMW_i-i3_120Ah_Rex,i3 I01 LCI,I01N,i3 120Ah Rex,8P41,Mega City Vehicle,EUR,2017-10,2020-06
8P43-USA-10-2017,8P43-USA-10-2017-I01N-BMW_i-i3_120Ah_Rex,i3 I01 LCI,I01N,i3 120Ah Rex,8P43,Mega City Vehicle,USA,2017-10,2021-10
8P61-EUR-10-2017,8P61-EUR-10-2017-I01N-BMW_i-i3s_120Ah,i3 I01 LCI,I01N,i3s 120Ah,8P61,Mega City Vehicle,EUR,2017-10,2022-07
8P81-EUR-10-2017,8P81-EUR-10-2017-I01N-BMW_i-i3s_120Ah_Rex,i3 I01 LCI,I01N,i3s 120Ah Rex,8P81,Mega City Vehicle,EUR,2017-10,2020-06
8P83-USA-10-2017,8P83-USA-10-2017-I01N-BMW_i-i3s_120Ah_Rex,i3 I01 LCI,I01N,i3s 120Ah Rex,8P83,Mega City Vehicle,USA,2017-10,2021-10
BC21-EUR-10-2017,BC21-EUR-10-2017-G15-BMW-840dX,8 Series G15 Coupé,G15,840dX,BC21,Coupe,EUR,2017-10,2023-04
BC22-EUR-10-2017,BC22-EUR-10-2017-G15-BMW-840dX,8 Series G15 Coupé,G15,840dX,BC22,Coupe,EUR,2017-10,2022-09
BC41-EUR-10-2017,BC41-EUR-10-2017-G15-BMW-M850iX,8 Series G15 Coupé,G15,M850iX,BC41,Coupe,EUR,2017-10,2025-02
BC42-EUR-10-2017,BC42-EUR-10-2017-G15-BMW-M850iX,8 Series G15 Coupé,G15,M850iX,BC42,Coupe,EUR,2017-10,2025-02
BC43-USA-10-2017,BC43-USA-10-2017-G15-BMW-M850iX,8 Series G15 Coupé,G15,M850iX,BC43,Coupe,USA,2017-10,2025-02
CR61-EUR-10-2017,CR61-EUR-10-2017-G05-BMW-X5_40iX,X5 G05,G05,X5 40iX,CR61,SUV,EUR,2017-10,2023-03
CR62-EUR-10-2017,CR62-EUR-10-2017-G05-BMW-X5_40iX,X5 G05,G05,X5 40iX,CR62,SUV,EUR,2017-10,2023-03
CR63-USA-10-2017,CR63-USA-10-2017-G05-BMW-X5_40iX,X5 G05,G05,X5 40iX,CR63,SUV,USA,2017-10,2023-03
CV02-EUR-10-2017,CV02-EUR-10-2017-G05-BMW-X5_M50dX,X5 G05,G05,X5 M50dX,CV02,SUV,EUR,2017-10,2023-02
CV61-EUR-10-2017,CV61-EUR-10-2017-G05-BMW-X5_30dX,X5 G05,G05,X5 30dX,CV61,SUV,EUR,2017-10,2023-02
CV62-EUR-10-2017,CV62-EUR-10-2017-G05-BMW-X5_30dX,X5 G05,G05,X5 30dX,CV62,SUV,EUR,2017-10,2023-03
FY21-EUR-10-2017,FY21-EUR-10-2017-G14-BMW-840dX,8 Series G14 Convertible,G14,840dX,FY21,Convertible,EUR,2017-10,2020-09
FY22-EUR-10-2017,FY22-EUR-10-2017-G14-BMW-840dX,8 Series G14 Convertible,G14,840dX,FY22,Convertible,EUR,2017-10,2023-05
FY43-USA-10-2017,FY43-USA-10-2017-G14-BMW-M850iX,8 Series G14 Convertible,G14,M850iX,FY43,Convertible,USA,2017-10,2025-02
HF11-EUR-10-2017,HF11-EUR-10-2017-G29-BMW-Z4_20i,Z4 G29,G29,Z4 20i,HF11,Roadster,EUR,2017-10,2025-03
HF51-EUR-10-2017,HF51-EUR-10-2017-G29-BMW-Z4_M40i,Z4 G29,G29,Z4 M40i,HF51,Roadster,EUR,2017-10,2025-03
JA19-RUS-10-2017,JA19-RUS-10-2017-G30-BMW-520i,5 Series G30,G30,520i,JA19,Sedan,RUS,2017-10,2019-03
JD19-RUS-10-2017,JD19-RUS-10-2017-G30-BMW-530dX,5 Series G30,G30,530dX,JD19,Sedan,RUS,2017-10,2020-06
JF11-EUR-10-2017,JF11-EUR-10-2017-G30-BMW-518d,5 Series G30,G30,518d,JF11,Sedan,EUR,2017-10,2020-07
JF51-EUR-10-2017,JF51-EUR-10-2017-G30-BMW-520dX,5 Series G30,G30,520dX,JF51,Sedan,EUR,2017-10,2020-06
JK51-EUR-10-2017,JK51-EUR-10-2017-G30-BMW-520i,5 Series G30,G30,520i,JK51,Sedan,EUR,2017-10,2019-06
JP11-EUR-10-2017,JP11-EUR-10-2017-G31-BMW-518d,5 Series G31 Touring,G31,518d,JP11,Touring,EUR,2017-10,2020-06
JP31-EUR-10-2017,JP31-EUR-10-2017-G31-BMW-520d,5 Series G31 Touring,G31,520d,JP31,Touring,EUR,2017-10,2019-11
JP51-EUR-10-2017,JP51-EUR-10-2017-G31-BMW-520dX,5 Series G31 Touring,G31,520dX,JP51,Touring,EUR,2017-10,2019-10
JR32-EUR-10-2017,JR32-EUR-10-2017-G30-BMW-530i,5 Series G30,G30,530i,JR32,Sedan,EUR,2017-10,2020-06
JR71-EUR-10-2017,JR71-EUR-10-2017-G30-BMW-530iX,5 Series G30,G30,530iX,JR71,Sedan,EUR,2017-10,2020-06
JT31-EUR-10-2017,JT31-EUR-10-2017-G31-BMW-530i,5 Series G31 Touring,G31,530i,JT31,Touring,EUR,2017-10,2020-06
JT51-EUR-10-2017,JT51-EUR-10-2017-G31-BMW-530iX,5 Series G31 Touring,G31,530iX,JT51,Touring,EUR,2017-10,2020-06
JU21-EUR-10-2017,JU21-EUR-10-2017-G05-BMW-X5_50iX,X5 G05,G05,X5 50iX,JU21,SUV,EUR,2017-10,2019-07
JU23-USA-10-2017,JU23-USA-10-2017-G05-BMW-X5_50iX,X5 G05,G05,X5 50iX,JU23,SUV,USA,2017-10,2020-07
JX41-EUR-10-2017,JX41-EUR-10-2017-G32-BMW-620dX,6 Series G32 GT,G32,620dX,JX41,Gran Turismo,EUR,2017-10,2020-06
JX62-EUR-10-2017,JX62-EUR-10-2017-G32-BMW-630i,6 Series G32 GT,G32,630i,JX62,Gran Turismo,EUR,2017-10,2020-06
TX91-EUR-10-2017,TX91-EUR-10-2017-G01-BMW-X3_M40dX,X3 G01,G01,X3 M40dX,TX91,SUV,EUR,2017-10,2021-07
VJ12-EUR-10-2017,VJ12-EUR-10-2017-G02-BMW-X4_20dX,X4 G02,G02,X4 20dX,VJ12,SAC,EUR,2017-10,2021-07
VJ51-EUR-10-2017,VJ51-EUR-10-2017-G02-BMW-X4_30dX,X4 G02,G02,X4 30dX,VJ51,SAC,EUR,2017-10,2021-07
YK11-EUR-10-2017,YK11-EUR-10-2017-F39-BMW-X2_16d,X2 F39,F39,X2 16d,YK11,SAC,EUR,2017-10,2023-10
YN11-EUR-10-2017,YN11-EUR-10-2017-F39-BMW-X2_M35iX,X2 F39,F39,X2 M35iX,YN11,SAC,EUR,2017-10,2023-10
YN13-USA-10-2017,YN13-USA-10-2017-F39-BMW-X2_M35iX,X2 F39,F39,X2 M35iX,YN13,SAC,USA,2017-10,2022-03
5R12-EUR-11-2017,5R12-EUR-11-2017-G20-BMW-330i,3 Series G20 Sedan,G20,330i,5R12,Sedan,EUR,2017-11,2022-05
5R31-EUR-11-2017,5R31-EUR-11-2017-G20-BMW-330i,3 Series G20 Sedan,G20,330i,5R31,Sedan,EUR,2017-11,2021-02
5R73-USA-11-2017,5R73-USA-11-2017-G20-BMW-330iX,3 Series G20 Sedan,G20,330iX,5R73,Sedan,USA,2017-11,2022-06
5R91-EUR-11-2017,5R91-EUR-11-2017-G20-BMW-330iX,3 Series G20 Sedan,G20,330iX,5R91,Sedan,EUR,2017-11,2020-02
5V51-EUR-11-2017,5V51-EUR-11-2017-G20-BMW-320d,3 Series G20 Sedan,G20,320d,5V51,Sedan,EUR,2017-11,2022-06
5V71-EUR-11-2017,5V71-EUR-11-2017-G20-BMW-320dX,3 Series G20 Sedan,G20,320dX,5V71,Sedan,EUR,2017-11,2022-06
8C79-RUS-11-2017,8C79-RUS-11-2017-F30N-BMW-320d,3 Series F30 LCI,F30N,320d,8C79,Sedan,RUS,2017-11,2018-10
AE01-EUR-11-2017,AE01-EUR-11-2017-F92-BMW-M8,8 Series F92 M8 Coupé,F92,M8,AE01,Coupe,EUR,2017-11,2025-02
CW01-EUR-11-2017,CW01-EUR-11-2017-G07-BMW-X7_M50dX,X7 G07,G07,X7 M50dX,CW01,SUV,EUR,2017-11,2022-04
CW21-EUR-11-2017,CW21-EUR-11-2017-G07-BMW-X7_40iX,X7 G07,G07,X7 40iX,CW21,SUV,EUR,2017-11,2022-06
CW23-USA-11-2017,CW23-USA-11-2017-G07-BMW-X7_40iX,X7 G07,G07,X7 40iX,CW23,SUV,USA,2017-11,2022-06
CW81-EUR-11-2017,CW81-EUR-11-2017-G07-BMW-X7_30dX,X7 G07,G07,X7 30dX,CW81,SUV,EUR,2017-11,2022-05
CW82-EUR-11-2017,CW82-EUR-11-2017-G07-BMW-X7_30dX,X7 G07,G07,X7 30dX,CW82,SUV,EUR,2017-11,2022-06
CX41-EUR-11-2017,CX41-EUR-11-2017-G07-BMW-X7_50iX,X7 G07,G07,X7 50iX,CX41,SUV,EUR,2017-11,2019-08
CX43-USA-11-2017,CX43-USA-11-2017-G07-BMW-X7_50iX,X7 G07,G07,X7 50iX,CX43,SUV,USA,2017-11,2020-07
DZ01-EUR-11-2017,DZ01-EUR-11-2017-F91-BMW-M8,8 Series F91 M8 Convertible,F91,M8,DZ01,Convertible,EUR,2017-11,2025-02
FY41-EUR-11-2017,FY41-EUR-11-2017-G14-BMW-M850iX,8 Series G14 Convertible,G14,M850iX,FY41,Convertible,EUR,2017-11,2025-02
FY42-EUR-11-2017,FY42-EUR-11-2017-G14-BMW-M850iX,8 Series G14 Convertible,G14,M850iX,FY42,Convertible,EUR,2017-11,2025-01
HF31-EUR-11-2017,HF31-EUR-11-2017-G29-BMW-Z4_30i,Z4 G29,G29,Z4 30i,HF31,Roadster,EUR,2017-11,2025-03
HF33-USA-11-2017,HF33-USA-11-2017-G29-BMW-Z4_30i,Z4 G29,G29,Z4 30i,HF33,Roadster,USA,2017-11,2025-03
HF52-EUR-11-2017,HF52-EUR-11-2017-G29-BMW-Z4_M40i,Z4 G29,G29,Z4 M40i,HF52,Roadster,EUR,2017-11,2025-03
HF71-EUR-11-2017,HF71-EUR-11-2017-G29-BMW-Z4_20i,Z4 G29,G29,Z4 20i,HF71,Roadster,EUR,2017-11,2025-03
HT31-EUR-11-2017,HT31-EUR-11-2017-F48-BMW-X1_25iX,X1 F48,F48,X1 25iX,HT31,SUV,EUR,2017-11,2019-06
JU01-EUR-11-2017,JU01-EUR-11-2017-F95-BMW-X5_M,X5 M F95,F95,X5 M,JU01,SUV,EUR,2017-11,2023-03
JU03-USA-11-2017,JU03-USA-11-2017-F95-BMW-X5_M,X5 M F95,F95,X5 M,JU03,SUV,USA,2017-11,2023-03
JV27-IND-11-2017,JV27-IND-11-2017-G32-BMW-630i,6 Series G32 GT,G32,630i,JV27,Gran Turismo,IND,2017-11,2018-06
TX92-EUR-11-2017,TX92-EUR-11-2017-G01-BMW-X3_M40dX,X3 G01,G01,X3 M40dX,TX92,SUV,EUR,2017-11,2020-09
YJ51-EUR-11-2017,YJ51-EUR-11-2017-F39-BMW-X2_25iX,X2 F39,F39,X2 25iX,YJ51,SAC,EUR,2017-11,2019-06
YJ71-EUR-11-2017,YJ71-EUR-11-2017-F39-BMW-X2_18i,X2 F39,F39,X2 18i,YJ71,SAC,EUR,2017-11,2021-04
YJ91-EUR-11-2017,YJ91-EUR-11-2017-F39-BMW-X2_20i,X2 F39,F39,X2 20i,YJ91,SAC,EUR,2017-11,2021-06
YK91-EUR-11-2017,YK91-EUR-11-2017-F39-BMW-X2_20d,X2 F39,F39,X2 20d,YK91,SAC,EUR,2017-11,2023-10
5F72-EUR-12-2017,5F72-EUR-12-2017-G20-BMW-320i,3 Series G20 Sedan,G20,320i,5F72,Sedan,EUR,2017-12,2019-06
8X12-EUR-12-2017,8X12-EUR-12-2017-F34N-BMW-318d,3 Series F34 GT LCI,F34N,318d,8X12,Gran Turismo,EUR,2017-12,2017-12
AE03-USA-12-2017,AE03-USA-12-2017-F92-BMW-M8,8 Series F92 M8 Coupé,F92,M8,AE03,Coupe,USA,2017-12,2025-02
CW02-EUR-12-2017,CW02-EUR-12-2017-G07-BMW-X7_M50dX,X7 G07,G07,X7 M50dX,CW02,SUV,EUR,2017-12,2022-06
DZ03-USA-12-2017,DZ03-USA-12-2017-F91-BMW-M8,8 Series F91 M8 Convertible,F91,M8,DZ03,Convertible,USA,2017-12,2025-02
HF12-EUR-12-2017,HF12-EUR-12-2017-G29-BMW-Z4_20i,Z4 G29,G29,Z4 20i,HF12,Roadster,EUR,2017-12,2025-03
HF32-EUR-12-2017,HF32-EUR-12-2017-G29-BMW-Z4_30i,Z4 G29,G29,Z4 30i,HF32,Roadster,EUR,2017-12,2025-03
JA55-EGY-12-2017,JA55-EGY-12-2017-G30-BMW-530i,5 Series G30,G30,530i,JA55,Sedan,EGY,2017-12,2018-04
JT32-EUR-12-2017,JT32-EUR-12-2017-G31-BMW-530i,5 Series G31 Touring,G31,530i,JT32,Touring,EUR,2017-12,2020-05
JX22-EUR-12-2017,JX22-EUR-12-2017-G32-BMW-620d,6 Series G32 GT,G32,620d,JX22,Gran Turismo,EUR,2017-12,2020-06
JX42-EUR-12-2017,JX42-EUR-12-2017-G32-BMW-620dX,6 Series G32 GT,G32,620dX,JX42,Gran Turismo,EUR,2017-12,2020-06
KJ37-IND-12-2017,KJ37-IND-12-2017-G01-BMW-X3_20dX,X3 G01,G01,X3 20dX,KJ37,SUV,IND,2017-12,2019-08
KJ90-BRA-12-2017,KJ90-BRA-12-2017-G01-BMW-X3_30iX,X3 G01,G01,X3 30iX,KJ90,SUV,BRA,2017-12,2019-07
TR16-EUR-12-2017,TR16-EUR-12-2017-G01-BMW-X3_20i,X3 G01,G01,X3 20i,TR16,SUV,EUR,2017-12,2019-06
TR55-EUR-12-2017,TR55-EUR-12-2017-G01-BMW-X3_20iX,X3 G01,G01,X3 20iX,TR55,SUV,EUR,2017-12,2019-08
TR56-EUR-12-2017,TR56-EUR-12-2017-G01-BMW-X3_20iX,X3 G01,G01,X3 20iX,TR56,SUV,EUR,2017-12,2019-08
TX15-EUR-12-2017,TX15-EUR-12-2017-G01-BMW-X3_18d,X3 G01,G01,X3 18d,TX15,SUV,EUR,2017-12,2019-05
TX16-EUR-12-2017,TX16-EUR-12-2017-G01-BMW-X3_18d,X3 G01,G01,X3 18d,TX16,SUV,EUR,2017-12,2021-06
TX55-EUR-12-2017,TX55-EUR-12-2017-G01-BMW-X3_25dX,X3 G01,G01,X3 25dX,TX55,SUV,EUR,2017-12,2019-05
TX95-EUR-12-2017,TX95-EUR-12-2017-G01-BMW-X3_M40dX,X3 G01,G01,X3 M40dX,TX95,SUV,EUR,2017-12,2020-08
TX96-EUR-12-2017,TX96-EUR-12-2017-G01-BMW-X3_M40dX,X3 G01,G01,X3 M40dX,TX96,SUV,EUR,2017-12,2021-08
5F51-EUR-01-2018,5F51-EUR-01-2018-G20-BMW-320i_16,3 Series G20 Sedan,G20,320i 1.6,5F51,Sedan,EUR,2018-01,2022-06
5U73-USA-01-2018,5U73-USA-01-2018-G20-BMW-M340i,3 Series G20 Sedan,G20,M340i,5U73,Sedan,USA,2018-01,2022-06
5U93-USA-01-2018,5U93-USA-01-2018-G20-BMW-M340iX,3 Series G20 Sedan,G20,M340iX,5U93,Sedan,USA,2018-01,2022-06
5V31-EUR-01-2018,5V31-EUR-01-2018-G20-BMW-318d,3 Series G20 Sedan,G20,318d,5V31,Sedan,EUR,2018-01,2022-06
5V91-EUR-01-2018,5V91-EUR-01-2018-G20-BMW-330d,3 Series G20 Sedan,G20,330d,5V91,Sedan,EUR,2018-01,2020-09
6P41-EUR-01-2018,6P41-EUR-01-2018-G28-BMW-325Li,3 Series G28 Sedan,G28,325Li,6P41,Sedan,EUR,2018-01,2020-12
7C69-RUS-01-2018,7C69-RUS-01-2018-G11-BMW-740dX,7 Series G11,G11,740dX,7C69,Sedan,RUS,2018-01,2018-10
7R01-EUR-01-2018,7R01-EUR-01-2018-G11N-BMW-730i,7 Series G11 LCI,G11N,730i,7R01,Sedan,EUR,2018-01,2022-06
7R21-EUR-01-2018,7R21-EUR-01-2018-G11N-BMW-740i,7 Series G11 LCI,G11N,740i,7R21,Sedan,EUR,2018-01,2022-06
7R22-EUR-01-2018,7R22-EUR-01-2018-G11N-BMW-740i,7 Series G11 LCI,G11N,740i,7R22,Sedan,EUR,2018-01,2022-06
7R81-EUR-01-2018,7R81-EUR-01-2018-G11N-BMW-750iX,7 Series G11 LCI,G11N,750iX,7R81,Sedan,EUR,2018-01,2022-06
7R83-USA-01-2018,7R83-USA-01-2018-G11N-BMW-750iX,7 Series G11 LCI,G11N,750iX,7R83,Sedan,USA,2018-01,2022-06
7S21-EUR-01-2018,7S21-EUR-01-2018-G11N-BMW-730d,7 Series G11 LCI,G11N,730d,7S21,Sedan,EUR,2018-01,2021-04
7S41-EUR-01-2018,7S41-EUR-01-2018-G11N-BMW-730dX,7 Series G11 LCI,G11N,730dX,7S41,Sedan,EUR,2018-01,2022-03
7T01-EUR-01-2018,7T01-EUR-01-2018-G12N-BMW-730Li,7 Series G12 LCI,G12N,730Li,7T01,Sedan,EUR,2018-01,2022-06
7T21-EUR-01-2018,7T21-EUR-01-2018-G12N-BMW-740Li,7 Series G12 LCI,G12N,740Li,7T21,Sedan,EUR,2018-01,2022-06
7T22-EUR-01-2018,7T22-EUR-01-2018-G12N-BMW-740Li,7 Series G12 LCI,G12N,740Li,7T22,Sedan,EUR,2018-01,2022-05
7T23-USA-01-2018,7T23-USA-01-2018-G12N-BMW-740i,7 Series G12 LCI,G12N,740i,7T23,Sedan,USA,2018-01,2022-06
7T41-EUR-01-2018,7T41-EUR-01-2018-G12N-BMW-740LiX,7 Series G12 LCI,G12N,740LiX,7T41,Sedan,EUR,2018-01,2022-06
7T43-USA-01-2018,7T43-USA-01-2018-G12N-BMW-740iX,7 Series G12 LCI,G12N,740iX,7T43,Sedan,USA,2018-01,2022-06
7U21-EUR-01-2018,7U21-EUR-01-2018-G12N-BMW-750LiX,7 Series G12 LCI,G12N,750LiX,7U21,Sedan,EUR,2018-01,2022-06
7U23-USA-01-2018,7U23-USA-01-2018-G12N-BMW-750iX,7 Series G12 LCI,G12N,750iX,7U23,Sedan,USA,2018-01,2022-06
7U61-EUR-01-2018,7U61-EUR-01-2018-G12N-BMW-M760LiX,7 Series G12 LCI,G12N,M760LiX,7U61,Sedan,EUR,2018-01,2022-06
7U63-USA-01-2018,7U63-USA-01-2018-G12N-BMW-M760iX,7 Series G12 LCI,G12N,M760iX,7U63,Sedan,USA,2018-01,2022-06
7V21-EUR-01-2018,7V21-EUR-01-2018-G12N-BMW-730Ld,7 Series G12 LCI,G12N,730Ld,7V21,Sedan,EUR,2018-01,2021-04
7V41-EUR-01-2018,7V41-EUR-01-2018-G12N-BMW-730LdX,7 Series G12 LCI,G12N,730LdX,7V41,Sedan,EUR,2018-01,2022-03
7V61-EUR-01-2018,7V61-EUR-01-2018-G12N-BMW-740LdX,7 Series G12 LCI,G12N,740LdX,7V61,Sedan,EUR,2018-01,2022-03
7V81-EUR-01-2018,7V81-EUR-01-2018-G12N-BMW-750LdX,7 Series G12 LCI,G12N,750LdX,7V81,Sedan,EUR,2018-01,2020-09
8P22-EUR-01-2018,8P22-EUR-01-2018-I01N-BMW_i-i3_120Ah,i3 I01 LCI,I01N,i3 120Ah,8P22,Mega City Vehicle,EUR,2018-01,2022-07
8P23-USA-01-2018,8P23-USA-01-2018-I01N-BMW_i-i3_120Ah,i3 I01 LCI,I01N,i3 120Ah,8P23,Mega City Vehicle,USA,2018-01,2021-10
8P42-EUR-01-2018,8P42-EUR-01-2018-I01N-BMW_i-i3_120Ah_Rex,i3 I01 LCI,I01N,i3 120Ah Rex,8P42,Mega City Vehicle,EUR,2018-01,2021-12
8P63-USA-01-2018,8P63-USA-01-2018-I01N-BMW_i-i3s_120Ah,i3 I01 LCI,I01N,i3s 120Ah,8P63,Mega City Vehicle,USA,2018-01,2021-10
HF93-USA-01-2018,HF93-USA-01-2018-G29-BMW-Z4_M40i,Z4 G29,G29,Z4 M40i,HF93,Roadster,USA,2018-01,2025-03
JA15-EGY-01-2018,JA15-EGY-01-2018-G30-BMW-520i,5 Series G30,G30,520i,JA15,Sedan,EGY,2018-01,2019-04
KJ34-THA-01-2018,KJ34-THA-01-2018-G01-BMW-X3_20dX,X3 G01,G01,X3 20dX,KJ34,SUV,THA,2018-01,2021-07
KJ39-RUS-01-2018,KJ39-RUS-01-2018-G01-BMW-X3_20dX,X3 G01,G01,X3 20dX,KJ39,SUV,RUS,2018-01,2020-12
KJ98-MYS-01-2018,KJ98-MYS-01-2018-G01-BMW-X3_30iX,X3 G01,G01,X3 30iX,KJ98,SUV,MYS,2018-01,2019-07
UZ11-EUR-01-2018,UZ11-EUR-01-2018-G01-BMW-X3_18d,X3 G01,G01,X3 18d,UZ11,SUV,EUR,2018-01,2021-07
VJ52-EUR-01-2018,VJ52-EUR-01-2018-G02-BMW-X4_30dX,X4 G02,G02,X4 30dX,VJ52,SAC,EUR,2018-01,2020-07
VJ91-EUR-01-2018,VJ91-EUR-01-2018-G02-BMW-X4_20dX,X4 G02,G02,X4 20dX,VJ91,SAC,EUR,2018-01,2021-07
YL91-EUR-01-2018,YL91-EUR-01-2018-F39-BMW-X2_20d,X2 F39,F39,X2 20d,YL91,SAC,EUR,2018-01,2018-08
YN12-EUR-01-2018,YN12-EUR-01-2018-F39-BMW-X2_M35iX,X2 F39,F39,X2 M35iX,YN12,SAC,EUR,2018-01,2023-10
7P12-EUR-02-2018,7P12-EUR-02-2018-F46N-BMW-218d,2 Series F46 Gran Tourer LCI,F46N,218d,7P12,Gran Tourer,EUR,2018-02,2020-02
7P52-EUR-02-2018,7P52-EUR-02-2018-F46N-BMW-218dX,2 Series F46 Gran Tourer LCI,F46N,218dX,7P52,Gran Tourer,EUR,2018-02,2020-01
7S61-EUR-02-2018,7S61-EUR-02-2018-G11N-BMW-740dX,7 Series G11 LCI,G11N,740dX,7S61,Sedan,EUR,2018-02,2022-03
7S81-EUR-02-2018,7S81-EUR-02-2018-G11N-BMW-750dX,7 Series G11 LCI,G11N,750dX,7S81,Sedan,EUR,2018-02,2020-10
AE02-EUR-02-2018,AE02-EUR-02-2018-F92-BMW-M8,8 Series F92 M8 Coupé,F92,M8,AE02,Coupe,EUR,2018-02,2025-01
CW22-EUR-02-2018,CW22-EUR-02-2018-G07-BMW-X7_40iX,X7 G07,G07,X7 40iX,CW22,SUV,EUR,2018-02,2022-06
HF91-EUR-02-2018,HF91-EUR-02-2018-G29-BMW-Z4_M40i,Z4 G29,G29,Z4 M40i,HF91,Roadster,EUR,2018-02,2025-03
KJ10-BRA-02-2018,KJ10-BRA-02-2018-G01-BMW-X3_M40iX,X3 G01,G01,X3 M40iX,KJ10,SUV,BRA,2018-02,2019-03
KJ79-RUS-02-2018,KJ79-RUS-02-2018-G01-BMW-X3_30dX,X3 G01,G01,X3 30dX,KJ79,SUV,RUS,2018-02,2021-03
UJ02-EUR-02-2018,UJ02-EUR-02-2018-F98-BMW-X4_M,X4 M F98,F98,X4 M,UJ02,SAC,EUR,2018-02,2021-07
UZ31-EUR-02-2018,UZ31-EUR-02-2018-G01-BMW-X3_20dX,X3 G01,G01,X3 20dX,UZ31,SUV,EUR,2018-02,2021-07
UZ32-EUR-02-2018,UZ32-EUR-02-2018-G01-BMW-X3_20dX,X3 G01,G01,X3 20dX,UZ32,SUV,EUR,2018-02,2020-05
YR34-THA-02-2018,YR34-THA-02-2018-G01-BMW-X3_20iX,X3 G01,G01,X3 20iX,YR34,SUV,THA,2018-02,2018-02
5V32-EUR-03-2018,5V32-EUR-03-2018-G20-BMW-318d,3 Series G20 Sedan,G20,318d,5V32,Sedan,EUR,2018-03,2022-06
5V92-EUR-03-2018,5V92-EUR-03-2018-G20-BMW-330d,3 Series G20 Sedan,G20,330d,5V92,Sedan,EUR,2018-03,2020-09
7D61-EUR-03-2018,7D61-EUR-03-2018-G11N-BMW-745e,7 Series G11 LCI,G11N,745e,7D61,Sedan,EUR,2018-03,2022-06
7E25-EGY-03-2018,7E25-EGY-03-2018-G12-BMW-740Li,7 Series G12,G12,740Li,7E25,Sedan,EGY,2018-03,2018-11
7G24-THA-03-2018,7G24-THA-03-2018-G12-BMW-725Ld,7 Series G12,G12,725Ld,7G24,Sedan,THA,2018-03,2018-04
7W21-EUR-03-2018,7W21-EUR-03-2018-G12N-BMW-745Le,7 Series G12 LCI,G12N,745Le,7W21,Sedan,EUR,2018-03,2022-06
7W41-EUR-03-2018,7W41-EUR-03-2018-G12N-BMW-745LeX,7 Series G12 LCI,G12N,745LeX,7W41,Sedan,EUR,2018-03,2022-06
7W43-USA-03-2018,7W43-USA-03-2018-G12N-BMW-745eX,7 Series G12 LCI,G12N,745eX,7W43,Sedan,USA,2018-03,2022-06
JF52-EUR-03-2018,JF52-EUR-03-2018-G30-BMW-520dX,5 Series G30,G30,520dX,JF52,Sedan,EUR,2018-03,2020-01
JG59-RUS-03-2018,JG59-RUS-03-2018-F48-BMW-X1_20iX,X1 F48,F48,X1 20iX,JG59,SUV,RUS,2018-03,2019-05
JJ70-BRA-03-2018,JJ70-BRA-03-2018-F48-BMW-X1_20i,X1 F48,F48,X1 20i,JJ70,SUV,BRA,2018-03,2019-06
JJ90-BRA-03-2018,JJ90-BRA-03-2018-F48-BMW-X1_25iX,X1 F48,F48,X1 25iX,JJ90,SUV,BRA,2018-03,2019-06
KJ97-IND-03-2018,KJ97-IND-03-2018-G01-BMW-X3_30iX,X3 G01,G01,X3 30iX,KJ97,SUV,IND,2018-03,2019-06
KJ99-RUS-03-2018,KJ99-RUS-03-2018-G01-BMW-X3_30iX,X3 G01,G01,X3 30iX,KJ99,SUV,RUS,2018-03,2019-06
TA84-THA-03-2018,TA84-THA-03-2018-G05-BMW-X5_40iX,X5 G05,G05,X5 40iX,TA84,SUV,THA,2018-03,2021-11
UZ12-EUR-03-2018,UZ12-EUR-03-2018-G01-BMW-X3_18d,X3 G01,G01,X3 18d,UZ12,SUV,EUR,2018-03,2021-03
14BG-THA-04-2018,14BG-THA-04-2018-G01-BMW-X3_20dX,X3 G01,G01,X3 20dX,14BG,SUV,THA,2018-04,2018-04
5F71-EUR-04-2018,5F71-EUR-04-2018-G20-BMW-320i,3 Series G20 Sedan,G20,320i,5F71,Sedan,EUR,2018-04,2019-06
JF12-EUR-04-2018,JF12-EUR-04-2018-G30-BMW-518d,5 Series G30,G30,518d,JF12,Sedan,EUR,2018-04,2019-06
JF32-EUR-04-2018,JF32-EUR-04-2018-G30-BMW-520d,5 Series G30,G30,520d,JF32,Sedan,EUR,2018-04,2019-10
JK52-EUR-04-2018,JK52-EUR-04-2018-G30-BMW-520i,5 Series G30,G30,520i,JK52,Sedan,EUR,2018-04,2019-06
JU02-EUR-04-2018,JU02-EUR-04-2018-F95-BMW-X5_M,X5 M F95,F95,X5 M,JU02,SUV,EUR,2018-04,2023-03
JW67-IND-04-2018,JW67-IND-04-2018-G32-BMW-630d,6 Series G32 GT,G32,630d,JW67,Gran Turismo,IND,2018-04,2020-03
KJ56-IDN-04-2018,KJ56-IDN-04-2018-G01-BMW-X3_20iX,X3 G01,G01,X3 20iX,KJ56,SUV,IDN,2018-04,2019-03
KJ59-RUS-04-2018,KJ59-RUS-04-2018-G01-BMW-X3_20iX,X3 G01,G01,X3 20iX,KJ59,SUV,RUS,2018-04,2019-04
11AB-EUR-05-2018,11AB-EUR-05-2018-F48N-BMW-X1_20iX,X1 F48 LCI,F48N,X1 20iX,11AB,SUV,EUR,2018-05,2022-06
2V12-EUR-05-2018,2V12-EUR-05-2018-G02-BMW-X4_30iX,X4 G02,G02,X4 30iX,2V12,SAC,EUR,2018-05,2021-07
2V51-EUR-05-2018,2V51-EUR-05-2018-G02-BMW-X4_M40iX,X4 G02,G02,X4 M40iX,2V51,SAC,EUR,2018-05,2021-07
2V53-USA-05-2018,2V53-USA-05-2018-G02-BMW-X4_M40iX,X4 G02,G02,X4 M40iX,2V53,SAC,USA,2018-05,2021-07
2W51-CHN-05-2018,2W51-CHN-05-2018-F52-BMW-118i,1 Series F52 Sedan,F52,118i,2W51,Sedan,CHN,2018-05,2023-07
2W71-CHN-05-2018,2W71-CHN-05-2018-F52-BMW-120i,1 Series F52 Sedan,F52,120i,2W71,Sedan,CHN,2018-05,2023-06
31AD-EUR-05-2018,31AD-EUR-05-2018-F48N-BMW-X1_18dX,X1 F48 LCI,F48N,X1 18dX,31AD,SUV,EUR,2018-05,2022-06
31AE-EUR-05-2018,31AE-EUR-05-2018-F48N-BMW-X1_20dX,X1 F48 LCI,F48N,X1 20dX,31AE,SUV,EUR,2018-05,2022-06
32AE-EUR-05-2018,32AE-EUR-05-2018-F48N-BMW-X1_20dX,X1 F48 LCI,F48N,X1 20dX,32AE,SUV,EUR,2018-05,2022-05
51AB-EUR-05-2018,51AB-EUR-05-2018-F48N-BMW-X1_25iX,X1 F48 LCI,F48N,X1 25iX,51AB,SUV,EUR,2018-05,2021-10
5F34-CHN-05-2018,5F34-CHN-05-2018-G20-BMW-325i,3 Series G20 Sedan,G20,325i,5F34,Sedan,CHN,2018-05,2020-12
6M11-EUR-05-2018,6M11-EUR-05-2018-G21-BMW-330dX,3 Series G21 Touring,G21,330dX,6M11,Touring,EUR,2018-05,2020-09
6M12-EUR-05-2018,6M12-EUR-05-2018-G21-BMW-330dX,3 Series G21 Touring,G21,330dX,6M12,Touring,EUR,2018-05,2020-09
6R21-EUR-05-2018,6R21-EUR-05-2018-G28-BMW-325LiX,3 Series G28 Sedan,G28,325LiX,6R21,Sedan,EUR,2018-05,2020-12
6Y54-CHN-05-2018,6Y54-CHN-05-2018-F45N-BMW-220i,2 Series F45 Active Tourer LCI,F45N,220i,6Y54,Active Tourer,CHN,2018-05,2019-02
6Y74-CHN-05-2018,6Y74-CHN-05-2018-F45N-BMW-225i,2 Series F45 Active Tourer LCI,F45N,225i,6Y74,Active Tourer,CHN,2018-05,2019-02
7D62-EUR-05-2018,7D62-EUR-05-2018-G11N-BMW-745e,7 Series G11 LCI,G11N,745e,7D62,Sedan,EUR,2018-05,2022-06
7E49-RUS-05-2018,7E49-RUS-05-2018-G12-BMW-740LiX,7 Series G12,G12,740LiX,7E49,Sedan,RUS,2018-05,2018-05
7K32-EUR-05-2018,7K32-EUR-05-2018-F40-BMW-118i,1 Series F40,F40,118i,7K32,5 doors,EUR,2018-05,2024-06
7M91-EUR-05-2018,7M91-EUR-05-2018-F40-BMW-118d,1 Series F40,F40,118d,7M91,5 doors,EUR,2018-05,2024-06
7R82-EUR-05-2018,7R82-EUR-05-2018-G11N-BMW-750iX,7 Series G11 LCI,G11N,750iX,7R82,Sedan,EUR,2018-05,2022-06
7S62-EUR-05-2018,7S62-EUR-05-2018-G11N-BMW-740dX,7 Series G11 LCI,G11N,740dX,7S62,Sedan,EUR,2018-05,2022-05
7U22-EUR-05-2018,7U22-EUR-05-2018-G12N-BMW-750LiX,7 Series G12 LCI,G12N,750LiX,7U22,Sedan,EUR,2018-05,2022-05
7U62-EUR-05-2018,7U62-EUR-05-2018-G12N-BMW-M760LiX,7 Series G12 LCI,G12N,M760LiX,7U62,Sedan,EUR,2018-05,2022-06
7V22-EUR-05-2018,7V22-EUR-05-2018-G12N-BMW-730Ld,7 Series G12 LCI,G12N,730Ld,7V22,Sedan,EUR,2018-05,2022-05
7W42-EUR-05-2018,7W42-EUR-05-2018-G12N-BMW-745LeX,7 Series G12 LCI,G12N,745LeX,7W42,Sedan,EUR,2018-05,2022-06
CR21-EUR-05-2018,CR21-EUR-05-2018-G05-BMW-X5_30iX,X5 G05,G05,X5 30iX,CR21,SUV,EUR,2018-05,2021-12
CR43-USA-05-2018,CR43-USA-05-2018-G05-BMW-X5_40i,X5 G05,G05,X5 40i,CR43,SUV,USA,2018-05,2023-03
CV41-EUR-05-2018,CV41-EUR-05-2018-G05-BMW-X5_25dX,X5 G05,G05,X5 25dX,CV41,SUV,EUR,2018-05,2023-03
CX61-EUR-05-2018,CX61-EUR-05-2018-G07-BMW-X7_M50iX,X7 G07,G07,X7 M50iX,CX61,SUV,EUR,2018-05,2022-06
CX63-USA-05-2018,CX63-USA-05-2018-G07-BMW-X7_M50iX,X7 G07,G07,X7 M50iX,CX63,SUV,USA,2018-05,2022-06
GV21-EUR-05-2018,GV21-EUR-05-2018-G16-BMW-840i,8 Series G16 Gran Coupé,G16,840i,GV21,Gran Coupé,EUR,2018-05,2025-02
GV83-USA-05-2018,GV83-USA-05-2018-G16-BMW-M850iX,8 Series G16 Gran Coupé,G16,M850iX,GV83,Gran Coupé,USA,2018-05,2025-03
GW42-EUR-05-2018,GW42-EUR-05-2018-G16-BMW-840dX,8 Series G16 Gran Coupé,G16,840dX,GW42,Gran Coupé,EUR,2018-05,2024-06
HY31-CHN-05-2018,HY31-CHN-05-2018-F49N-BMW-X1_20Li,X1L F49 LCI,F49N,X1 20Li,HY31,SUV,CHN,2018-05,2023-03
HY51-CHN-05-2018,HY51-CHN-05-2018-F49N-BMW-X1_25Li,X1L F49 LCI,F49N,X1 25Li,HY51,SUV,CHN,2018-05,2023-03
HY71-CHN-05-2018,HY71-CHN-05-2018-F49N-BMW-X1_25LiX,X1L F49 LCI,F49N,X1 25LiX,HY71,SUV,CHN,2018-05,2023-03
JG73-USA-05-2018,JG73-USA-05-2018-F48N-BMW-X1_28i,X1 F48 LCI,F48N,X1 28i,JG73,SUV,USA,2018-05,2022-05
JG93-USA-05-2018,JG93-USA-05-2018-F48N-BMW-X1_28iX,X1 F48 LCI,F48N,X1 28iX,JG93,SUV,USA,2018-05,2022-06
JJ31-EUR-05-2018,JJ31-EUR-05-2018-F48N-BMW-X1_25dX,X1 F48 LCI,F48N,X1 25dX,JJ31,SUV,EUR,2018-05,2022-05
JP32-EUR-05-2018,JP32-EUR-05-2018-G31-BMW-520d,5 Series G31 Touring,G31,520d,JP32,Touring,EUR,2018-05,2019-12
JP52-EUR-05-2018,JP52-EUR-05-2018-G31-BMW-520dX,5 Series G31 Touring,G31,520dX,JP52,Touring,EUR,2018-05,2019-10
JU41-EUR-05-2018,JU41-EUR-05-2018-G05-BMW-X5_M50iX,X5 G05,G05,X5 M50iX,JU41,SUV,EUR,2018-05,2023-03
JU43-USA-05-2018,JU43-USA-05-2018-G05-BMW-X5_M50iX,X5 G05,G05,X5 M50iX,JU43,SUV,USA,2018-05,2023-03
KJ15-EGY-05-2018,KJ15-EGY-05-2018-G01-BMW-X3_M40iX,X3 G01,G01,X3 M40iX,KJ15,SUV,EGY,2018-05,2018-12
KJ95-EGY-05-2018,KJ95-EGY-05-2018-G01-BMW-X3_30iX,X3 G01,G01,X3 30iX,KJ95,SUV,EGY,2018-05,2019-04
PJ11-CHN-05-2018,PJ11-CHN-05-2018-F49N-BMW-X1_30LeX,X1L F49 LCI,F49N,X1 30LeX,PJ11,SUV,CHN,2018-05,2021-05
TA61-EUR-05-2018,TA61-EUR-05-2018-G05-BMW-X5_45eX,X5 G05,G05,X5 45eX,TA61,SUV,EUR,2018-05,2023-03
TA63-USA-05-2018,TA63-USA-05-2018-G05-BMW-X5_45eX,X5 G05,G05,X5 45eX,TA63,SUV,USA,2018-05,2023-03
TS71-EUR-05-2018,TS71-EUR-05-2018-G01-BMW-X3_20i,X3 G01,G01,X3 20i,TS71,SUV,EUR,2018-05,2021-07
TY33-USA-05-2018,TY33-USA-05-2018-G01-BMW-X3_30i,X3 G01,G01,X3 30i,TY33,SUV,USA,2018-05,2021-07
TY51-EUR-05-2018,TY51-EUR-05-2018-G01-BMW-X3_30iX,X3 G01,G01,X3 30iX,TY51,SUV,EUR,2018-05,2021-07
TY91-EUR-05-2018,TY91-EUR-05-2018-G01-BMW-X3_M40iX,X3 G01,G01,X3 M40iX,TY91,SUV,EUR,2018-05,2021-07
TY93-USA-05-2018,TY93-USA-05-2018-G01-BMW-X3_M40iX,X3 G01,G01,X3 M40iX,TY93,SUV,USA,2018-05,2021-07
UJ71-EUR-05-2018,UJ71-EUR-05-2018-G02-BMW-X4_20iX,X4 G02,G02,X4 20iX,UJ71,SAC,EUR,2018-05,2021-07
YH14-CHN-05-2018,YH14-CHN-05-2018-F39-BMW-X2_20i,X2 F39,F39,X2 20i,YH14,SAC,CHN,2018-05,2021-03
YH34-CHN-05-2018,YH34-CHN-05-2018-F39-BMW-X2_25i,X2 F39,F39,X2 25i,YH34,SAC,CHN,2018-05,2023-09
YJ13-USA-05-2018,YJ13-USA-05-2018-F39-BMW-X2_28iX,X2 F39,F39,X2 28iX,YJ13,SAC,USA,2018-05,2022-09
YN51-EUR-05-2018,YN51-EUR-05-2018-F39-BMW-X2_25dX,X2 F39,F39,X2 25dX,YN51,SAC,EUR,2018-05,2023-09
11CK-EUR-06-2018,11CK-EUR-06-2018-F22N-BMW-218d,2 Series F22 LCI,F22N,218d,11CK,Coupe,EUR,2018-06,2020-09
11CL-EUR-06-2018,11CL-EUR-06-2018-F23N-BMW-218d,2 Series F23 LCI,F23N,218d,11CL,Convertible,EUR,2018-06,2020-09
12AB-EUR-06-2018,12AB-EUR-06-2018-F48N-BMW-X1_20iX,X1 F48 LCI,F48N,X1 20iX,12AB,SUV,EUR,2018-06,2022-05
12CK-EUR-06-2018,12CK-EUR-06-2018-F22N-BMW-218d,2 Series F22 LCI,F22N,218d,12CK,Coupe,EUR,2018-06,2020-09
12CL-EUR-06-2018,12CL-EUR-06-2018-F23N-BMW-218d,2 Series F23 LCI,F23N,218d,12CL,Convertible,EUR,2018-06,2020-09
2V11-EUR-06-2018,2V11-EUR-06-2018-G02-BMW-X4_30iX,X4 G02,G02,X4 30iX,2V11,SAC,EUR,2018-06,2021-07
2V13-USA-06-2018,2V13-USA-06-2018-G02-BMW-X4_30iX,X4 G02,G02,X4 30iX,2V13,SAC,USA,2018-06,2021-07
31AA-EUR-06-2018,31AA-EUR-06-2018-F48N-BMW-X1_18i,X1 F48 LCI,F48N,X1 18i,31AA,SUV,EUR,2018-06,2022-06
31AC-EUR-06-2018,31AC-EUR-06-2018-F48N-BMW-X1_16d,X1 F48 LCI,F48N,X1 16d,31AC,SUV,EUR,2018-06,2022-05
32AA-EUR-06-2018,32AA-EUR-06-2018-F48N-BMW-X1_18i,X1 F48 LCI,F48N,X1 18i,32AA,SUV,EUR,2018-06,2022-06
4L51-EUR-06-2018,4L51-EUR-06-2018-F36N-BMW-418d,4 Series F36 Gran Coupé LCI,F36N,418d,4L51,Gran Coupé,EUR,2018-06,2020-09
4L52-EUR-06-2018,4L52-EUR-06-2018-F36N-BMW-418d,4 Series F36 Gran Coupé LCI,F36N,418d,4L52,Gran Coupé,EUR,2018-06,2018-10
5F31-EUR-06-2018,5F31-EUR-06-2018-G20-BMW-320i,3 Series G20 Sedan,G20,320i,5F31,Sedan,EUR,2018-06,2022-06
5P31-EUR-06-2018,5P31-EUR-06-2018-G20-BMW-320iX,3 Series G20 Sedan,G20,320iX,5P31,Sedan,EUR,2018-06,2022-06
5R71-EUR-06-2018,5R71-EUR-06-2018-G20-BMW-330iX,3 Series G20 Sedan,G20,330iX,5R71,Sedan,EUR,2018-06,2022-06
5U91-EUR-06-2018,5U91-EUR-06-2018-G20-BMW-M340iX,3 Series G20 Sedan,G20,M340iX,5U91,Sedan,EUR,2018-06,2022-06
5U92-EUR-06-2018,5U92-EUR-06-2018-G20-BMW-M340iX,3 Series G20 Sedan,G20,M340iX,5U92,Sedan,EUR,2018-06,2022-06
5W11-EUR-06-2018,5W11-EUR-06-2018-G20-BMW-330dX,3 Series G20 Sedan,G20,330dX,5W11,Sedan,EUR,2018-06,2022-03
5X71-EUR-06-2018,5X71-EUR-06-2018-G20-BMW-330e,3 Series G20 Sedan,G20,330e,5X71,Sedan,EUR,2018-06,2020-06
5X72-EUR-06-2018,5X72-EUR-06-2018-G20-BMW-330e,3 Series G20 Sedan,G20,330e,5X72,Sedan,EUR,2018-06,2020-06
6K51-EUR-06-2018,6K51-EUR-06-2018-G21-BMW-330i,3 Series G21 Touring,G21,330i,6K51,Touring,EUR,2018-06,2022-06
6K71-EUR-06-2018,6K71-EUR-06-2018-G21-BMW-330iX,3 Series G21 Touring,G21,330iX,6K71,Touring,EUR,2018-06,2022-06
6L51-EUR-06-2018,6L51-EUR-06-2018-G21-BMW-320d,3 Series G21 Touring,G21,320d,6L51,Touring,EUR,2018-06,2022-05
6L71-EUR-06-2018,6L71-EUR-06-2018-G21-BMW-320dX,3 Series G21 Touring,G21,320dX,6L71,Touring,EUR,2018-06,2022-03
6L72-EUR-06-2018,6L72-EUR-06-2018-G21-BMW-320dX,3 Series G21 Touring,G21,320dX,6L72,Touring,EUR,2018-06,2022-06
71AA-EUR-06-2018,71AA-EUR-06-2018-F48N-BMW-X1_20i,X1 F48 LCI,F48N,X1 20i,71AA,SUV,EUR,2018-06,2022-06
71AC-EUR-06-2018,71AC-EUR-06-2018-F48N-BMW-X1_18d,X1 F48 LCI,F48N,X1 18d,71AC,SUV,EUR,2018-06,2022-06
72AA-EUR-06-2018,72AA-EUR-06-2018-F48N-BMW-X1_20i,X1 F48 LCI,F48N,X1 20i,72AA,SUV,EUR,2018-06,2022-05
7K31-EUR-06-2018,7K31-EUR-06-2018-F40-BMW-118i,1 Series F40,F40,118i,7K31,5 doors,EUR,2018-06,2024-06
7L11-EUR-06-2018,7L11-EUR-06-2018-F40-BMW-M135iX,1 Series F40,F40,M135iX,7L11,5 doors,EUR,2018-06,2024-06
7M71-EUR-06-2018,7M71-EUR-06-2018-F40-BMW-116d,1 Series F40,F40,116d,7M71,5 doors,EUR,2018-06,2024-05
7M72-EUR-06-2018,7M72-EUR-06-2018-F40-BMW-116d,1 Series F40,F40,116d,7M72,5 doors,EUR,2018-06,2024-05
7M92-EUR-06-2018,7M92-EUR-06-2018-F40-BMW-118d,1 Series F40,F40,118d,7M92,5 doors,EUR,2018-06,2024-05
7N51-EUR-06-2018,7N51-EUR-06-2018-F40-BMW-120dX,1 Series F40,F40,120dX,7N51,5 doors,EUR,2018-06,2024-06
7N52-EUR-06-2018,7N52-EUR-06-2018-F40-BMW-120dX,1 Series F40,F40,120dX,7N52,5 doors,EUR,2018-06,2023-02
7R02-EUR-06-2018,7R02-EUR-06-2018-G11N-BMW-730i,7 Series G11 LCI,G11N,730i,7R02,Sedan,EUR,2018-06,2021-08
7V62-EUR-06-2018,7V62-EUR-06-2018-G12N-BMW-740LdX,7 Series G12 LCI,G12N,740LdX,7V62,Sedan,EUR,2018-06,2022-05
AE41-EUR-06-2018,AE41-EUR-06-2018-G15-BMW-840iX,8 Series G15 Coupé,G15,840iX,AE41,Coupe,EUR,2018-06,2025-02
CV42-EUR-06-2018,CV42-EUR-06-2018-G05-BMW-X5_25dX,X5 G05,G05,X5 25dX,CV42,SUV,EUR,2018-06,2023-02
CY43-USA-06-2018,CY43-USA-06-2018-G06-BMW-X6_40i,X6 G06,G06,X6 40i,CY43,SAC,USA,2018-06,2021-07
CY61-EUR-06-2018,CY61-EUR-06-2018-G06-BMW-X6_40iX,X6 G06,G06,X6 40iX,CY61,SAC,EUR,2018-06,2023-03
CY63-USA-06-2018,CY63-USA-06-2018-G06-BMW-X6_40iX,X6 G06,G06,X6 40iX,CY63,SAC,USA,2018-06,2023-03
CY81-EUR-06-2018,CY81-EUR-06-2018-G06-BMW-X6_M50iX,X6 G06,G06,X6 M50iX,CY81,SAC,EUR,2018-06,2023-03
CY83-USA-06-2018,CY83-USA-06-2018-G06-BMW-X6_M50iX,X6 G06,G06,X6 M50iX,CY83,SAC,USA,2018-06,2023-03
DZ02-EUR-06-2018,DZ02-EUR-06-2018-F91-BMW-M8,8 Series F91 M8 Convertible,F91,M8,DZ02,Convertible,EUR,2018-06,2025-02
DZ21-EUR-06-2018,DZ21-EUR-06-2018-G14-BMW-840i,8 Series G14 Convertible,G14,840i,DZ21,Convertible,EUR,2018-06,2025-02
GT21-EUR-06-2018,GT21-EUR-06-2018-G06-BMW-X6_30dX,X6 G06,G06,X6 30dX,GT21,SAC,EUR,2018-06,2023-03
GT22-EUR-06-2018,GT22-EUR-06-2018-G06-BMW-X6_30dX,X6 G06,G06,X6 30dX,GT22,SAC,EUR,2018-06,2023-03
GT61-EUR-06-2018,GT61-EUR-06-2018-G06-BMW-X6_M50dX,X6 G06,G06,X6 M50dX,GT61,SAC,EUR,2018-06,2023-02
GT62-EUR-06-2018,GT62-EUR-06-2018-G06-BMW-X6_M50dX,X6 G06,G06,X6 M50dX,GT62,SAC,EUR,2018-06,2023-02
GV23-USA-06-2018,GV23-USA-06-2018-G16-BMW-840i,8 Series G16 Gran Coupé,G16,840i,GV23,Gran Coupé,USA,2018-06,2025-03
GV41-EUR-06-2018,GV41-EUR-06-2018-G16-BMW-840iX,8 Series G16 Gran Coupé,G16,840iX,GV41,Gran Coupé,EUR,2018-06,2025-02
GV43-USA-06-2018,GV43-USA-06-2018-G16-BMW-840iX,8 Series G16 Gran Coupé,G16,840iX,GV43,Gran Coupé,USA,2018-06,2025-02
GV81-EUR-06-2018,GV81-EUR-06-2018-G16-BMW-M850iX,8 Series G16 Gran Coupé,G16,M850iX,GV81,Gran Coupé,EUR,2018-06,2025-03
GW41-EUR-06-2018,GW41-EUR-06-2018-G16-BMW-840dX,8 Series G16 Gran Coupé,G16,840dX,GW41,Gran Coupé,EUR,2018-06,2024-10
JG37-IND-06-2018,JG37-IND-06-2018-F48-BMW-X1_20i,X1 F48,F48,X1 20i,JG37,SUV,IND,2018-06,2019-06
JT92-EUR-06-2018,JT92-EUR-06-2018-G31-BMW-520i,5 Series G31 Touring,G31,520i,JT92,Touring,EUR,2018-06,2019-06
KJ50-BRA-06-2018,KJ50-BRA-06-2018-G01-BMW-X3_20iX,X3 G01,G01,X3 20iX,KJ50,SUV,BRA,2018-06,2018-08
TA62-EUR-06-2018,TA62-EUR-06-2018-G05-BMW-X5_45eX,X5 G05,G05,X5 45eX,TA62,SUV,EUR,2018-06,2023-03
TS76-EUR-06-2018,TS76-EUR-06-2018-G01-BMW-X3_20i,X3 G01,G01,X3 20i,TS76,SUV,EUR,2018-06,2021-08
TY11-EUR-06-2018,TY11-EUR-06-2018-G01-BMW-X3_20iX,X3 G01,G01,X3 20iX,TY11,SUV,EUR,2018-06,2021-07
TY15-EUR-06-2018,TY15-EUR-06-2018-G01-BMW-X3_20iX,X3 G01,G01,X3 20iX,TY15,SUV,EUR,2018-06,2021-08
TY53-USA-06-2018,TY53-USA-06-2018-G01-BMW-X3_30iX,X3 G01,G01,X3 30iX,TY53,SUV,USA,2018-06,2021-07
UZ16-EUR-06-2018,UZ16-EUR-06-2018-G01-BMW-X3_18d,X3 G01,G01,X3 18d,UZ16,SUV,EUR,2018-06,2021-02
UZ36-EUR-06-2018,UZ36-EUR-06-2018-G01-BMW-X3_20dX,X3 G01,G01,X3 20dX,UZ36,SUV,EUR,2018-06,2021-08
VJ92-EUR-06-2018,VJ92-EUR-06-2018-G02-BMW-X4_20dX,X4 G02,G02,X4 20dX,VJ92,SAC,EUR,2018-06,2021-07
YH93-USA-06-2018,YH93-USA-06-2018-F39-BMW-X2_28i,X2 F39,F39,X2 28i,YH93,SAC,USA,2018-06,2023-06
YL72-EUR-06-2018,YL72-EUR-06-2018-F39-BMW-X2_18dX,X2 F39,F39,X2 18dX,YL72,SAC,EUR,2018-06,2018-06
5F32-EUR-07-2018,5F32-EUR-07-2018-G20-BMW-320i,3 Series G20 Sedan,G20,320i,5F32,Sedan,EUR,2018-07,2022-06
5W12-EUR-07-2018,5W12-EUR-07-2018-G20-BMW-330dX,3 Series G20 Sedan,G20,330dX,5W12,Sedan,EUR,2018-07,2020-09
6L52-EUR-07-2018,6L52-EUR-07-2018-G21-BMW-320d,3 Series G21 Touring,G21,320d,6L52,Touring,EUR,2018-07,2020-02
81BP-EUR-07-2018,81BP-EUR-07-2018-G32-BMW-630iX,6 Series G32 GT,G32,630iX,81BP,Gran Turismo,EUR,2018-07,2020-06
AE21-EUR-07-2018,AE21-EUR-07-2018-G15-BMW-840i,8 Series G15 Coupé,G15,840i,AE21,Coupe,EUR,2018-07,2025-02
AE23-USA-07-2018,AE23-USA-07-2018-G15-BMW-840i,8 Series G15 Coupé,G15,840i,AE23,Coupe,USA,2018-07,2025-02
AE43-USA-07-2018,AE43-USA-07-2018-G15-BMW-840iX,8 Series G15 Coupé,G15,840iX,AE43,Coupe,USA,2018-07,2025-03
CX62-EUR-07-2018,CX62-EUR-07-2018-G07-BMW-X7_M50iX,X7 G07,G07,X7 M50iX,CX62,SUV,EUR,2018-07,2022-06
CY01-EUR-07-2018,CY01-EUR-07-2018-F96-BMW-X6_M,X6 M F96,F96,X6 M,CY01,SAC,EUR,2018-07,2023-03
CY02-EUR-07-2018,CY02-EUR-07-2018-F96-BMW-X6_M,X6 M F96,F96,X6 M,CY02,SAC,EUR,2018-07,2023-03
CY03-USA-07-2018,CY03-USA-07-2018-F96-BMW-X6_M,X6 M F96,F96,X6 M,CY03,SAC,USA,2018-07,2023-03
CY62-EUR-07-2018,CY62-EUR-07-2018-G06-BMW-X6_40iX,X6 G06,G06,X6 40iX,CY62,SAC,EUR,2018-07,2023-03
DZ23-USA-07-2018,DZ23-USA-07-2018-G14-BMW-840i,8 Series G14 Convertible,G14,840i,DZ23,Convertible,USA,2018-07,2025-02
DZ41-EUR-07-2018,DZ41-EUR-07-2018-G14-BMW-840iX,8 Series G14 Convertible,G14,840iX,DZ41,Convertible,EUR,2018-07,2025-02
DZ43-USA-07-2018,DZ43-USA-07-2018-G14-BMW-840iX,8 Series G14 Convertible,G14,840iX,DZ43,Convertible,USA,2018-07,2025-02
JK91-EUR-07-2018,JK91-EUR-07-2018-G30-BMW-520i,5 Series G30,G30,520i,JK91,Sedan,EUR,2018-07,2020-06
JR11-EUR-07-2018,JR11-EUR-07-2018-G30-BMW-520i,5 Series G30,G30,520i,JR11,Sedan,EUR,2018-07,2020-06
JR12-EUR-07-2018,JR12-EUR-07-2018-G30-BMW-520i,5 Series G30,G30,520i,JR12,Sedan,EUR,2018-07,2020-06
JR33-USA-07-2018,JR33-USA-07-2018-G30-BMW-530i,5 Series G30,G30,530i,JR33,Sedan,USA,2018-07,2020-06
JR35-EGY-07-2018,JR35-EGY-07-2018-G30-BMW-530i,5 Series G30,G30,530i,JR35,Sedan,EGY,2018-07,2019-02
JR38-MYS-07-2018,JR38-MYS-07-2018-G30-BMW-530i,5 Series G30,G30,530i,JR38,Sedan,MYS,2018-07,2020-04
JR51-EUR-07-2018,JR51-EUR-07-2018-G30-BMW-530i,5 Series G30,G30,530i,JR51,Sedan,EUR,2018-07,2020-06
JR73-USA-07-2018,JR73-USA-07-2018-G30-BMW-530iX,5 Series G30,G30,530iX,JR73,Sedan,USA,2018-07,2020-06
JR79-RUS-07-2018,JR79-RUS-07-2018-G30-BMW-530iX,5 Series G30,G30,530iX,JR79,Sedan,RUS,2018-07,2020-06
JR91-EUR-07-2018,JR91-EUR-07-2018-G30-BMW-530iX,5 Series G30,G30,530iX,JR91,Sedan,EUR,2018-07,2020-06
JS11-EUR-07-2018,JS11-EUR-07-2018-G30-BMW-540i,5 Series G30,G30,540i,JS11,Sedan,EUR,2018-07,2020-06
JS13-USA-07-2018,JS13-USA-07-2018-G30-BMW-540i,5 Series G30,G30,540i,JS13,Sedan,USA,2018-07,2020-06
JS31-EUR-07-2018,JS31-EUR-07-2018-G30-BMW-540iX,5 Series G30,G30,540iX,JS31,Sedan,EUR,2018-07,2020-06
JS32-EUR-07-2018,JS32-EUR-07-2018-G30-BMW-540iX,5 Series G30,G30,540iX,JS32,Sedan,EUR,2018-07,2020-06
JS33-USA-07-2018,JS33-USA-07-2018-G30-BMW-540iX,5 Series G30,G30,540iX,JS33,Sedan,USA,2018-07,2020-06
JS71-EUR-07-2018,JS71-EUR-07-2018-G30-BMW-M550iX,5 Series G30,G30,M550iX,JS71,Sedan,EUR,2018-07,2020-06
JS73-USA-07-2018,JS73-USA-07-2018-G30-BMW-M550iX,5 Series G30,G30,M550iX,JS73,Sedan,USA,2018-07,2020-06
JT11-EUR-07-2018,JT11-EUR-07-2018-G31-BMW-520i,5 Series G31 Touring,G31,520i,JT11,Touring,EUR,2018-07,2020-06
JT12-EUR-07-2018,JT12-EUR-07-2018-G31-BMW-520i,5 Series G31 Touring,G31,520i,JT12,Touring,EUR,2018-07,2020-06
JT71-EUR-07-2018,JT71-EUR-07-2018-G31-BMW-540iX,5 Series G31 Touring,G31,540iX,JT71,Touring,EUR,2018-07,2020-06
JT72-EUR-07-2018,JT72-EUR-07-2018-G31-BMW-540iX,5 Series G31 Touring,G31,540iX,JT72,Touring,EUR,2018-07,2020-06
JX01-EUR-07-2018,JX01-EUR-07-2018-G32-BMW-640iX,6 Series G32 GT,G32,640iX,JX01,Gran Turismo,EUR,2018-07,2020-06
JX03-USA-07-2018,JX03-USA-07-2018-G32-BMW-640iX,6 Series G32 GT,G32,640iX,JX03,Gran Turismo,USA,2018-07,2019-02
JX68-MYS-07-2018,JX68-MYS-07-2018-G32-BMW-630i,6 Series G32 GT,G32,630i,JX68,Gran Turismo,MYS,2018-07,2020-06
TY55-EUR-07-2018,TY55-EUR-07-2018-G01-BMW-X3_30iX,X3 G01,G01,X3 30iX,TY55,SUV,EUR,2018-07,2021-08
UZ15-EUR-07-2018,UZ15-EUR-07-2018-G01-BMW-X3_18d,X3 G01,G01,X3 18d,UZ15,SUV,EUR,2018-07,2021-08
UZ35-EUR-07-2018,UZ35-EUR-07-2018-G01-BMW-X3_20dX,X3 G01,G01,X3 20dX,UZ35,SUV,EUR,2018-07,2021-07
YH54-CHN-07-2018,YH54-CHN-07-2018-F39-BMW-X2_25iX,X2 F39,F39,X2 25iX,YH54,SAC,CHN,2018-07,2023-07
8P62-EUR-08-2018,8P62-EUR-08-2018-I01N-BMW_i-i3s_120Ah,i3 I01 LCI,I01N,i3s 120Ah,8P62,Mega City Vehicle,EUR,2018-08,2022-07
JP91-EUR-08-2018,JP91-EUR-08-2018-G30-BMW-530eX,5 Series G30,G30,530eX,JP91,Sedan,EUR,2018-08,2020-06
JS12-EUR-08-2018,JS12-EUR-08-2018-G30-BMW-540i,5 Series G30,G30,540i,JS12,Sedan,EUR,2018-08,2020-06
JS91-EUR-08-2018,JS91-EUR-08-2018-G30-BMW-530e,5 Series G30,G30,530e,JS91,Sedan,EUR,2018-08,2020-06
JX02-EUR-08-2018,JX02-EUR-08-2018-G32-BMW-640iX,6 Series G32 GT,G32,640iX,JX02,Gran Turismo,EUR,2018-08,2020-03
JX81-EUR-08-2018,JX81-EUR-08-2018-G32-BMW-640i,6 Series G32 GT,G32,640i,JX81,Gran Turismo,EUR,2018-08,2020-06
UJ30-BRA-08-2018,UJ30-BRA-08-2018-G02-BMW-X4_30iX,X4 G02,G02,X4 30iX,UJ30,SAC,BRA,2018-08,2019-07
VJ19-RUS-08-2018,VJ19-RUS-08-2018-G02-BMW-X4_20dX,X4 G02,G02,X4 20dX,VJ19,SAC,RUS,2018-08,2021-02
VJ59-RUS-08-2018,VJ59-RUS-08-2018-G02-BMW-X4_30dX,X4 G02,G02,X4 30dX,VJ59,SAC,RUS,2018-08,2021-03
YK12-EUR-08-2018,YK12-EUR-08-2018-F39-BMW-X2_16d,X2 F39,F39,X2 16d,YK12,SAC,EUR,2018-08,2023-03
YL71-EUR-08-2018,YL71-EUR-08-2018-F39-BMW-X2_18dX,X2 F39,F39,X2 18dX,YL71,SAC,EUR,2018-08,2023-05
2V91-EUR-09-2018,2V91-EUR-09-2018-G02-BMW-X4_20iX,X4 G02,G02,X4 20iX,2V91,SAC,EUR,2018-09,2021-07
51BG-EUR-09-2018,51BG-EUR-09-2018-G01-BMW-X3_20iX,X3 G01,G01,X3 20iX,51BG,SUV,EUR,2018-09,2021-07
5P32-EUR-09-2018,5P32-EUR-09-2018-G20-BMW-320iX,3 Series G20 Sedan,G20,320iX,5P32,Sedan,EUR,2018-09,2020-06
5R18-EUR-09-2018,5R18-EUR-09-2018-G20-BMW-330i,3 Series G20 Sedan,G20,330i,5R18,Sedan,EUR,2018-09,2022-06
5R79-USA-09-2018,5R79-USA-09-2018-G20-BMW-330iX,3 Series G20 Sedan,G20,330iX,5R79,Sedan,USA,2018-09,2022-06
5U71-EUR-09-2018,5U71-EUR-09-2018-G20-BMW-M340i,3 Series G20 Sedan,G20,M340i,5U71,Sedan,EUR,2018-09,2022-05
7L12-EUR-09-2018,7L12-EUR-09-2018-F40-BMW-M135iX,1 Series F40,F40,M135iX,7L12,5 doors,EUR,2018-09,2024-06
7S22-EUR-09-2018,7S22-EUR-09-2018-G11N-BMW-730d,7 Series G11 LCI,G11N,730d,7S22,Sedan,EUR,2018-09,2022-05
7S42-EUR-09-2018,7S42-EUR-09-2018-G11N-BMW-730dX,7 Series G11 LCI,G11N,730dX,7S42,Sedan,EUR,2018-09,2020-06
7T02-EUR-09-2018,7T02-EUR-09-2018-G12N-BMW-730Li,7 Series G12 LCI,G12N,730Li,7T02,Sedan,EUR,2018-09,2021-04
CY21-EUR-09-2018,CY21-EUR-09-2018-G06-BMW-X6_30iX,X6 G06,G06,X6 30iX,CY21,SAC,EUR,2018-09,2023-03
CY82-EUR-09-2018,CY82-EUR-09-2018-G06-BMW-X6_M50iX,X6 G06,G06,X6 M50iX,CY82,SAC,EUR,2018-09,2023-03
GV22-EUR-09-2018,GV22-EUR-09-2018-G16-BMW-840i,8 Series G16 Gran Coupé,G16,840i,GV22,Gran Coupé,EUR,2018-09,2025-02
JR36-IDN-09-2018,JR36-IDN-09-2018-G30-BMW-530i,5 Series G30,G30,530i,JR36,Sedan,IDN,2018-09,2020-01
JX67-IND-09-2018,JX67-IND-09-2018-G32-BMW-630i,6 Series G32 GT,G32,630i,JX67,Gran Turismo,IND,2018-09,2020-05
TS11-EUR-09-2018,TS11-EUR-09-2018-G01-BMW-X3_30eX,X3 G01,G01,X3 30eX,TS11,SUV,EUR,2018-09,2021-07
TS12-EUR-09-2018,TS12-EUR-09-2018-G01-BMW-X3_30eX,X3 G01,G01,X3 30eX,TS12,SUV,EUR,2018-09,2021-07
TS13-USA-09-2018,TS13-USA-09-2018-G01-BMW-X3_30eX,X3 G01,G01,X3 30eX,TS13,SUV,USA,2018-09,2021-07
TS72-EUR-09-2018,TS72-EUR-09-2018-G01-BMW-X3_20i,X3 G01,G01,X3 20i,TS72,SUV,EUR,2018-09,2021-07
TY52-EUR-09-2018,TY52-EUR-09-2018-G01-BMW-X3_30iX,X3 G01,G01,X3 30iX,TY52,SUV,EUR,2018-09,2021-07
TY92-EUR-09-2018,TY92-EUR-09-2018-G01-BMW-X3_M40iX,X3 G01,G01,X3 M40iX,TY92,SUV,EUR,2018-09,2021-07
UJ37-IND-09-2018,UJ37-IND-09-2018-G02-BMW-X4_30iX,X4 G02,G02,X4 30iX,UJ37,SAC,IND,2018-09,2019-07
VJ57-IND-09-2018,VJ57-IND-09-2018-G02-BMW-X4_30dX,X4 G02,G02,X4 30dX,VJ57,SAC,IND,2018-09,2021-06
11AK-EUR-10-2018,11AK-EUR-10-2018-F44-BMW-218i,2 Series F44 Gran Coupé,F44,218i,11AK,Gran Coupé,EUR,2018-10,2024-10
11AL-EUR-10-2018,11AL-EUR-10-2018-F44-BMW-M235iX,2 Series F44 Gran Coupé,F44,M235iX,11AL,Gran Coupé,EUR,2018-10,2024-10
12AD-EUR-10-2018,12AD-EUR-10-2018-F48N-BMW-X1_18dX,X1 F48 LCI,F48N,X1 18dX,12AD,SUV,EUR,2018-10,2018-10
12AL-EUR-10-2018,12AL-EUR-10-2018-F44-BMW-M235iX,2 Series F44 Gran Coupé,F44,M235iX,12AL,Gran Coupé,EUR,2018-10,2024-10
13AL-USA-10-2018,13AL-USA-10-2018-F44-BMW-M235iX,2 Series F44 Gran Coupé,F44,M235iX,13AL,Gran Coupé,USA,2018-10,2024-10
2V52-EUR-10-2018,2V52-EUR-10-2018-G02-BMW-X4_M40iX,X4 G02,G02,X4 M40iX,2V52,SAC,EUR,2018-10,2021-07
51AM-EUR-10-2018,51AM-EUR-10-2018-F44-BMW-220d,2 Series F44 Gran Coupé,F44,220d,51AM,Gran Coupé,EUR,2018-10,2024-05
52AB-EUR-10-2018,52AB-EUR-10-2018-F48N-BMW-X1_25iX,X1 F48 LCI,F48N,X1 25iX,52AB,SUV,EUR,2018-10,2021-10
52AM-EUR-10-2018,52AM-EUR-10-2018-F44-BMW-220d,2 Series F44 Gran Coupé,F44,220d,52AM,Gran Coupé,EUR,2018-10,2023-06
5R14-CHN-10-2018,5R14-CHN-10-2018-G20-BMW-330i,3 Series G20 Sedan,G20,330i,5R14,Sedan,CHN,2018-10,2022-09
5R19-USA-10-2018,5R19-USA-10-2018-G20-BMW-330i,3 Series G20 Sedan,G20,330i,5R19,Sedan,USA,2018-10,2022-06
5U79-USA-10-2018,5U79-USA-10-2018-G20-BMW-M340i,3 Series G20 Sedan,G20,M340i,5U79,Sedan,USA,2018-10,2022-06
5Y34-CHN-10-2018,5Y34-CHN-10-2018-G20-BMW-320i,3 Series G20 Sedan,G20,320i,5Y34,Sedan,CHN,2018-10,2020-12
6K31-EUR-10-2018,6K31-EUR-10-2018-G21-BMW-320i,3 Series G21 Touring,G21,320i,6K31,Touring,EUR,2018-10,2022-06
6K52-EUR-10-2018,6K52-EUR-10-2018-G21-BMW-330i,3 Series G21 Touring,G21,330i,6K52,Touring,EUR,2018-10,2022-06
6L31-EUR-10-2018,6L31-EUR-10-2018-G21-BMW-318d,3 Series G21 Touring,G21,318d,6L31,Touring,EUR,2018-10,2022-06
6L91-EUR-10-2018,6L91-EUR-10-2018-G21-BMW-330d,3 Series G21 Touring,G21,330d,6L91,Touring,EUR,2018-10,2020-09
6N11-EUR-10-2018,6N11-EUR-10-2018-G21-BMW-M340iX,3 Series G21 Touring,G21,M340iX,6N11,Touring,EUR,2018-10,2022-06
6P01-EUR-10-2018,6P01-EUR-10-2018-G28-BMW-330LiX,3 Series G28 Sedan,G28,330LiX,6P01,Sedan,EUR,2018-10,2022-09
72AD-EUR-10-2018,72AD-EUR-10-2018-F48N-BMW-X1_20d,X1 F48 LCI,F48N,X1 20d,72AD,SUV,EUR,2018-10,2020-09
73AK-USA-10-2018,73AK-USA-10-2018-F44-BMW-228iX,2 Series F44 Gran Coupé,F44,228iX,73AK,Gran Coupé,USA,2018-10,2024-10
76BG-IDN-10-2018,76BG-IDN-10-2018-G01-BMW-X3_20i,X3 G01,G01,X3 20i,76BG,SUV,IDN,2018-10,2019-02
7P11-EUR-10-2018,7P11-EUR-10-2018-F46N-BMW-218d,2 Series F46 Gran Tourer LCI,F46N,218d,7P11,Gran Tourer,EUR,2018-10,2018-10
GV01-EUR-10-2018,GV01-EUR-10-2018-F93-BMW-M8,8 Series F93 M8 Gran Coupe,F93,M8,GV01,Gran Coupé,EUR,2018-10,2025-02
GV02-EUR-10-2018,GV02-EUR-10-2018-F93-BMW-M8,8 Series F93 M8 Gran Coupe,F93,M8,GV02,Gran Coupé,EUR,2018-10,2025-02
GV03-USA-10-2018,GV03-USA-10-2018-F93-BMW-M8,8 Series F93 M8 Gran Coupe,F93,M8,GV03,Gran Coupé,USA,2018-10,2025-02
GV82-EUR-10-2018,GV82-EUR-10-2018-G16-BMW-M850iX,8 Series G16 Gran Coupé,G16,M850iX,GV82,Gran Coupé,EUR,2018-10,2025-02
JS72-EUR-10-2018,JS72-EUR-10-2018-G30-BMW-M550iX,5 Series G30,G30,M550iX,JS72,Sedan,EUR,2018-10,2020-06
TS51-EUR-10-2018,TS51-EUR-10-2018-G01-BMW-X3_30eX,X3 G01,G01,X3 30eX,TS51,SUV,EUR,2018-10,2021-07
TY12-EUR-10-2018,TY12-EUR-10-2018-G01-BMW-X3_20iX,X3 G01,G01,X3 20iX,TY12,SUV,EUR,2018-10,2021-07
TY16-EUR-10-2018,TY16-EUR-10-2018-G01-BMW-X3_20iX,X3 G01,G01,X3 20iX,TY16,SUV,EUR,2018-10,2021-08
TY56-EUR-10-2018,TY56-EUR-10-2018-G01-BMW-X3_30iX,X3 G01,G01,X3 30iX,TY56,SUV,EUR,2018-10,2021-08
UJ39-RUS-10-2018,UJ39-RUS-10-2018-G02-BMW-X4_30iX,X4 G02,G02,X4 30iX,UJ39,SAC,RUS,2018-10,2019-06
UJ50-BRA-10-2018,UJ50-BRA-10-2018-G02-BMW-X4_M40iX,X4 G02,G02,X4 M40iX,UJ50,SAC,BRA,2018-10,2019-06
UJ72-EUR-10-2018,UJ72-EUR-10-2018-G02-BMW-X4_20iX,X4 G02,G02,X4 20iX,UJ72,SAC,EUR,2018-10,2021-07
VJ17-IND-10-2018,VJ17-IND-10-2018-G02-BMW-X4_20dX,X4 G02,G02,X4 20dX,VJ17,SAC,IND,2018-10,2019-07
YL92-EUR-10-2018,YL92-EUR-10-2018-F39-BMW-X2_20d,X2 F39,F39,X2 20d,YL92,SAC,EUR,2018-10,2020-02
11DF-EUR-11-2018,11DF-EUR-11-2018-F39-BMW-X2_20iX,X2 F39,F39,X2 20iX,11DF,SAC,EUR,2018-11,2023-10
11DG-EUR-11-2018,11DG-EUR-11-2018-F48N-BMW-X1_20iX,X1 F48 LCI,F48N,X1 20iX,11DG,SUV,EUR,2018-11,2022-04
31DG-EUR-11-2018,31DG-EUR-11-2018-F48N-BMW-X1_25iX,X1 F48 LCI,F48N,X1 25iX,31DG,SUV,EUR,2018-11,2020-06
32AD-EUR-11-2018,32AD-EUR-11-2018-F48N-BMW-X1_18dX,X1 F48 LCI,F48N,X1 18dX,32AD,SUV,EUR,2018-11,2022-06
51AY-EUR-11-2018,51AY-EUR-11-2018-G80-BMW-M3,3 Series G80 M3,G80,M3,51AY,Sedan,EUR,2018-11,2024-05
6K32-EUR-11-2018,6K32-EUR-11-2018-G21-BMW-320i,3 Series G21 Touring,G21,320i,6K32,Touring,EUR,2018-11,2022-06
6L32-EUR-11-2018,6L32-EUR-11-2018-G21-BMW-318d,3 Series G21 Touring,G21,318d,6L32,Touring,EUR,2018-11,2022-05
6L92-EUR-11-2018,6L92-EUR-11-2018-G21-BMW-330d,3 Series G21 Touring,G21,330d,6L92,Touring,EUR,2018-11,2020-09
6N12-EUR-11-2018,6N12-EUR-11-2018-G21-BMW-M340iX,3 Series G21 Touring,G21,M340iX,6N12,Touring,EUR,2018-11,2022-06
8P82-EUR-11-2018,8P82-EUR-11-2018-I01N-BMW_i-i3s_120Ah_Rex,i3 I01 LCI,I01N,i3s 120Ah Rex,8P82,Mega City Vehicle,EUR,2018-11,2021-09
AE22-EUR-11-2018,AE22-EUR-11-2018-G15-BMW-840i,8 Series G15 Coupé,G15,840i,AE22,Coupe,EUR,2018-11,2025-02
DZ22-EUR-11-2018,DZ22-EUR-11-2018-G14-BMW-840i,8 Series G14 Convertible,G14,840i,DZ22,Convertible,EUR,2018-11,2025-02
JP92-EUR-11-2018,JP92-EUR-11-2018-G30-BMW-530eX,5 Series G30,G30,530eX,JP92,Sedan,EUR,2018-11,2020-06
JX27-IND-11-2018,JX27-IND-11-2018-G32-BMW-620d,6 Series G32 GT,G32,620d,JX27,Gran Turismo,IND,2018-11,2020-06
UJ38-MYS-11-2018,UJ38-MYS-11-2018-G02-BMW-X4_30iX,X4 G02,G02,X4 30iX,UJ38,SAC,MYS,2018-11,2019-07
YJ11-EUR-11-2018,YJ11-EUR-11-2018-F39-BMW-X2_25iX,X2 F39,F39,X2 25iX,YJ11,SAC,EUR,2018-11,2019-12
31AY-EUR-12-2018,31AY-EUR-12-2018-G80-BMW-M3_Competition,3 Series G80 M3,G80,M3 Competition,31AY,Sedan,EUR,2018-12,2024-06
53AY-USA-12-2018,53AY-USA-12-2018-G80-BMW-M3,3 Series G80 M3,G80,M3,53AY,Sedan,USA,2018-12,2024-06
JR37-IND-12-2018,JR37-IND-12-2018-G30-BMW-530i,5 Series G30,G30,530i,JR37,Sedan,IND,2018-12,2020-06
JU42-EUR-12-2018,JU42-EUR-12-2018-G05-BMW-X5_M50iX,X5 G05,G05,X5 M50iX,JU42,SUV,EUR,2018-12,2023-03
TR38-EUR-12-2018,TR38-EUR-12-2018-G01-BMW-X3_20i_16,X3 G01,G01,X3 20i 1.6,TR38,SUV,EUR,2018-12,2021-08
1J31-EUR-01-2019,1J31-EUR-01-2019-F87N-BMW-M2_CS,2 Series F87 M2 LCI,F87N,M2 CS,1J31,Coupe,EUR,2019-01,2020-12
1J33-USA-01-2019,1J33-USA-01-2019-F87N-BMW-M2_CS,2 Series F87 M2 LCI,F87N,M2 CS,1J33,Coupe,USA,2019-01,2020-12
41BE-EUR-01-2019,41BE-EUR-01-2019-G28-BMW-320Li,3 Series G28 Sedan,G28,320Li,41BE,Sedan,EUR,2019-01,2020-12
5P73-USA-01-2019,5P73-USA-01-2019-G20-BMW-330e,3 Series G20 Sedan,G20,330e,5P73,Sedan,USA,2019-01,2022-06
5P93-USA-01-2019,5P93-USA-01-2019-G20-BMW-330eX,3 Series G20 Sedan,G20,330eX,5P93,Sedan,USA,2019-01,2022-06
5W71-EUR-01-2019,5W71-EUR-01-2019-G20-BMW-316d,3 Series G20 Sedan,G20,316d,5W71,Sedan,EUR,2019-01,2022-06
71AB-EUR-01-2019,71AB-EUR-01-2019-F48N-BMW-X1_25eX,X1 F48 LCI,F48N,X1 25eX,71AB,SUV,EUR,2019-01,2022-06
7Y01-CHN-01-2019,7Y01-CHN-01-2019-G08-BMW-X3_28iX,X3 G08,G08,X3 28iX,7Y01,SUV,CHN,2019-01,2021-08
7Y61-CHN-01-2019,7Y61-CHN-01-2019-G08-BMW-X3_30iX,X3 G08,G08,X3 30iX,7Y61,SUV,CHN,2019-01,2021-08
CR66-IDN-01-2019,CR66-IDN-01-2019-G05-BMW-X5_40iX,X5 G05,G05,X5 40iX,CR66,SUV,IDN,2019-01,2023-03
CV67-IND-01-2019,CV67-IND-01-2019-G05-BMW-X5_30dX,X5 G05,G05,X5 30dX,CV67,SUV,IND,2019-01,2022-10
CV69-RUS-01-2019,CV69-RUS-01-2019-G05-BMW-X5_30dX,X5 G05,G05,X5 30dX,CV69,SUV,RUS,2019-01,2022-03
HF92-EUR-01-2019,HF92-EUR-01-2019-G29-BMW-Z4_M40i,Z4 G29,G29,Z4 M40i,HF92,Roadster,EUR,2019-01,2025-03
JA18-MYS-01-2019,JA18-MYS-01-2019-G30-BMW-520i,5 Series G30,G30,520i,JA18,Sedan,MYS,2019-01,2019-06
11AM-EUR-02-2019,11AM-EUR-02-2019-F44-BMW-216d,2 Series F44 Gran Coupé,F44,216d,11AM,Gran Coupé,EUR,2019-02,2024-05
11DW-EUR-02-2019,11DW-EUR-02-2019-G30-BMW-520d,5 Series G30,G30,520d,11DW,Sedan,EUR,2019-02,2020-06
11DX-EUR-02-2019,11DX-EUR-02-2019-G31-BMW-520d,5 Series G31 Touring,G31,520d,11DX,Touring,EUR,2019-02,2020-06
12AK-EUR-02-2019,12AK-EUR-02-2019-F44-BMW-218i,2 Series F44 Gran Coupé,F44,218i,12AK,Gran Coupé,EUR,2019-02,2024-10
12DW-EUR-02-2019,12DW-EUR-02-2019-G30-BMW-520d,5 Series G30,G30,520d,12DW,Sedan,EUR,2019-02,2020-06
12DX-EUR-02-2019,12DX-EUR-02-2019-G31-BMW-520d,5 Series G31 Touring,G31,520d,12DX,Touring,EUR,2019-02,2020-06
31DW-EUR-02-2019,31DW-EUR-02-2019-G30-BMW-520dX,5 Series G30,G30,520dX,31DW,Sedan,EUR,2019-02,2020-06
31DX-EUR-02-2019,31DX-EUR-02-2019-G31-BMW-520dX,5 Series G31 Touring,G31,520dX,31DX,Touring,EUR,2019-02,2020-06
32AC-EUR-02-2019,32AC-EUR-02-2019-F48N-BMW-X1_16d,X1 F48 LCI,F48N,X1 16d,32AC,SUV,EUR,2019-02,2022-05
32DW-EUR-02-2019,32DW-EUR-02-2019-G30-BMW-520dX,5 Series G30,G30,520dX,32DW,Sedan,EUR,2019-02,2020-06
32DX-EUR-02-2019,32DX-EUR-02-2019-G31-BMW-520dX,5 Series G31 Touring,G31,520dX,32DX,Touring,EUR,2019-02,2020-06
51AD-EUR-02-2019,51AD-EUR-02-2019-F48N-BMW-X1_20d,X1 F48 LCI,F48N,X1 20d,51AD,SUV,EUR,2019-02,2019-02
5P71-EUR-02-2019,5P71-EUR-02-2019-G20-BMW-330e,3 Series G20 Sedan,G20,330e,5P71,Sedan,EUR,2019-02,2022-06
5X51-EUR-02-2019,5X51-EUR-02-2019-G20-BMW-320i,3 Series G20 Sedan,G20,320i,5X51,Sedan,EUR,2019-02,2022-06
5Z30-BRA-02-2019,5Z30-BRA-02-2019-G20-BMW-330i,3 Series G20 Sedan,G20,330i,5Z30,Sedan,BRA,2019-02,2020-04
72AB-EUR-02-2019,72AB-EUR-02-2019-F48N-BMW-X1_25eX,X1 F48 LCI,F48N,X1 25eX,72AB,SUV,EUR,2019-02,2022-05
7N31-EUR-02-2019,7N31-EUR-02-2019-F40-BMW-120d,1 Series F40,F40,120d,7N31,5 doors,EUR,2019-02,2024-05
CR65-EGY-02-2019,CR65-EGY-02-2019-G05-BMW-X5_40iX,X5 G05,G05,X5 40iX,CR65,SUV,EGY,2019-02,2023-01
CR67-IND-02-2019,CR67-IND-02-2019-G05-BMW-X5_40iX,X5 G05,G05,X5 40iX,CR67,SUV,IND,2019-02,2022-10
CR69-RUS-02-2019,CR69-RUS-02-2019-G05-BMW-X5_40iX,X5 G05,G05,X5 40iX,CR69,SUV,RUS,2019-02,2022-03
CV60-BRA-02-2019,CV60-BRA-02-2019-G05-BMW-X5_30dX,X5 G05,G05,X5 30dX,CV60,SUV,BRA,2019-02,2019-11
JJ32-EUR-02-2019,JJ32-EUR-02-2019-F48N-BMW-X1_25dX,X1 F48 LCI,F48N,X1 25dX,JJ32,SUV,EUR,2019-02,2019-07
UJ19-RUS-02-2019,UJ19-RUS-02-2019-G02-BMW-X4_20iX,X4 G02,G02,X4 20iX,UJ19,SAC,RUS,2019-02,2019-04
1J32-EUR-03-2019,1J32-EUR-03-2019-F87N-BMW-M2_CS,2 Series F87 M2 LCI,F87N,M2 CS,1J32,Coupe,EUR,2019-03,2020-12
33AY-USA-03-2019,33AY-USA-03-2019-G80-BMW-M3_Competition,3 Series G80 M3,G80,M3 Competition,33AY,Sedan,USA,2019-03,2024-06
5F38-EUR-03-2019,5F38-EUR-03-2019-G20-BMW-320i,3 Series G20 Sedan,G20,320i,5F38,Sedan,EUR,2019-03,2022-06
7R09-RUS-03-2019,7R09-RUS-03-2019-G11N-BMW-730i,7 Series G11 LCI,G11N,730i,7R09,Sedan,RUS,2019-03,2020-06
7T25-EGY-03-2019,7T25-EGY-03-2019-G12N-BMW-740Li,7 Series G12 LCI,G12N,740Li,7T25,Sedan,EGY,2019-03,2019-04
7T27-IND-03-2019,7T27-IND-03-2019-G12N-BMW-740Li,7 Series G12 LCI,G12N,740Li,7T27,Sedan,IND,2019-03,2022-05
7V27-IND-03-2019,7V27-IND-03-2019-G12N-BMW-730Ld,7 Series G12 LCI,G12N,730Ld,7V27,Sedan,IND,2019-03,2022-05
7V49-RUS-03-2019,7V49-RUS-03-2019-G12N-BMW-730LdX,7 Series G12 LCI,G12N,730LdX,7V49,Sedan,RUS,2019-03,2020-10
7W44-THA-03-2019,7W44-THA-03-2019-G12N-BMW-745LeX,7 Series G12 LCI,G12N,745LeX,7W44,Sedan,THA,2019-03,2022-02
7W48-MYS-03-2019,7W48-MYS-03-2019-G12N-BMW-745LeX,7 Series G12 LCI,G12N,745LeX,7W48,Sedan,MYS,2019-03,2022-05
5Z37-IND-04-2019,5Z37-IND-04-2019-G20-BMW-330i,3 Series G20 Sedan,G20,330i,5Z37,Sedan,IND,2019-04,2022-02
5Z57-IND-04-2019,5Z57-IND-04-2019-G20-BMW-320d,3 Series G20 Sedan,G20,320d,5Z57,Sedan,IND,2019-04,2021-09
71AD-EUR-04-2019,71AD-EUR-04-2019-F48N-BMW-X1_20d,X1 F48 LCI,F48N,X1 20d,71AD,SUV,EUR,2019-04,2022-05
7S49-RUS-04-2019,7S49-RUS-04-2019-G11N-BMW-730dX,7 Series G11 LCI,G11N,730dX,7S49,Sedan,RUS,2019-04,2020-10
7T06-IDN-04-2019,7T06-IDN-04-2019-G12N-BMW-730Li,7 Series G12 LCI,G12N,730Li,7T06,Sedan,IDN,2019-04,2022-05
7T26-IDN-04-2019,7T26-IDN-04-2019-G12N-BMW-740Li,7 Series G12 LCI,G12N,740Li,7T26,Sedan,IDN,2019-04,2022-04
7V24-THA-04-2019,7V24-THA-04-2019-G12N-BMW-730Ld,7 Series G12 LCI,G12N,730Ld,7V24,Sedan,THA,2019-04,2022-01
CW29-RUS-04-2019,CW29-RUS-04-2019-G07-BMW-X7_40iX,X7 G07,G07,X7 40iX,CW29,SUV,RUS,2019-04,2022-03
CW89-RUS-04-2019,CW89-RUS-04-2019-G07-BMW-X7_30dX,X7 G07,G07,X7 30dX,CW89,SUV,RUS,2019-04,2022-03
UJ35-EGY-04-2019,UJ35-EGY-04-2019-G02-BMW-X4_30iX,X4 G02,G02,X4 30iX,UJ35,SAC,EGY,2019-04,2019-06
YN52-EUR-04-2019,YN52-EUR-04-2019-F39-BMW-X2_25dX,X2 F39,F39,X2 25dX,YN52,SAC,EUR,2019-04,2019-04
11BM-EUR-05-2019,11BM-EUR-05-2019-G31N-BMW-520i,5 Series G31 Touring LCI,G31N,520i,11BM,Touring,EUR,2019-05,2024-02
11DY-EUR-05-2019,11DY-EUR-05-2019-G20-BMW-320d,3 Series G20 Sedan,G20,320d,11DY,Sedan,EUR,2019-05,2022-06
11DZ-EUR-05-2019,11DZ-EUR-05-2019-G21-BMW-320d,3 Series G21 Touring,G21,320d,11DZ,Touring,EUR,2019-05,2022-06
22BE-EUR-05-2019,22BE-EUR-05-2019-G28-BMW-320Ld,3 Series G28 Sedan,G28,320Ld,22BE,Sedan,EUR,2019-05,2021-12
31BG-EUR-05-2019,31BG-EUR-05-2019-G01-BMW-X3_20dX,X3 G01,G01,X3 20dX,31BG,SUV,EUR,2019-05,2021-07
31DY-EUR-05-2019,31DY-EUR-05-2019-G20-BMW-320dX,3 Series G20 Sedan,G20,320dX,31DY,Sedan,EUR,2019-05,2022-06
31DZ-EUR-05-2019,31DZ-EUR-05-2019-G21-BMW-320dX,3 Series G21 Touring,G21,320dX,31DZ,Touring,EUR,2019-05,2022-06
32BL-EUR-05-2019,32BL-EUR-05-2019-G30N-BMW-520d,5 Series G30 LCI,G30N,520d,32BL,Sedan,EUR,2019-05,2023-06
41BP-EUR-05-2019,41BP-EUR-05-2019-G32N-BMW-640i,6 Series G32 GT LCI,G32N,640i,41BP,Gran Turismo,EUR,2019-05,2023-10
4M31-EUR-05-2019,4M31-EUR-05-2019-G02-BMW-X4_30dX,X4 G02,G02,X4 30dX,4M31,SAC,EUR,2019-05,2021-07
4M51-EUR-05-2019,4M51-EUR-05-2019-G02-BMW-X4_M40dX,X4 G02,G02,X4 M40dX,4M51,SAC,EUR,2019-05,2021-07
4M91-EUR-05-2019,4M91-EUR-05-2019-G02-BMW-X4_20dX,X4 G02,G02,X4 20dX,4M91,SAC,EUR,2019-05,2021-07
51AH-EUR-05-2019,51AH-EUR-05-2019-G30N-BMW-540dX,5 Series G30 LCI,G30N,540dX,51AH,Sedan,EUR,2019-05,2023-06
51DY-EUR-05-2019,51DY-EUR-05-2019-G20-BMW-M340dX,3 Series G20 Sedan,G20,M340dX,51DY,Sedan,EUR,2019-05,2022-06
51DZ-EUR-05-2019,51DZ-EUR-05-2019-G21-BMW-M340dX,3 Series G21 Touring,G21,M340dX,51DZ,Touring,EUR,2019-05,2022-06
5Z36-IDN-05-2019,5Z36-IDN-05-2019-G20-BMW-330i,3 Series G20 Sedan,G20,330i,5Z36,Sedan,IDN,2019-05,2022-06
5Z38-MYS-05-2019,5Z38-MYS-05-2019-G20-BMW-330i,3 Series G20 Sedan,G20,330i,5Z38,Sedan,MYS,2019-05,2022-03
6N31-EUR-05-2019,6N31-EUR-05-2019-G21-BMW-330e,3 Series G21 Touring,G21,330e,6N31,Touring,EUR,2019-05,2022-06
6P82-EUR-05-2019,6P82-EUR-05-2019-G28-BMW-330Li,3 Series G28 Sedan,G28,330Li,6P82,Sedan,EUR,2019-05,2021-08
6R41-EUR-05-2019,6R41-EUR-05-2019-G28-BMW-325Li,3 Series G28 Sedan,G28,325Li,6R41,Sedan,EUR,2019-05,2022-09
6R42-EUR-05-2019,6R42-EUR-05-2019-G28-BMW-320Li,3 Series G28 Sedan,G28,320Li,6R42,Sedan,EUR,2019-05,2021-09
71DY-EUR-05-2019,71DY-EUR-05-2019-G20-BMW-318i,3 Series G20 Sedan,G20,318i,71DY,Sedan,EUR,2019-05,2022-06
72DY-EUR-05-2019,72DY-EUR-05-2019-G20-BMW-318i,3 Series G20 Sedan,G20,318i,72DY,Sedan,EUR,2019-05,2022-04
7A61-EUR-05-2019,7A61-EUR-05-2019-G11N-BMW-730d,7 Series G11 LCI,G11N,730d,7A61,Sedan,EUR,2019-05,2022-06
7B81-EUR-05-2019,7B81-EUR-05-2019-G11N-BMW-730dX,7 Series G11 LCI,G11N,730dX,7B81,Sedan,EUR,2019-05,2022-06
7D21-EUR-05-2019,7D21-EUR-05-2019-G11N-BMW-740dX,7 Series G11 LCI,G11N,740dX,7D21,Sedan,EUR,2019-05,2022-06
7H81-EUR-05-2019,7H81-EUR-05-2019-G12N-BMW-730Ld,7 Series G12 LCI,G12N,730Ld,7H81,Sedan,EUR,2019-05,2022-05
7J41-EUR-05-2019,7J41-EUR-05-2019-G12N-BMW-730LdX,7 Series G12 LCI,G12N,730LdX,7J41,Sedan,EUR,2019-05,2022-06
7K11-EUR-05-2019,7K11-EUR-05-2019-F40-BMW-116i,1 Series F40,F40,116i,7K11,5 doors,EUR,2019-05,2024-06
7K51-EUR-05-2019,7K51-EUR-05-2019-F40-BMW-120i,1 Series F40,F40,120i,7K51,5 doors,EUR,2019-05,2024-06
7K52-EUR-05-2019,7K52-EUR-05-2019-F40-BMW-120i,1 Series F40,F40,120i,7K52,5 doors,EUR,2019-05,2022-04
7S69-RUS-05-2019,7S69-RUS-05-2019-G11N-BMW-740dX,7 Series G11 LCI,G11N,740dX,7S69,Sedan,RUS,2019-05,2020-09
7U81-EUR-05-2019,7U81-EUR-05-2019-G12N-BMW-740LdX,7 Series G12 LCI,G12N,740LdX,7U81,Sedan,EUR,2019-05,2022-06
GT81-EUR-05-2019,GT81-EUR-05-2019-G06-BMW-X6_30dX,X6 G06,G06,X6 30dX,GT81,SAC,EUR,2019-05,2023-03
JU81-EUR-05-2019,JU81-EUR-05-2019-G05-BMW-X5_30dX,X5 G05,G05,X5 30dX,JU81,SUV,EUR,2019-05,2023-03
TB41-EUR-05-2019,TB41-EUR-05-2019-G07-BMW-X7_40dX,X7 G07,G07,X7 40dX,TB41,SUV,EUR,2019-05,2022-06
UZ71-EUR-05-2019,UZ71-EUR-05-2019-G01-BMW-X3_M40dX,X3 G01,G01,X3 M40dX,UZ71,SUV,EUR,2019-05,2021-07
UZ91-EUR-05-2019,UZ91-EUR-05-2019-G01-BMW-X3_30dX,X3 G01,G01,X3 30dX,UZ91,SUV,EUR,2019-05,2021-07
11AH-EUR-06-2019,11AH-EUR-06-2019-G30N-BMW-530d,5 Series G30 LCI,G30N,530d,11AH,Sedan,EUR,2019-06,2023-06
11AP-EUR-06-2019,11AP-EUR-06-2019-G22-BMW-420i,4 Series G22 Coupé,G22,420i,11AP,Coupe,EUR,2019-06,2024-02
11AR-EUR-06-2019,11AR-EUR-06-2019-G22-BMW-M440iX,4 Series G22 Coupé,G22,M440iX,11AR,Coupe,EUR,2019-06,2024-02
11AS-EUR-06-2019,11AS-EUR-06-2019-G22-BMW-420d,4 Series G22 Coupé,G22,420d,11AS,Coupe,EUR,2019-06,2024-02
12AR-EUR-06-2019,12AR-EUR-06-2019-G22-BMW-M440iX,4 Series G22 Coupé,G22,M440iX,12AR,Coupe,EUR,2019-06,2024-02
12AS-EUR-06-2019,12AS-EUR-06-2019-G22-BMW-420d,4 Series G22 Coupé,G22,420d,12AS,Coupe,EUR,2019-06,2023-08
13AR-USA-06-2019,13AR-USA-06-2019-G22-BMW-M440iX,4 Series G22 Coupé,G22,M440iX,13AR,Coupe,USA,2019-06,2024-02
21AS-EUR-06-2019,21AS-EUR-06-2019-G22-BMW-420dX,4 Series G22 Coupé,G22,420dX,21AS,Coupe,EUR,2019-06,2024-02
31AH-EUR-06-2019,31AH-EUR-06-2019-G30N-BMW-530dX,5 Series G30 LCI,G30N,530dX,31AH,Sedan,EUR,2019-06,2023-06
31AK-EUR-06-2019,31AK-EUR-06-2019-F44-BMW-220i,2 Series F44 Gran Coupé,F44,220i,31AK,Gran Coupé,EUR,2019-06,2024-10
31AM-EUR-06-2019,31AM-EUR-06-2019-F44-BMW-218d,2 Series F44 Gran Coupé,F44,218d,31AM,Gran Coupé,EUR,2019-06,2024-09
32AM-EUR-06-2019,32AM-EUR-06-2019-F44-BMW-218d,2 Series F44 Gran Coupé,F44,218d,32AM,Gran Coupé,EUR,2019-06,2024-05
32BG-EUR-06-2019,32BG-EUR-06-2019-G01-BMW-X3_20dX,X3 G01,G01,X3 20dX,32BG,SUV,EUR,2019-06,2021-07
4M32-EUR-06-2019,4M32-EUR-06-2019-G02-BMW-X4_30dX,X4 G02,G02,X4 30dX,4M32,SAC,EUR,2019-06,2021-07
4M92-EUR-06-2019,4M92-EUR-06-2019-G02-BMW-X4_20dX,X4 G02,G02,X4 20dX,4M92,SAC,EUR,2019-06,2021-07
51AJ-EUR-06-2019,51AJ-EUR-06-2019-G31N-BMW-540dX,5 Series G31 Touring LCI,G31N,540dX,51AJ,Touring,EUR,2019-06,2024-02
51AP-EUR-06-2019,51AP-EUR-06-2019-G22-BMW-430i,4 Series G22 Coupé,G22,430i,51AP,Coupe,EUR,2019-06,2024-02
52AP-EUR-06-2019,52AP-EUR-06-2019-G22-BMW-430i,4 Series G22 Coupé,G22,430i,52AP,Coupe,EUR,2019-06,2024-02
53AP-USA-06-2019,53AP-USA-06-2019-G22-BMW-430i,4 Series G22 Coupé,G22,430i,53AP,Coupe,USA,2019-06,2024-02
5P38-EUR-06-2019,5P38-EUR-06-2019-G20-BMW-320iX,3 Series G20 Sedan,G20,320iX,5P38,Sedan,EUR,2019-06,2022-02
5P51-EUR-06-2019,5P51-EUR-06-2019-G20-BMW-330e,3 Series G20 Sedan,G20,330e,5P51,Sedan,EUR,2019-06,2022-06
5P91-EUR-06-2019,5P91-EUR-06-2019-G20-BMW-330eX,3 Series G20 Sedan,G20,330eX,5P91,Sedan,EUR,2019-06,2022-06
5P92-EUR-06-2019,5P92-EUR-06-2019-G20-BMW-330eX,3 Series G20 Sedan,G20,330eX,5P92,Sedan,EUR,2019-06,2022-06
5V38-EUR-06-2019,5V38-EUR-06-2019-G20-BMW-318d,3 Series G20 Sedan,G20,318d,5V38,Sedan,EUR,2019-06,2022-02
6M51-EUR-06-2019,6M51-EUR-06-2019-G21-BMW-316d,3 Series G21 Touring,G21,316d,6M51,Touring,EUR,2019-06,2022-06
6N71-EUR-06-2019,6N71-EUR-06-2019-G21-BMW-330eX,3 Series G21 Touring,G21,330eX,6N71,Touring,EUR,2019-06,2022-06
71AM-EUR-06-2019,71AM-EUR-06-2019-F44-BMW-220dX,2 Series F44 Gran Coupé,F44,220dX,71AM,Gran Coupé,EUR,2019-06,2024-05
71BH-EUR-06-2019,71BH-EUR-06-2019-G30N-BMW-530i,5 Series G30 LCI,G30N,530i,71BH,Sedan,EUR,2019-06,2023-05
72AC-EUR-06-2019,72AC-EUR-06-2019-F48N-BMW-X1_18d,X1 F48 LCI,F48N,X1 18d,72AC,SUV,EUR,2019-06,2022-05
73AP-USA-06-2019,73AP-USA-06-2019-G22-BMW-430iX,4 Series G22 Coupé,G22,430iX,73AP,Coupe,USA,2019-06,2024-02
7U13-USA-06-2019,7U13-USA-06-2019-G12N-BMW-BMW_ALPINA_B7,7 Series G12 LCI,G12N,BMW ALPINA B7,7U13,Sedan,USA,2019-06,2022-06
CW27-IND-06-2019,CW27-IND-06-2019-G07-BMW-X7_40iX,X7 G07,G07,X7 40iX,CW27,SUV,IND,2019-06,2022-07
CW87-IND-06-2019,CW87-IND-06-2019-G07-BMW-X7_30dX,X7 G07,G07,X7 30dX,CW87,SUV,IND,2019-06,2022-07
JU82-EUR-06-2019,JU82-EUR-06-2019-G05-BMW-X5_30dX,X5 G05,G05,X5 30dX,JU82,SUV,EUR,2019-06,2023-03
TC61-EUR-06-2019,TC61-EUR-06-2019-G06-BMW-X6_40dX,X6 G06,G06,X6 40dX,TC61,SAC,EUR,2019-06,2023-03
TC62-EUR-06-2019,TC62-EUR-06-2019-G06-BMW-X6_40dX,X6 G06,G06,X6 40dX,TC62,SAC,EUR,2019-06,2023-03
TH41-EUR-06-2019,TH41-EUR-06-2019-G05-BMW-X5_40dX,X5 G05,G05,X5 40dX,TH41,SUV,EUR,2019-06,2023-03
TY96-EUR-06-2019,TY96-EUR-06-2019-G01-BMW-X3_M40iX,X3 G01,G01,X3 M40iX,TY96,SUV,EUR,2019-06,2021-08
UZ75-EUR-06-2019,UZ75-EUR-06-2019-G01-BMW-X3_M40dX,X3 G01,G01,X3 M40dX,UZ75,SUV,EUR,2019-06,2021-08
UZ92-EUR-06-2019,UZ92-EUR-06-2019-G01-BMW-X3_30dX,X3 G01,G01,X3 30dX,UZ92,SUV,EUR,2019-06,2019-06
UZ96-EUR-06-2019,UZ96-EUR-06-2019-G01-BMW-X3_30dX,X3 G01,G01,X3 30dX,UZ96,SUV,EUR,2019-06,2021-08
11AD-EUR-07-2019,11AD-EUR-07-2019-F48N-BMW-X1_18dX,X1 F48 LCI,F48N,X1 18dX,11AD,SUV,EUR,2019-07,2022-03
11AE-EUR-07-2019,11AE-EUR-07-2019-F48N-BMW-X1_20dX,X1 F48 LCI,F48N,X1 20dX,11AE,SUV,EUR,2019-07,2020-05
11AG-EUR-07-2019,11AG-EUR-07-2019-G30N-BMW-530e,5 Series G30 LCI,G30N,530e,11AG,Sedan,EUR,2019-07,2023-06
11AJ-EUR-07-2019,11AJ-EUR-07-2019-G31N-BMW-530d,5 Series G31 Touring LCI,G31N,530d,11AJ,Touring,EUR,2019-07,2024-02
11BJ-EUR-07-2019,11BJ-EUR-07-2019-G30N-BMW-530iX,5 Series G30 LCI,G30N,530iX,11BJ,Sedan,EUR,2019-07,2023-06
11BK-EUR-07-2019,11BK-EUR-07-2019-G30N-BMW-M550iX,5 Series G30 LCI,G30N,M550iX,11BK,Sedan,EUR,2019-07,2023-06
11BL-EUR-07-2019,11BL-EUR-07-2019-G30N-BMW-518d,5 Series G30 LCI,G30N,518d,11BL,Sedan,EUR,2019-07,2023-06
11BN-EUR-07-2019,11BN-EUR-07-2019-G31N-BMW-518d,5 Series G31 Touring LCI,G31N,518d,11BN,Touring,EUR,2019-07,2024-01
11CH-EUR-07-2019,11CH-EUR-07-2019-G30N-BMW-530eX,5 Series G30 LCI,G30N,530eX,11CH,Sedan,EUR,2019-07,2023-06
11ED-EUR-07-2019,11ED-EUR-07-2019-G21-BMW-320i,3 Series G21 Touring,G21,320i,11ED,Touring,EUR,2019-07,2022-05
12AE-EUR-07-2019,12AE-EUR-07-2019-F48N-BMW-X1_20dX,X1 F48 LCI,F48N,X1 20dX,12AE,SUV,EUR,2019-07,2020-06
12AG-EUR-07-2019,12AG-EUR-07-2019-G30N-BMW-530e,5 Series G30 LCI,G30N,530e,12AG,Sedan,EUR,2019-07,2023-06
12AP-EUR-07-2019,12AP-EUR-07-2019-G22-BMW-420i,4 Series G22 Coupé,G22,420i,12AP,Coupe,EUR,2019-07,2024-02
12BM-EUR-07-2019,12BM-EUR-07-2019-G31N-BMW-520i,5 Series G31 Touring LCI,G31N,520i,12BM,Touring,EUR,2019-07,2024-02
13AG-USA-07-2019,13AG-USA-07-2019-G30N-BMW-530e,5 Series G30 LCI,G30N,530e,13AG,Sedan,USA,2019-07,2023-06
13BK-USA-07-2019,13BK-USA-07-2019-G30N-BMW-M550iX,5 Series G30 LCI,G30N,M550iX,13BK,Sedan,USA,2019-07,2023-06
19AB-RUS-07-2019,19AB-RUS-07-2019-F48N-BMW-X1_20iX,X1 F48 LCI,F48N,X1 20iX,19AB,SUV,RUS,2019-07,2020-11
19AD-RUS-07-2019,19AD-RUS-07-2019-F48N-BMW-X1_18dX,X1 F48 LCI,F48N,X1 18dX,19AD,SUV,RUS,2019-07,2020-10
21AF-CHN-07-2019,21AF-CHN-07-2019-G38N-BMW-525Li,5 Series G38 LCI,G38N,525Li,21AF,Sedan,CHN,2019-07,2023-11
21AP-EUR-07-2019,21AP-EUR-07-2019-G22-BMW-420i,4 Series G22 Coupé,G22,420i,21AP,Coupe,EUR,2019-07,2024-02
21BD-CHN-07-2019,21BD-CHN-07-2019-G38N-BMW-535Le,5 Series G38 LCI,G38N,535Le,21BD,Sedan,CHN,2019-07,2023-09
21BP-EUR-07-2019,21BP-EUR-07-2019-G32N-BMW-630i,6 Series G32 GT LCI,G32N,630i,21BP,Gran Turismo,EUR,2019-07,2024-06
22AS-EUR-07-2019,22AS-EUR-07-2019-G22-BMW-420dX,4 Series G22 Coupé,G22,420dX,22AS,Coupe,EUR,2019-07,2023-02
30AB-BRA-07-2019,30AB-BRA-07-2019-F48N-BMW-X1_25iX,X1 F48 LCI,F48N,X1 25iX,30AB,SUV,BRA,2019-07,2021-06
31AJ-EUR-07-2019,31AJ-EUR-07-2019-G31N-BMW-530dX,5 Series G31 Touring LCI,G31N,530dX,31AJ,Touring,EUR,2019-07,2024-02
31BH-EUR-07-2019,31BH-EUR-07-2019-G30N-BMW-520i_16,5 Series G30 LCI,G30N,520i 1.6,31BH,Sedan,EUR,2019-07,2023-06
31BL-EUR-07-2019,31BL-EUR-07-2019-G30N-BMW-520d,5 Series G30 LCI,G30N,520d,31BL,Sedan,EUR,2019-07,2023-06
31BM-EUR-07-2019,31BM-EUR-07-2019-G31N-BMW-530i,5 Series G31 Touring LCI,G31N,530i,31BM,Touring,EUR,2019-07,2024-02
31BN-EUR-07-2019,31BN-EUR-07-2019-G31N-BMW-520d,5 Series G31 Touring LCI,G31N,520d,31BN,Touring,EUR,2019-07,2024-02
32AH-EUR-07-2019,32AH-EUR-07-2019-G30N-BMW-530dX,5 Series G30 LCI,G30N,530dX,32AH,Sedan,EUR,2019-07,2023-02
32BM-EUR-07-2019,32BM-EUR-07-2019-G31N-BMW-530i,5 Series G31 Touring LCI,G31N,530i,32BM,Touring,EUR,2019-07,2024-02
32DY-EUR-07-2019,32DY-EUR-07-2019-G20-BMW-320dX,3 Series G20 Sedan,G20,320dX,32DY,Sedan,EUR,2019-07,2022-06
33AG-USA-07-2019,33AG-USA-07-2019-G30N-BMW-530eX,5 Series G30 LCI,G30N,530eX,33AG,Sedan,USA,2019-07,2023-06
35BG-EUR-07-2019,35BG-EUR-07-2019-G01-BMW-X3_20dX,X3 G01,G01,X3 20dX,35BG,SUV,EUR,2019-07,2021-08
36AA-IDN-07-2019,36AA-IDN-07-2019-F48N-BMW-X1_18i,X1 F48 LCI,F48N,X1 18i,36AA,SUV,IDN,2019-07,2022-05
36BG-EUR-07-2019,36BG-EUR-07-2019-G01-BMW-X3_20dX,X3 G01,G01,X3 20dX,36BG,SUV,EUR,2019-07,2021-08
50AA-BRA-07-2019,50AA-BRA-07-2019-F48N-BMW-X1_20i,X1 F48 LCI,F48N,X1 20i,50AA,SUV,BRA,2019-07,2022-04
51AC-EUR-07-2019,51AC-EUR-07-2019-F48N-BMW-X1_18d,X1 F48 LCI,F48N,X1 18d,51AC,SUV,EUR,2019-07,2022-05
51BH-EUR-07-2019,51BH-EUR-07-2019-G30N-BMW-530i,5 Series G30 LCI,G30N,530i,51BH,Sedan,EUR,2019-07,2023-06
51BJ-EUR-07-2019,51BJ-EUR-07-2019-G30N-BMW-540i,5 Series G30 LCI,G30N,540i,51BJ,Sedan,EUR,2019-07,2023-05
51BL-EUR-07-2019,51BL-EUR-07-2019-G30N-BMW-520dX,5 Series G30 LCI,G30N,520dX,51BL,Sedan,EUR,2019-07,2023-06
51BM-EUR-07-2019,51BM-EUR-07-2019-G31N-BMW-530iX,5 Series G31 Touring LCI,G31N,530iX,51BM,Touring,EUR,2019-07,2024-02
52AC-EUR-07-2019,52AC-EUR-07-2019-F48N-BMW-X1_18d,X1 F48 LCI,F48N,X1 18d,52AC,SUV,EUR,2019-07,2022-05
52AD-EUR-07-2019,52AD-EUR-07-2019-F48N-BMW-X1_20d,X1 F48 LCI,F48N,X1 20d,52AD,SUV,EUR,2019-07,2022-05
52BL-EUR-07-2019,52BL-EUR-07-2019-G30N-BMW-520dX,5 Series G30 LCI,G30N,520dX,52BL,Sedan,EUR,2019-07,2023-05
52DZ-EUR-07-2019,52DZ-EUR-07-2019-G21-BMW-M340dX,3 Series G21 Touring,G21,M340dX,52DZ,Touring,EUR,2019-07,2022-06
53BJ-USA-07-2019,53BJ-USA-07-2019-G30N-BMW-540i,5 Series G30 LCI,G30N,540i,53BJ,Sedan,USA,2019-07,2023-05
5F30-EUR-07-2019,5F30-EUR-07-2019-G20-BMW-320i,3 Series G20 Sedan,G20,320i,5F30,Sedan,EUR,2019-07,2022-06
5P52-EUR-07-2019,5P52-EUR-07-2019-G20-BMW-330e,3 Series G20 Sedan,G20,330e,5P52,Sedan,EUR,2019-07,2022-06
5R10-EUR-07-2019,5R10-EUR-07-2019-G20-BMW-330i,3 Series G20 Sedan,G20,330i,5R10,Sedan,EUR,2019-07,2022-06
5U90-EUR-07-2019,5U90-EUR-07-2019-G20-BMW-M340iX,3 Series G20 Sedan,G20,M340iX,5U90,Sedan,EUR,2019-07,2022-06
5V50-EUR-07-2019,5V50-EUR-07-2019-G20-BMW-320d,3 Series G20 Sedan,G20,320d,5V50,Sedan,EUR,2019-07,2019-11
5V58-EUR-07-2019,5V58-EUR-07-2019-G20-BMW-320d,3 Series G20 Sedan,G20,320d,5V58,Sedan,EUR,2019-07,2020-10
5V70-EUR-07-2019,5V70-EUR-07-2019-G20-BMW-320dX,3 Series G20 Sedan,G20,320dX,5V70,Sedan,EUR,2019-07,2022-05
5V78-EUR-07-2019,5V78-EUR-07-2019-G20-BMW-320dX,3 Series G20 Sedan,G20,320dX,5V78,Sedan,EUR,2019-07,2022-02
5Y91-EUR-07-2019,5Y91-EUR-07-2019-G20-BMW-320e,3 Series G20 Sedan,G20,320e,5Y91,Sedan,EUR,2019-07,2022-06
5Z10-BRA-07-2019,5Z10-BRA-07-2019-G20-BMW-320i,3 Series G20 Sedan,G20,320i,5Z10,Sedan,BRA,2019-07,2020-10
5Z16-IDN-07-2019,5Z16-IDN-07-2019-G20-BMW-320i,3 Series G20 Sedan,G20,320i,5Z16,Sedan,IDN,2019-07,2022-06
5Z18-MYS-07-2019,5Z18-MYS-07-2019-G20-BMW-320i,3 Series G20 Sedan,G20,320i,5Z18,Sedan,MYS,2019-07,2022-04
61AF-CHN-07-2019,61AF-CHN-07-2019-G38N-BMW-530Li,5 Series G38 LCI,G38N,530Li,61AF,Sedan,CHN,2019-07,2023-11
61AP-EUR-07-2019,61AP-EUR-07-2019-G22-BMW-430i,4 Series G22 Coupé,G22,430i,61AP,Coupe,EUR,2019-07,2020-10
61BP-EUR-07-2019,61BP-EUR-07-2019-G32N-BMW-640iX,6 Series G32 GT LCI,G32N,640iX,61BP,Gran Turismo,EUR,2019-07,2024-02
61CC-EUR-07-2019,61CC-EUR-07-2019-G32N-BMW-630iX,6 Series G32 GT LCI,G32N,630iX,61CC,Gran Turismo,EUR,2019-07,2024-06
71AG-EUR-07-2019,71AG-EUR-07-2019-G30N-BMW-520i,5 Series G30 LCI,G30N,520i,71AG,Sedan,EUR,2019-07,2023-06
71BJ-EUR-07-2019,71BJ-EUR-07-2019-G30N-BMW-540iX,5 Series G30 LCI,G30N,540iX,71BJ,Sedan,EUR,2019-07,2023-06
71BM-EUR-07-2019,71BM-EUR-07-2019-G31N-BMW-540iX,5 Series G31 Touring LCI,G31N,540iX,71BM,Touring,EUR,2019-07,2024-02
73BJ-USA-07-2019,73BJ-USA-07-2019-G30N-BMW-540iX,5 Series G30 LCI,G30N,540iX,73BJ,Sedan,USA,2019-07,2023-06
78AA-MYS-07-2019,78AA-MYS-07-2019-F48N-BMW-X1_20i,X1 F48 LCI,F48N,X1 20i,78AA,SUV,MYS,2019-07,2022-05
7X41-EUR-07-2019,7X41-EUR-07-2019-G08E-BMW-iX3,iX3 G08 BEV,G08E,iX3,7X41,SUV,EUR,2019-07,2021-08
81AF-CHN-07-2019,81AF-CHN-07-2019-G38N-BMW-530LiX,5 Series G38 LCI,G38N,530LiX,81AF,Sedan,CHN,2019-07,2023-10
81CH-EUR-07-2019,81CH-EUR-07-2019-F90N-BMW-M5,5 Series F90 M5 LCI,F90N,M5,81CH,Sedan,EUR,2019-07,2023-06
82CH-EUR-07-2019,82CH-EUR-07-2019-F90N-BMW-M5,5 Series F90 M5 LCI,F90N,M5,82CH,Sedan,EUR,2019-07,2023-06
83CH-USA-07-2019,83CH-USA-07-2019-F90N-BMW-M5,5 Series F90 M5 LCI,F90N,M5,83CH,Sedan,USA,2019-07,2023-06
JR18-MYS-07-2019,JR18-MYS-07-2019-G30-BMW-520i,5 Series G30,G30,520i,JR18,Sedan,MYS,2019-07,2020-01
JR19-RUS-07-2019,JR19-RUS-07-2019-G30-BMW-520i,5 Series G30,G30,520i,JR19,Sedan,RUS,2019-07,2020-02
JY01-EUR-07-2019,JY01-EUR-07-2019-G32N-BMW-620dX,6 Series G32 GT LCI,G32N,620dX,JY01,Gran Turismo,EUR,2019-07,2024-05
JY21-EUR-07-2019,JY21-EUR-07-2019-G32N-BMW-630d,6 Series G32 GT LCI,G32N,630d,JY21,Gran Turismo,EUR,2019-07,2023-10
JY41-EUR-07-2019,JY41-EUR-07-2019-G32N-BMW-630dX,6 Series G32 GT LCI,G32N,630dX,JY41,Gran Turismo,EUR,2019-07,2023-10
JY61-EUR-07-2019,JY61-EUR-07-2019-G32N-BMW-640dX,6 Series G32 GT LCI,G32N,640dX,JY61,Gran Turismo,EUR,2019-07,2023-10
JY81-EUR-07-2019,JY81-EUR-07-2019-G32N-BMW-620d,6 Series G32 GT LCI,G32N,620d,JY81,Gran Turismo,EUR,2019-07,2024-06
JY82-EUR-07-2019,JY82-EUR-07-2019-G32N-BMW-620d,6 Series G32 GT LCI,G32N,620d,JY82,Gran Turismo,EUR,2019-07,2023-06
TH42-EUR-07-2019,TH42-EUR-07-2019-G05-BMW-X5_40dX,X5 G05,G05,X5 40dX,TH42,SUV,EUR,2019-07,2023-03
YN91-EUR-07-2019,YN91-EUR-07-2019-F39-BMW-X2_25eX,X2 F39,F39,X2 25eX,YN91,SAC,EUR,2019-07,2023-10
YN92-EUR-07-2019,YN92-EUR-07-2019-F39-BMW-X2_25eX,X2 F39,F39,X2 25eX,YN92,SAC,EUR,2019-07,2023-09
16CV-IDN-08-2019,16CV-IDN-08-2019-G01-BMW-X3_20i,X3 G01,G01,X3 20i,16CV,SUV,IDN,2019-08,2021-05
2V10-BRA-08-2019,2V10-BRA-08-2019-G02-BMW-X4_30iX,X4 G02,G02,X4 30iX,2V10,SAC,BRA,2019-08,2021-07
2V15-EGY-08-2019,2V15-EGY-08-2019-G02-BMW-X4_30iX,X4 G02,G02,X4 30iX,2V15,SAC,EGY,2019-08,2020-10
2V18-MYS-08-2019,2V18-MYS-08-2019-G02-BMW-X4_30iX,X4 G02,G02,X4 30iX,2V18,SAC,MYS,2019-08,2021-07
5Z54-THA-08-2019,5Z54-THA-08-2019-G20-BMW-320d,3 Series G20 Sedan,G20,320d,5Z54,Sedan,THA,2019-08,2022-06
6N91-EUR-08-2019,6N91-EUR-08-2019-G21-BMW-320e,3 Series G21 Touring,G21,320e,6N91,Touring,EUR,2019-08,2022-06
77AD-IND-08-2019,77AD-IND-08-2019-F48N-BMW-X1_20d,X1 F48 LCI,F48N,X1 20d,77AD,SUV,IND,2019-08,2022-04
CV64-THA-08-2019,CV64-THA-08-2019-G05-BMW-X5_30dX,X5 G05,G05,X5 30dX,CV64,SUV,THA,2019-08,2021-07
JF37-IND-08-2019,JF37-IND-08-2019-G30-BMW-520d,5 Series G30,G30,520d,JF37,Sedan,IND,2019-08,2020-06
TA64-THA-08-2019,TA64-THA-08-2019-G05-BMW-X5_45eX,X5 G05,G05,X5 45eX,TA64,SUV,THA,2019-08,2023-03
TY95-EUR-08-2019,TY95-EUR-08-2019-G01-BMW-X3_M40iX,X3 G01,G01,X3 M40iX,TY95,SUV,EUR,2019-08,2021-08
VJ18-MYS-08-2019,VJ18-MYS-08-2019-G02-BMW-X4_20dX,X4 G02,G02,X4 20dX,VJ18,SAC,MYS,2019-08,2021-06
YR50-BRA-08-2019,YR50-BRA-08-2019-G01-BMW-X3_30iX,X3 G01,G01,X3 30iX,YR50,SUV,BRA,2019-08,2020-07
YR55-EGY-08-2019,YR55-EGY-08-2019-G01-BMW-X3_30iX,X3 G01,G01,X3 30iX,YR55,SUV,EGY,2019-08,2020-06
YR58-MYS-08-2019,YR58-MYS-08-2019-G01-BMW-X3_30iX,X3 G01,G01,X3 30iX,YR58,SUV,MYS,2019-08,2021-07
YR59-RUS-08-2019,YR59-RUS-08-2019-G01-BMW-X3_30iX,X3 G01,G01,X3 30iX,YR59,SUV,RUS,2019-08,2021-03
11DC-EUR-09-2019,11DC-EUR-09-2019-G30N-BMW-520d,5 Series G30 LCI,G30N,520d,11DC,Sedan,EUR,2019-09,2023-05
11ES-EUR-09-2019,11ES-EUR-09-2019-G30N-BMW-523d,5 Series G30 LCI,G30N,523d,11ES,Sedan,EUR,2019-09,2023-05
12BK-EUR-09-2019,12BK-EUR-09-2019-G30N-BMW-M550iX,5 Series G30 LCI,G30N,M550iX,12BK,Sedan,EUR,2019-09,2023-06
12DY-EUR-09-2019,12DY-EUR-09-2019-G20-BMW-320d,3 Series G20 Sedan,G20,320d,12DY,Sedan,EUR,2019-09,2022-06
13BJ-USA-09-2019,13BJ-USA-09-2019-G30N-BMW-530iX,5 Series G30 LCI,G30N,530iX,13BJ,Sedan,USA,2019-09,2023-06
21CX-EUR-09-2019,21CX-EUR-09-2019-G32N-BMW-630dX,6 Series G32 GT LCI,G32N,630dX,21CX,Gran Turismo,EUR,2019-09,2022-03
2V17-IND-09-2019,2V17-IND-09-2019-G02-BMW-X4_30iX,X4 G02,G02,X4 30iX,2V17,SAC,IND,2019-09,2021-07
2V50-BRA-09-2019,2V50-BRA-09-2019-G02-BMW-X4_M40iX,X4 G02,G02,X4 M40iX,2V50,SAC,BRA,2019-09,2021-06
31DC-EUR-09-2019,31DC-EUR-09-2019-G30N-BMW-520dX,5 Series G30 LCI,G30N,520dX,31DC,Sedan,EUR,2019-09,2023-05
31ES-EUR-09-2019,31ES-EUR-09-2019-G30N-BMW-523dX,5 Series G30 LCI,G30N,523dX,31ES,Sedan,EUR,2019-09,2023-05
32AJ-EUR-09-2019,32AJ-EUR-09-2019-G31N-BMW-530dX,5 Series G31 Touring LCI,G31N,530dX,32AJ,Touring,EUR,2019-09,2024-01
32AK-EUR-09-2019,32AK-EUR-09-2019-F44-BMW-220i,2 Series F44 Gran Coupé,F44,220i,32AK,Gran Coupé,EUR,2019-09,2024-10
32DZ-EUR-09-2019,32DZ-EUR-09-2019-G21-BMW-320dX,3 Series G21 Touring,G21,320dX,32DZ,Touring,EUR,2019-09,2022-06
51AG-EUR-09-2019,51AG-EUR-09-2019-G30N-BMW-530e,5 Series G30 LCI,G30N,530e,51AG,Sedan,EUR,2019-09,2023-06
51BN-EUR-09-2019,51BN-EUR-09-2019-G31N-BMW-520dX,5 Series G31 Touring LCI,G31N,520dX,51BN,Touring,EUR,2019-09,2024-02
52AY-EUR-09-2019,52AY-EUR-09-2019-G80-BMW-M3,3 Series G80 M3,G80,M3,52AY,Sedan,EUR,2019-09,2024-06
52BH-EUR-09-2019,52BH-EUR-09-2019-G30N-BMW-530i,5 Series G30 LCI,G30N,530i,52BH,Sedan,EUR,2019-09,2023-06
52BN-EUR-09-2019,52BN-EUR-09-2019-G31N-BMW-520dX,5 Series G31 Touring LCI,G31N,520dX,52BN,Touring,EUR,2019-09,2024-02
52DY-EUR-09-2019,52DY-EUR-09-2019-G20-BMW-M340dX,3 Series G20 Sedan,G20,M340dX,52DY,Sedan,EUR,2019-09,2022-06
53AK-USA-09-2019,53AK-USA-09-2019-F44-BMW-228i,2 Series F44 Gran Coupé,F44,228i,53AK,Gran Coupé,USA,2019-09,2024-10
53BH-USA-09-2019,53BH-USA-09-2019-G30N-BMW-530i,5 Series G30 LCI,G30N,530i,53BH,Sedan,USA,2019-09,2023-06
5U54-CHN-09-2019,5U54-CHN-09-2019-G20-BMW-325i,3 Series G20 Sedan,G20,325i,5U54,Sedan,CHN,2019-09,2022-09
5Y54-CHN-09-2019,5Y54-CHN-09-2019-G20-BMW-320i,3 Series G20 Sedan,G20,320i,5Y54,Sedan,CHN,2019-09,2022-06
61BE-EUR-09-2019,61BE-EUR-09-2019-G28-BMW-320Li,3 Series G28 Sedan,G28,320Li,61BE,Sedan,EUR,2019-09,2022-09
6R61-EUR-09-2019,6R61-EUR-09-2019-G28-BMW-325LiX,3 Series G28 Sedan,G28,325LiX,6R61,Sedan,EUR,2019-09,2022-09
71DC-EUR-09-2019,71DC-EUR-09-2019-G30N-BMW-530dX,5 Series G30 LCI,G30N,530dX,71DC,Sedan,EUR,2019-09,2023-04
71DZ-EUR-09-2019,71DZ-EUR-09-2019-G21-BMW-318i,3 Series G21 Touring,G21,318i,71DZ,Touring,EUR,2019-09,2022-06
72AG-EUR-09-2019,72AG-EUR-09-2019-G30N-BMW-520i,5 Series G30 LCI,G30N,520i,72AG,Sedan,EUR,2019-09,2023-06
72DZ-EUR-09-2019,72DZ-EUR-09-2019-G21-BMW-318i,3 Series G21 Touring,G21,318i,72DZ,Touring,EUR,2019-09,2022-06
7K12-EUR-09-2019,7K12-EUR-09-2019-F40-BMW-116i,1 Series F40,F40,116i,7K12,5 doors,EUR,2019-09,2024-05
7U82-EUR-09-2019,7U82-EUR-09-2019-G12N-BMW-740LdX,7 Series G12 LCI,G12N,740LdX,7U82,Sedan,EUR,2019-09,2022-05
82CC-EUR-09-2019,82CC-EUR-09-2019-G32N-BMW-630d,6 Series G32 GT LCI,G32N,630d,82CC,Gran Turismo,EUR,2019-09,2022-09
BC61-EUR-09-2019,BC61-EUR-09-2019-G15-BMW-840dX,8 Series G15 Coupé,G15,840dX,BC61,Coupe,EUR,2019-09,2025-02
CX53-USA-09-2019,CX53-USA-09-2019-G07-BMW-BMW_ALPINA_XB7,X7 G07,G07,BMW ALPINA XB7,CX53,SUV,USA,2019-09,2022-06
CX65-EGY-09-2019,CX65-EGY-09-2019-G07-BMW-X7_M50iX,X7 G07,G07,X7 M50iX,CX65,SUV,EGY,2019-09,2020-10
FY61-EUR-09-2019,FY61-EUR-09-2019-G14-BMW-840dX,8 Series G14 Convertible,G14,840dX,FY61,Convertible,EUR,2019-09,2025-02
GW01-EUR-09-2019,GW01-EUR-09-2019-G16-BMW-840dX,8 Series G16 Gran Coupé,G16,840dX,GW01,Gran Coupé,EUR,2019-09,2025-02
JR16-IDN-09-2019,JR16-IDN-09-2019-G30-BMW-520i,5 Series G30,G30,520i,JR16,Sedan,IDN,2019-09,2020-04
TA68-MYS-09-2019,TA68-MYS-09-2019-G05-BMW-X5_45eX,X5 G05,G05,X5 45eX,TA68,SUV,MYS,2019-09,2023-03
TB42-EUR-09-2019,TB42-EUR-09-2019-G07-BMW-X7_40dX,X7 G07,G07,X7 40dX,TB42,SUV,EUR,2019-09,2022-06
UZ72-EUR-09-2019,UZ72-EUR-09-2019-G01-BMW-X3_M40dX,X3 G01,G01,X3 M40dX,UZ72,SUV,EUR,2019-09,2021-07
YR57-IND-09-2019,YR57-IND-09-2019-G01-BMW-X3_30iX,X3 G01,G01,X3 30iX,YR57,SUV,IND,2019-09,2021-06
YR90-BRA-09-2019,YR90-BRA-09-2019-G01-BMW-X3_M40iX,X3 G01,G01,X3 M40iX,YR90,SUV,BRA,2019-09,2021-07
10DY-EUR-10-2019,10DY-EUR-10-2019-G20-BMW-320d,3 Series G20 Sedan,G20,320d,10DY,Sedan,EUR,2019-10,2020-03
11BH-EUR-10-2019,11BH-EUR-10-2019-G30N-BMW-520i,5 Series G30 LCI,G30N,520i,11BH,Sedan,EUR,2019-10,2023-05
11CG-EUR-10-2019,11CG-EUR-10-2019-G31N-BMW-530e,5 Series G31 Touring LCI,G31N,530e,11CG,Touring,EUR,2019-10,2024-02
12AU-EUR-10-2019,12AU-EUR-10-2019-G23-BMW-420d,4 Series G23 Convertible,G23,420d,12AU,Convertible,EUR,2019-10,2023-05
12CH-EUR-10-2019,12CH-EUR-10-2019-G30N-BMW-530eX,5 Series G30 LCI,G30N,530eX,12CH,Sedan,EUR,2019-10,2023-06
18DY-EUR-10-2019,18DY-EUR-10-2019-G20-BMW-320d,3 Series G20 Sedan,G20,320d,18DY,Sedan,EUR,2019-10,2021-07
21AT-EUR-10-2019,21AT-EUR-10-2019-G23-BMW-430i,4 Series G23 Convertible,G23,430i,21AT,Convertible,EUR,2019-10,2024-02
22BP-EUR-10-2019,22BP-EUR-10-2019-G32N-BMW-630i,6 Series G32 GT LCI,G32N,630i,22BP,Gran Turismo,EUR,2019-10,2023-09
23AT-USA-10-2019,23AT-USA-10-2019-G23-BMW-430i,4 Series G23 Convertible,G23,430i,23AT,Convertible,USA,2019-10,2024-02
30DY-EUR-10-2019,30DY-EUR-10-2019-G20-BMW-320dX,3 Series G20 Sedan,G20,320dX,30DY,Sedan,EUR,2019-10,2019-10
31AZ-EUR-10-2019,31AZ-EUR-10-2019-G82-BMW-M4_Competition,4 Series G82 M4 Coupé,G82,M4 Competition,31AZ,Coupe,EUR,2019-10,2024-02
31BJ-EUR-10-2019,31BJ-EUR-10-2019-G30N-BMW-530iX,5 Series G30 LCI,G30N,530iX,31BJ,Sedan,EUR,2019-10,2023-05
31CG-EUR-10-2019,31CG-EUR-10-2019-G31N-BMW-530eX,5 Series G31 Touring LCI,G31N,530eX,31CG,Touring,EUR,2019-10,2024-02
31CH-EUR-10-2019,31CH-EUR-10-2019-G30N-BMW-545eX,5 Series G30 LCI,G30N,545eX,31CH,Sedan,EUR,2019-10,2023-06
34EB-THA-10-2019,34EB-THA-10-2019-G20-BMW-330e,3 Series G20 Sedan,G20,330e,34EB,Sedan,THA,2019-10,2020-06
38DY-EUR-10-2019,38DY-EUR-10-2019-G20-BMW-320dX,3 Series G20 Sedan,G20,320dX,38DY,Sedan,EUR,2019-10,2021-01
38EB-MYS-10-2019,38EB-MYS-10-2019-G20-BMW-330e,3 Series G20 Sedan,G20,330e,38EB,Sedan,MYS,2019-10,2019-12
4M52-EUR-10-2019,4M52-EUR-10-2019-G02-BMW-X4_M40dX,X4 G02,G02,X4 M40dX,4M52,SAC,EUR,2019-10,2021-07
52AZ-EUR-10-2019,52AZ-EUR-10-2019-G82-BMW-M4,4 Series G82 M4 Coupé,G82,M4,52AZ,Coupe,EUR,2019-10,2024-02
52DC-EUR-10-2019,52DC-EUR-10-2019-G30N-BMW-530d,5 Series G30 LCI,G30N,530d,52DC,Sedan,EUR,2019-10,2023-06
5P58-EUR-10-2019,5P58-EUR-10-2019-G20-BMW-330e,3 Series G20 Sedan,G20,330e,5P58,Sedan,EUR,2019-10,2022-06
5P79-USA-10-2019,5P79-USA-10-2019-G20-BMW-330e,3 Series G20 Sedan,G20,330e,5P79,Sedan,USA,2019-10,2022-06
5P98-EUR-10-2019,5P98-EUR-10-2019-G20-BMW-330eX,3 Series G20 Sedan,G20,330eX,5P98,Sedan,EUR,2019-10,2020-12
5P99-USA-10-2019,5P99-USA-10-2019-G20-BMW-330eX,3 Series G20 Sedan,G20,330eX,5P99,Sedan,USA,2019-10,2022-06
5R78-EUR-10-2019,5R78-EUR-10-2019-G20-BMW-330iX,3 Series G20 Sedan,G20,330iX,5R78,Sedan,EUR,2019-10,2020-11
5U98-EUR-10-2019,5U98-EUR-10-2019-G20-BMW-M340iX,3 Series G20 Sedan,G20,M340iX,5U98,Sedan,EUR,2019-10,2022-06
5U99-USA-10-2019,5U99-USA-10-2019-G20-BMW-M340iX,3 Series G20 Sedan,G20,M340iX,5U99,Sedan,USA,2019-10,2022-06
5V30-EUR-10-2019,5V30-EUR-10-2019-G20-BMW-318d,3 Series G20 Sedan,G20,318d,5V30,Sedan,EUR,2019-10,2020-02
5W78-EUR-10-2019,5W78-EUR-10-2019-G20-BMW-316d,3 Series G20 Sedan,G20,316d,5W78,Sedan,EUR,2019-10,2020-12
5X11-EUR-10-2019,5X11-EUR-10-2019-G20-BMW-320i,3 Series G20 Sedan,G20,320i,5X11,Sedan,EUR,2019-10,2020-10
5X58-EUR-10-2019,5X58-EUR-10-2019-G20-BMW-320i,3 Series G20 Sedan,G20,320i,5X58,Sedan,EUR,2019-10,2019-10
5X91-EUR-10-2019,5X91-EUR-10-2019-G20-BMW-330d,3 Series G20 Sedan,G20,330d,5X91,Sedan,EUR,2019-10,2022-06
5Y11-EUR-10-2019,5Y11-EUR-10-2019-G20-BMW-330dX,3 Series G20 Sedan,G20,330dX,5Y11,Sedan,EUR,2019-10,2022-06
61AT-EUR-10-2019,61AT-EUR-10-2019-G23-BMW-M440iX,4 Series G23 Convertible,G23,M440iX,61AT,Convertible,EUR,2019-10,2024-02
6M91-EUR-10-2019,6M91-EUR-10-2019-G21-BMW-330d,3 Series G21 Touring,G21,330d,6M91,Touring,EUR,2019-10,2022-06
6N51-EUR-10-2019,6N51-EUR-10-2019-G21-BMW-330dX,3 Series G21 Touring,G21,330dX,6N51,Touring,EUR,2019-10,2022-06
6N72-EUR-10-2019,6N72-EUR-10-2019-G21-BMW-330eX,3 Series G21 Touring,G21,330eX,6N72,Touring,EUR,2019-10,2022-06
72BJ-EUR-10-2019,72BJ-EUR-10-2019-G30N-BMW-540iX,5 Series G30 LCI,G30N,540iX,72BJ,Sedan,EUR,2019-10,2023-03
72BM-EUR-10-2019,72BM-EUR-10-2019-G31N-BMW-540iX,5 Series G31 Touring LCI,G31N,540iX,72BM,Touring,EUR,2019-10,2024-02
77AA-IND-10-2019,77AA-IND-10-2019-F48N-BMW-X1_20i,X1 F48 LCI,F48N,X1 20i,77AA,SUV,IND,2019-10,2022-05
7L31-EUR-10-2019,7L31-EUR-10-2019-F40-BMW-128ti,1 Series F40,F40,128ti,7L31,5 doors,EUR,2019-10,2024-06
7L51-EUR-10-2019,7L51-EUR-10-2019-F40-BMW-128ti,1 Series F40,F40,128ti,7L51,5 doors,EUR,2019-10,2024-06
7N32-EUR-10-2019,7N32-EUR-10-2019-F40-BMW-120d,1 Series F40,F40,120d,7N32,5 doors,EUR,2019-10,2024-05
7Y41-CHN-10-2019,7Y41-CHN-10-2019-G08-BMW-X3_25iX,X3 G08,G08,X3 25iX,7Y41,SUV,CHN,2019-10,2021-08
FY62-EUR-10-2019,FY62-EUR-10-2019-G14-BMW-840dX,8 Series G14 Convertible,G14,840dX,FY62,Convertible,EUR,2019-10,2024-02
UZ76-EUR-10-2019,UZ76-EUR-10-2019-G01-BMW-X3_M40dX,X3 G01,G01,X3 M40dX,UZ76,SUV,EUR,2019-10,2021-08
UZ95-EUR-10-2019,UZ95-EUR-10-2019-G01-BMW-X3_30dX,X3 G01,G01,X3 30dX,UZ95,SUV,EUR,2019-10,2021-08
11AT-EUR-11-2019,11AT-EUR-11-2019-G23-BMW-420i,4 Series G23 Convertible,G23,420i,11AT,Convertible,EUR,2019-11,2024-02
11AU-EUR-11-2019,11AU-EUR-11-2019-G23-BMW-420d,4 Series G23 Convertible,G23,420d,11AU,Convertible,EUR,2019-11,2024-02
11DE-EUR-11-2019,11DE-EUR-11-2019-F22N-BMW-218i,2 Series F22 LCI,F22N,218i,11DE,Coupe,EUR,2019-11,2021-06
12AT-EUR-11-2019,12AT-EUR-11-2019-G23-BMW-420i,4 Series G23 Convertible,G23,420i,12AT,Convertible,EUR,2019-11,2024-02
22AT-EUR-11-2019,22AT-EUR-11-2019-G23-BMW-430i,4 Series G23 Convertible,G23,430i,22AT,Convertible,EUR,2019-11,2024-02
31AR-EUR-11-2019,31AR-EUR-11-2019-G22-BMW-420i_16,4 Series G22 Coupé,G22,420i 1.6,31AR,Coupe,EUR,2019-11,2024-01
31AT-EUR-11-2019,31AT-EUR-11-2019-G23-BMW-430i,4 Series G23 Convertible,G23,430i,31AT,Convertible,EUR,2019-11,2020-11
31BK-EUR-11-2019,31BK-EUR-11-2019-G30N-BMW-520e,5 Series G30 LCI,G30N,520e,31BK,Sedan,EUR,2019-11,2022-05
31CL-EUR-11-2019,31CL-EUR-11-2019-F23N-BMW-218i,2 Series F23 LCI,F23N,218i,31CL,Convertible,EUR,2019-11,2021-07
31ED-EUR-11-2019,31ED-EUR-11-2019-G21-BMW-320eX,3 Series G21 Touring,G21,320eX,31ED,Touring,EUR,2019-11,2022-06
32AY-EUR-11-2019,32AY-EUR-11-2019-G80-BMW-M3_Competition,3 Series G80 M3,G80,M3 Competition,32AY,Sedan,EUR,2019-11,2024-06
33AZ-USA-11-2019,33AZ-USA-11-2019-G82-BMW-M4_Competition,4 Series G82 M4 Coupé,G82,M4 Competition,33AZ,Coupe,USA,2019-11,2024-02
34AA-THA-11-2019,34AA-THA-11-2019-F48N-BMW-X1_18i,X1 F48 LCI,F48N,X1 18i,34AA,SUV,THA,2019-11,2019-11
38AA-MYS-11-2019,38AA-MYS-11-2019-F48N-BMW-X1_18i,X1 F48 LCI,F48N,X1 18i,38AA,SUV,MYS,2019-11,2022-03
51AZ-EUR-11-2019,51AZ-EUR-11-2019-G82-BMW-M4,4 Series G82 M4 Coupé,G82,M4,51AZ,Coupe,EUR,2019-11,2024-02
53AT-USA-11-2019,53AT-USA-11-2019-G23-BMW-M440i,4 Series G23 Convertible,G23,M440i,53AT,Convertible,USA,2019-11,2024-02
53AZ-USA-11-2019,53AZ-USA-11-2019-G82-BMW-M4,4 Series G82 M4 Coupé,G82,M4,53AZ,Coupe,USA,2019-11,2024-02
54AD-THA-11-2019,54AD-THA-11-2019-F48N-BMW-X1_20d,X1 F48 LCI,F48N,X1 20d,54AD,SUV,THA,2019-11,2022-05
5W72-EUR-11-2019,5W72-EUR-11-2019-G20-BMW-316d,3 Series G20 Sedan,G20,316d,5W72,Sedan,EUR,2019-11,2019-11
62AT-EUR-11-2019,62AT-EUR-11-2019-G23-BMW-M440iX,4 Series G23 Convertible,G23,M440iX,62AT,Convertible,EUR,2019-11,2024-02
12CG-EUR-12-2019,12CG-EUR-12-2019-G31N-BMW-530e,5 Series G31 Touring LCI,G31N,530e,12CG,Touring,EUR,2019-12,2024-02
2T73-USA-12-2019,2T73-USA-12-2019-MOSP-BMW-M2_CS_Racing,MS BMW Motorsport,MOSP,M2 CS Racing,2T73,Coupe,USA,2019-12,2021-06
32AZ-EUR-12-2019,32AZ-EUR-12-2019-G82-BMW-M4_Competition,4 Series G82 M4 Coupé,G82,M4 Competition,32AZ,Coupe,EUR,2019-12,2024-02
32CG-EUR-12-2019,32CG-EUR-12-2019-G31N-BMW-530eX,5 Series G31 Touring LCI,G31N,530eX,32CG,Touring,EUR,2019-12,2024-02
37CV-IND-12-2019,37CV-IND-12-2019-G01-BMW-X3_20dX,X3 G01,G01,X3 20dX,37CV,SUV,IND,2019-12,2021-06
6N32-EUR-12-2019,6N32-EUR-12-2019-G21-BMW-330e,3 Series G21 Touring,G21,330e,6N32,Touring,EUR,2019-12,2022-06
71AT-EUR-12-2019,71AT-EUR-12-2019-G23-BMW-420i,4 Series G23 Convertible,G23,420i,71AT,Convertible,EUR,2019-12,2024-02
71CG-EUR-12-2019,71CG-EUR-12-2019-G31N-BMW-520e,5 Series G31 Touring LCI,G31N,520e,71CG,Touring,EUR,2019-12,2022-05
JU45-EGY-12-2019,JU45-EGY-12-2019-G05-BMW-X5_M50iX,X5 G05,G05,X5 M50iX,JU45,SUV,EGY,2019-12,2023-03
TC24-THA-12-2019,TC24-THA-12-2019-G06-BMW-X6_40iX,X6 G06,G06,X6 40iX,TC24,SAC,THA,2019-12,2023-01
VJ97-IND-12-2019,VJ97-IND-12-2019-G02-BMW-X4_20dX,X4 G02,G02,X4 20dX,VJ97,SAC,IND,2019-12,2019-12
54CV-THA-01-2020,54CV-THA-01-2020-G01-BMW-X3_30eX,X3 G01,G01,X3 30eX,54CV,SUV,THA,2020-01,2021-07
58DY-EUR-01-2020,58DY-EUR-01-2020-G20-BMW-M340dX,3 Series G20 Sedan,G20,M340dX,58DY,Sedan,EUR,2020-01,2020-12
5R38-EUR-01-2020,5R38-EUR-01-2020-G20-BMW-330i,3 Series G20 Sedan,G20,330i,5R38,Sedan,EUR,2020-01,2020-01
5R98-EUR-01-2020,5R98-EUR-01-2020-G20-BMW-330iX,3 Series G20 Sedan,G20,330iX,5R98,Sedan,EUR,2020-01,2020-01
5Y12-EUR-01-2020,5Y12-EUR-01-2020-G20-BMW-330dX,3 Series G20 Sedan,G20,330dX,5Y12,Sedan,EUR,2020-01,2022-06
6N52-EUR-01-2020,6N52-EUR-01-2020-G21-BMW-330dX,3 Series G21 Touring,G21,330dX,6N52,Touring,EUR,2020-01,2022-06
70DY-EUR-01-2020,70DY-EUR-01-2020-G20-BMW-318i,3 Series G20 Sedan,G20,318i,70DY,Sedan,EUR,2020-01,2022-06
78DY-EUR-01-2020,78DY-EUR-01-2020-G20-BMW-318i,3 Series G20 Sedan,G20,318i,78DY,Sedan,EUR,2020-01,2022-06
7L52-EUR-01-2020,7L52-EUR-01-2020-F40-BMW-128ti,1 Series F40,F40,128ti,7L52,5 doors,EUR,2020-01,2024-06
BC62-EUR-01-2020,BC62-EUR-01-2020-G15-BMW-840dX,8 Series G15 Coupé,G15,840dX,BC62,Coupe,EUR,2020-01,2022-02
CY85-EGY-01-2020,CY85-EGY-01-2020-G06-BMW-X6_M50iX,X6 G06,G06,X6 M50iX,CY85,SAC,EGY,2020-01,2023-02
GT29-RUS-01-2020,GT29-RUS-01-2020-G06-BMW-X6_30dX,X6 G06,G06,X6 30dX,GT29,SAC,RUS,2020-01,2022-03
GW02-EUR-01-2020,GW02-EUR-01-2020-G16-BMW-840dX,8 Series G16 Gran Coupé,G16,840dX,GW02,Gran Coupé,EUR,2020-01,2024-02
12DC-EUR-02-2020,12DC-EUR-02-2020-G30N-BMW-520d,5 Series G30 LCI,G30N,520d,12DC,Sedan,EUR,2020-02,2023-05
12DZ-EUR-02-2020,12DZ-EUR-02-2020-G21-BMW-320d,3 Series G21 Touring,G21,320d,12DZ,Touring,EUR,2020-02,2022-06
31AL-EUR-02-2020,31AL-EUR-02-2020-F44-BMW-220i,2 Series F44 Gran Coupé,F44,220i,31AL,Gran Coupé,EUR,2020-02,2024-03
32BN-EUR-02-2020,32BN-EUR-02-2020-G31N-BMW-520d,5 Series G31 Touring LCI,G31N,520d,32BN,Touring,EUR,2020-02,2024-02
32CH-EUR-02-2020,32CH-EUR-02-2020-G30N-BMW-545eX,5 Series G30 LCI,G30N,545eX,32CH,Sedan,EUR,2020-02,2023-05
32CL-EUR-02-2020,32CL-EUR-02-2020-F23N-BMW-218i,2 Series F23 LCI,F23N,218i,32CL,Convertible,EUR,2020-02,2021-06
51AL-EUR-02-2020,51AL-EUR-02-2020-F44-BMW-220iX,2 Series F44 Gran Coupé,F44,220iX,51AL,Gran Coupé,EUR,2020-02,2024-10
51AS-EUR-02-2020,51AS-EUR-02-2020-G22-BMW-M440dX,4 Series G22 Coupé,G22,M440dX,51AS,Coupe,EUR,2020-02,2024-02
6N92-EUR-02-2020,6N92-EUR-02-2020-G21-BMW-320e,3 Series G21 Touring,G21,320e,6N92,Touring,EUR,2020-02,2020-02
81AP-EUR-02-2020,81AP-EUR-02-2020-G22-BMW-M440i,4 Series G22 Coupé,G22,M440i,81AP,Coupe,EUR,2020-02,2024-02
CV49-RUS-02-2020,CV49-RUS-02-2020-G05-BMW-X5_25dX,X5 G05,G05,X5 25dX,CV49,SUV,RUS,2020-02,2022-03
CY69-RUS-02-2020,CY69-RUS-02-2020-G06-BMW-X6_40iX,X6 G06,G06,X6 40iX,CY69,SAC,RUS,2020-02,2022-03
GT82-EUR-02-2020,GT82-EUR-02-2020-G06-BMW-X6_30dX,X6 G06,G06,X6 30dX,GT82,SAC,EUR,2020-02,2023-03
YR10-BRA-02-2020,YR10-BRA-02-2020-G01-BMW-X3_20iX,X3 G01,G01,X3 20iX,YR10,SUV,BRA,2020-02,2020-05
14EB-THA-03-2020,14EB-THA-03-2020-G20-BMW-M340iX,3 Series G20 Sedan,G20,M340iX,14EB,Sedan,THA,2020-03,2022-04
18EB-MYS-03-2020,18EB-MYS-03-2020-G20-BMW-M340iX,3 Series G20 Sedan,G20,M340iX,18EB,Sedan,MYS,2020-03,2022-02
41AS-EUR-03-2020,41AS-EUR-03-2020-G22-BMW-430dX,4 Series G22 Coupé,G22,430dX,41AS,Coupe,EUR,2020-03,2024-02
50DY-EUR-03-2020,50DY-EUR-03-2020-G20-BMW-M340dX,3 Series G20 Sedan,G20,M340dX,50DY,Sedan,EUR,2020-03,2020-07
57AM-IND-03-2020,57AM-IND-03-2020-F44-BMW-220d,2 Series F44 Gran Coupé,F44,220d,57AM,Gran Coupé,IND,2020-03,2024-08
58CV-MYS-03-2020,58CV-MYS-03-2020-G01-BMW-X3_30eX,X3 G01,G01,X3 30eX,58CV,SUV,MYS,2020-03,2020-03
5P30-EUR-03-2020,5P30-EUR-03-2020-G20-BMW-320iX,3 Series G20 Sedan,G20,320iX,5P30,Sedan,EUR,2020-03,2022-06
5P90-EUR-03-2020,5P90-EUR-03-2020-G20-BMW-330eX,3 Series G20 Sedan,G20,330eX,5P90,Sedan,EUR,2020-03,2020-03
5Y90-EUR-03-2020,5Y90-EUR-03-2020-G20-BMW-320e,3 Series G20 Sedan,G20,320e,5Y90,Sedan,EUR,2020-03,2020-08
5Y98-EUR-03-2020,5Y98-EUR-03-2020-G20-BMW-320e,3 Series G20 Sedan,G20,320e,5Y98,Sedan,EUR,2020-03,2020-07
71CH-EUR-03-2020,71CH-EUR-03-2020-F90N-BMW-M5_CS,5 Series F90 M5 LCI,F90N,M5 CS,71CH,Sedan,EUR,2020-03,2022-02
73CH-USA-03-2020,73CH-USA-03-2020-F90N-BMW-M5_CS,5 Series F90 M5 LCI,F90N,M5 CS,73CH,Sedan,USA,2020-03,2022-02
75FE-EUR-03-2020,75FE-EUR-03-2020-G01-BMW-X3_20i,X3 G01,G01,X3 20i,75FE,SUV,EUR,2020-03,2021-08
7X42-EUR-03-2020,7X42-EUR-03-2020-G08E-BMW-iX3,iX3 G08 BEV,G08E,iX3,7X42,SUV,EUR,2020-03,2021-08
18AK-MYS-04-2020,18AK-MYS-04-2020-F44-BMW-218i,2 Series F44 Gran Coupé,F44,218i,18AK,Gran Coupé,MYS,2020-04,2024-02
18FC-MYS-04-2020,18FC-MYS-04-2020-G20-BMW-318i,3 Series G20 Sedan,G20,318i,18FC,Sedan,MYS,2020-04,2022-04
2V19-RUS-04-2020,2V19-RUS-04-2020-G02-BMW-X4_30iX,X4 G02,G02,X4 30iX,2V19,SAC,RUS,2020-04,2021-03
CR60-BRA-04-2020,CR60-BRA-04-2020-G05-BMW-X5_40iX,X5 G05,G05,X5 40iX,CR60,SUV,BRA,2020-04,2020-04
YR95-EGY-04-2020,YR95-EGY-04-2020-G01-BMW-X3_M40iX,X3 G01,G01,X3 M40iX,YR95,SUV,EGY,2020-04,2020-10
TC69-RUS-05-2020,TC69-RUS-05-2020-G06-BMW-X6_40dX,X6 G06,G06,X6 40dX,TC69,SAC,RUS,2020-05,2022-03
TH49-RUS-05-2020,TH49-RUS-05-2020-G05-BMW-X5_40dX,X5 G05,G05,X5 40dX,TH49,SUV,RUS,2020-05,2022-03
11CF-EUR-06-2020,11CF-EUR-06-2020-I20-BMW_i-iX_xDrive40,iX I20,I20,iX xDrive40,11CF,SUV,EUR,2020-06,2025-02
11CM-EUR-06-2020,11CM-EUR-06-2020-G42-BMW-220i,2 Series G42,G42,220i,11CM,Coupe,EUR,2020-06,2025-03
11CN-EUR-06-2020,11CN-EUR-06-2020-G42-BMW-220d,2 Series G42,G42,220d,11CN,Coupe,EUR,2020-06,2025-03
12CF-EUR-06-2020,12CF-EUR-06-2020-I20-BMW_i-iX_xDrive40,iX I20,I20,iX xDrive40,12CF,SUV,EUR,2020-06,2025-02
12CN-EUR-06-2020,12CN-EUR-06-2020-G42-BMW-220d,2 Series G42,G42,220d,12CN,Coupe,EUR,2020-06,2025-03
12DE-EUR-06-2020,12DE-EUR-06-2020-F22N-BMW-218i,2 Series F22 LCI,F22N,218i,12DE,Coupe,EUR,2020-06,2021-06
13CF-USA-06-2020,13CF-USA-06-2020-I20-BMW_i-iX_xDrive40,iX I20,I20,iX xDrive40,13CF,SUV,USA,2020-06,2025-01
21CF-EUR-06-2020,21CF-EUR-06-2020-I20-BMW_i-iX_xDrive50,iX I20,I20,iX xDrive50,21CF,SUV,EUR,2020-06,2025-02
23CM-USA-06-2020,23CM-USA-06-2020-G42-BMW-230i,2 Series G42,G42,230i,23CM,Coupe,USA,2020-06,2025-03
43AT-USA-06-2020,43AT-USA-06-2020-G23-BMW-430iX,4 Series G23 Convertible,G23,430iX,43AT,Convertible,USA,2020-06,2024-02
51CM-EUR-06-2020,51CM-EUR-06-2020-G42-BMW-M240iX,2 Series G42,G42,M240iX,51CM,Coupe,EUR,2020-06,2025-03
53CM-USA-06-2020,53CM-USA-06-2020-G42-BMW-M240iX,2 Series G42,G42,M240iX,53CM,Coupe,USA,2020-06,2025-03
63AT-USA-06-2020,63AT-USA-06-2020-G23-BMW-M440iX,4 Series G23 Convertible,G23,M440iX,63AT,Convertible,USA,2020-06,2024-02
71AP-EUR-06-2020,71AP-EUR-06-2020-G22-BMW-430iX,4 Series G22 Coupé,G22,430iX,71AP,Coupe,EUR,2020-06,2024-02
72CH-EUR-06-2020,72CH-EUR-06-2020-F90N-BMW-M5_CS,5 Series F90 M5 LCI,F90N,M5 CS,72CH,Sedan,EUR,2020-06,2022-02
7A62-EUR-06-2020,7A62-EUR-06-2020-G11N-BMW-730d,7 Series G11 LCI,G11N,730d,7A62,Sedan,EUR,2020-06,2022-06
7B82-EUR-06-2020,7B82-EUR-06-2020-G11N-BMW-730dX,7 Series G11 LCI,G11N,730dX,7B82,Sedan,EUR,2020-06,2022-06
7D22-EUR-06-2020,7D22-EUR-06-2020-G11N-BMW-740dX,7 Series G11 LCI,G11N,740dX,7D22,Sedan,EUR,2020-06,2022-05
7H82-EUR-06-2020,7H82-EUR-06-2020-G12N-BMW-730Ld,7 Series G12 LCI,G12N,730Ld,7H82,Sedan,EUR,2020-06,2022-05
7L71-EUR-06-2020,7L71-EUR-06-2020-F40-BMW-120i,1 Series F40,F40,120i,7L71,5 doors,EUR,2020-06,2024-03
83AP-USA-06-2020,83AP-USA-06-2020-G22-BMW-M440i,4 Series G22 Coupé,G22,M440i,83AP,Coupe,USA,2020-06,2024-02
CW26-IDN-06-2020,CW26-IDN-06-2020-G07-BMW-X7_40iX,X7 G07,G07,X7 40iX,CW26,SUV,IDN,2020-06,2022-06
12CM-EUR-07-2020,12CM-EUR-07-2020-G42-BMW-220i,2 Series G42,G42,220i,12CM,Coupe,EUR,2020-07,2025-03
14AG-THA-07-2020,14AG-THA-07-2020-G30N-BMW-530e,5 Series G30 LCI,G30N,530e,14AG,Sedan,THA,2020-07,2023-05
14DC-THA-07-2020,14DC-THA-07-2020-G30N-BMW-520d,5 Series G30 LCI,G30N,520d,14DC,Sedan,THA,2020-07,2023-05
17EB-IND-07-2020,17EB-IND-07-2020-G20-BMW-M340iX,3 Series G20 Sedan,G20,M340iX,17EB,Sedan,IND,2020-07,2022-05
18AG-MYS-07-2020,18AG-MYS-07-2020-G30N-BMW-530e,5 Series G30 LCI,G30N,530e,18AG,Sedan,MYS,2020-07,2023-04
19BJ-RUS-07-2020,19BJ-RUS-07-2020-G30N-BMW-530iX,5 Series G30 LCI,G30N,530iX,19BJ,Sedan,RUS,2020-07,2022-03
19DC-RUS-07-2020,19DC-RUS-07-2020-G30N-BMW-520d,5 Series G30 LCI,G30N,520d,19DC,Sedan,RUS,2020-07,2020-07
21AU-EUR-07-2020,21AU-EUR-07-2020-G23-BMW-430d,4 Series G23 Convertible,G23,430d,21AU,Convertible,EUR,2020-07,2024-02
22AU-EUR-07-2020,22AU-EUR-07-2020-G23-BMW-430d,4 Series G23 Convertible,G23,430d,22AU,Convertible,EUR,2020-07,2023-08
23CF-USA-07-2020,23CF-USA-07-2020-I20-BMW_i-iX_xDrive50,iX I20,I20,iX xDrive50,23CF,SUV,USA,2020-07,2025-02
27BP-IND-07-2020,27BP-IND-07-2020-G32N-BMW-630i,6 Series G32 GT LCI,G32N,630i,27BP,Gran Turismo,IND,2020-07,2024-01
31BA-EUR-07-2020,31BA-EUR-07-2020-G83-BMW-M4_Comp_M_xDrive,4 Series G83 M4 Convertible,G83,M4 Comp. M xDrive,31BA,Convertible,EUR,2020-07,2024-02
33BA-USA-07-2020,33BA-USA-07-2020-G83-BMW-M4_Comp_M_xDrive,4 Series G83 M4 Convertible,G83,M4 Comp. M xDrive,33BA,Convertible,USA,2020-07,2024-02
34AK-THA-07-2020,34AK-THA-07-2020-F44-BMW-220i,2 Series F44 Gran Coupé,F44,220i,34AK,Gran Coupé,THA,2020-07,2024-05
35FE-EUR-07-2020,35FE-EUR-07-2020-G01-BMW-X3_20dX,X3 G01,G01,X3 20dX,35FE,SUV,EUR,2020-07,2021-08
37AK-IND-07-2020,37AK-IND-07-2020-F44-BMW-220i,2 Series F44 Gran Coupé,F44,220i,37AK,Gran Coupé,IND,2020-07,2024-08
39AH-RUS-07-2020,39AH-RUS-07-2020-G30N-BMW-530dX,5 Series G30 LCI,G30N,530dX,39AH,Sedan,RUS,2020-07,2022-03
39DC-RUS-07-2020,39DC-RUS-07-2020-G30N-BMW-520dX,5 Series G30 LCI,G30N,520dX,39DC,Sedan,RUS,2020-07,2022-03
41AP-EUR-07-2020,41AP-EUR-07-2020-G22-BMW-420iX,4 Series G22 Coupé,G22,420iX,41AP,Coupe,EUR,2020-07,2024-02
41AZ-EUR-07-2020,41AZ-EUR-07-2020-G82-BMW-M4_Comp_M_xDrive,4 Series G82 M4 Coupé,G82,M4 Comp. M xDrive,41AZ,Coupe,EUR,2020-07,2024-02
42AP-EUR-07-2020,42AP-EUR-07-2020-G22-BMW-420iX,4 Series G22 Coupé,G22,420iX,42AP,Coupe,EUR,2020-07,2024-02
54EB-THA-07-2020,54EB-THA-07-2020-G20-BMW-330e,3 Series G20 Sedan,G20,330e,54EB,Sedan,THA,2020-07,2022-06
57BH-IND-07-2020,57BH-IND-07-2020-G30N-BMW-530i,5 Series G30 LCI,G30N,530i,57BH,Sedan,IND,2020-07,2022-10
58BH-MYS-07-2020,58BH-MYS-07-2020-G30N-BMW-530i,5 Series G30 LCI,G30N,530i,58BH,Sedan,MYS,2020-07,2023-05
5P50-EUR-07-2020,5P50-EUR-07-2020-G20-BMW-330e,3 Series G20 Sedan,G20,330e,5P50,Sedan,EUR,2020-07,2022-06
5W70-EUR-07-2020,5W70-EUR-07-2020-G20-BMW-316d,3 Series G20 Sedan,G20,316d,5W70,Sedan,EUR,2020-07,2020-07
5X98-EUR-07-2020,5X98-EUR-07-2020-G20-BMW-330d,3 Series G20 Sedan,G20,330d,5X98,Sedan,EUR,2020-07,2020-11
5Y10-EUR-07-2020,5Y10-EUR-07-2020-G20-BMW-330dX,3 Series G20 Sedan,G20,330dX,5Y10,Sedan,EUR,2020-07,2020-07
5Y18-EUR-07-2020,5Y18-EUR-07-2020-G20-BMW-330dX,3 Series G20 Sedan,G20,330dX,5Y18,Sedan,EUR,2020-07,2021-02
6M92-EUR-07-2020,6M92-EUR-07-2020-G21-BMW-330d,3 Series G21 Touring,G21,330d,6M92,Touring,EUR,2020-07,2022-06
79AG-RUS-07-2020,79AG-RUS-07-2020-G30N-BMW-520i,5 Series G30 LCI,G30N,520i,79AG,Sedan,RUS,2020-07,2020-07
7L32-EUR-07-2020,7L32-EUR-07-2020-F40-BMW-128ti,1 Series F40,F40,128ti,7L32,5 doors,EUR,2020-07,2024-06
CW28-MYS-07-2020,CW28-MYS-07-2020-G07-BMW-X7_40iX,X7 G07,G07,X7 40iX,CW28,SUV,MYS,2020-07,2022-04
CW84-THA-07-2020,CW84-THA-07-2020-G07-BMW-X7_30dX,X7 G07,G07,X7 30dX,CW84,SUV,THA,2020-07,2021-06
11DT-EUR-08-2020,11DT-EUR-08-2020-G02N-BMW-X4_20iX,X4 G02 LCI,G02N,X4 20iX,11DT,SAC,EUR,2020-08,2025-03
11DU-EUR-08-2020,11DU-EUR-08-2020-G08N-BMW-X3_25iX,X3 G08 LCI,G08N,X3 25iX,11DU,SUV,EUR,2020-08,2024-12
11EC-EUR-08-2020,11EC-EUR-08-2020-F97N-BMW-X3_M,X3 M F97 LCI,F97N,X3 M,11EC,SUV,EUR,2020-08,2024-07
12BZ-EUR-08-2020,12BZ-EUR-08-2020-G01N-BMW-X3_20dX,X3 G01 LCI,G01N,X3 20dX,12BZ,SUV,EUR,2020-08,2023-10
12DP-EUR-08-2020,12DP-EUR-08-2020-G01N-BMW-X3_20i,X3 G01 LCI,G01N,X3 20i,12DP,SUV,EUR,2020-08,2024-06
12EC-EUR-08-2020,12EC-EUR-08-2020-F97N-BMW-X3_M,X3 M F97 LCI,F97N,X3 M,12EC,SUV,EUR,2020-08,2024-07
13EC-USA-08-2020,13EC-USA-08-2020-F97N-BMW-X3_M,X3 M F97 LCI,F97N,X3 M,13EC,SUV,USA,2020-08,2024-07
18BG-MYS-08-2020,18BG-MYS-08-2020-G01-BMW-X3_20dX,X3 G01,G01,X3 20dX,18BG,SUV,MYS,2020-08,2020-09
18DD-MYS-08-2020,18DD-MYS-08-2020-G30N-BMW-520i,5 Series G30 LCI,G30N,520i,18DD,Sedan,MYS,2020-08,2023-01
21DN-EUR-08-2020,21DN-EUR-08-2020-G01N-BMW-X3_M40dX,X3 G01 LCI,G01N,X3 M40dX,21DN,SUV,EUR,2020-08,2024-07
21DP-EUR-08-2020,21DP-EUR-08-2020-G01N-BMW-X3_20iX,X3 G01 LCI,G01N,X3 20iX,21DP,SUV,EUR,2020-08,2024-07
21EC-EUR-08-2020,21EC-EUR-08-2020-F98N-BMW-X4_M,X4 M F98 LCI,F98N,X4 M,21EC,SAC,EUR,2020-08,2025-03
22CF-EUR-08-2020,22CF-EUR-08-2020-I20-BMW_i-iX_xDrive50,iX I20,I20,iX xDrive50,22CF,SUV,EUR,2020-08,2025-02
22EC-EUR-08-2020,22EC-EUR-08-2020-F98N-BMW-X4_M,X4 M F98 LCI,F98N,X4 M,22EC,SAC,EUR,2020-08,2025-03
23EC-USA-08-2020,23EC-USA-08-2020-F98N-BMW-X4_M,X4 M F98 LCI,F98N,X4 M,23EC,SAC,USA,2020-08,2025-03
31CA-EUR-08-2020,31CA-EUR-08-2020-G02N-BMW-X4_20dX,X4 G02 LCI,G02N,X4 20dX,31CA,SAC,EUR,2020-08,2025-03
31DT-EUR-08-2020,31DT-EUR-08-2020-G02N-BMW-X4_30iX,X4 G02 LCI,G02N,X4 30iX,31DT,SAC,EUR,2020-08,2025-03
31DU-EUR-08-2020,31DU-EUR-08-2020-G08N-BMW-X3_30iX,X3 G08 LCI,G08N,X3 30iX,31DU,SUV,EUR,2020-08,2024-12
32BA-EUR-08-2020,32BA-EUR-08-2020-G83-BMW-M4_Comp_M_xDrive,4 Series G83 M4 Convertible,G83,M4 Comp. M xDrive,32BA,Convertible,EUR,2020-08,2024-02
41DT-EUR-08-2020,41DT-EUR-08-2020-G02N-BMW-X4_M40iX,X4 G02 LCI,G02N,X4 M40iX,41DT,SAC,EUR,2020-08,2025-03
42AZ-EUR-08-2020,42AZ-EUR-08-2020-G82-BMW-M4_Comp_M_xDrive,4 Series G82 M4 Coupé,G82,M4 Comp. M xDrive,42AZ,Coupe,EUR,2020-08,2024-02
43AZ-USA-08-2020,43AZ-USA-08-2020-G82-BMW-M4_Comp_M_xDrive,4 Series G82 M4 Coupé,G82,M4 Comp. M xDrive,43AZ,Coupe,USA,2020-08,2024-02
43DP-USA-08-2020,43DP-USA-08-2020-G01N-BMW-X3_30i,X3 G01 LCI,G01N,X3 30i,43DP,SUV,USA,2020-08,2024-07
43DT-USA-08-2020,43DT-USA-08-2020-G02N-BMW-X4_M40iX,X4 G02 LCI,G02N,X4 M40iX,43DT,SAC,USA,2020-08,2025-03
51BZ-EUR-08-2020,51BZ-EUR-08-2020-G01N-BMW-X3_18d,X3 G01 LCI,G01N,X3 18d,51BZ,SUV,EUR,2020-08,2024-07
51DP-EUR-08-2020,51DP-EUR-08-2020-G01N-BMW-X3_30iX,X3 G01 LCI,G01N,X3 30iX,51DP,SUV,EUR,2020-08,2024-07
61DP-EUR-08-2020,61DP-EUR-08-2020-G01N-BMW-X3_30eX,X3 G01 LCI,G01N,X3 30eX,61DP,SUV,EUR,2020-08,2024-06
63DP-USA-08-2020,63DP-USA-08-2020-G01N-BMW-X3_30eX,X3 G01 LCI,G01N,X3 30eX,63DP,SUV,USA,2020-08,2024-06
71BZ-EUR-08-2020,71BZ-EUR-08-2020-G01N-BMW-X3_30dX,X3 G01 LCI,G01N,X3 30dX,71BZ,SUV,EUR,2020-08,2023-09
81DP-EUR-08-2020,81DP-EUR-08-2020-G01N-BMW-X3_M40iX,X3 G01 LCI,G01N,X3 M40iX,81DP,SUV,EUR,2020-08,2024-07
83DP-USA-08-2020,83DP-USA-08-2020-G01N-BMW-X3_M40iX,X3 G01 LCI,G01N,X3 M40iX,83DP,SUV,USA,2020-08,2024-07
11AV-EUR-09-2020,11AV-EUR-09-2020-G26-BMW-420i,4 Series G26 Gran Coupé,G26,420i,11AV,Gran Coupé,EUR,2020-09,2024-06
11AW-EUR-09-2020,11AW-EUR-09-2020-G26-BMW-M440iX,4 Series G26 Gran Coupé,G26,M440iX,11AW,Gran Coupé,EUR,2020-09,2024-06
11BZ-EUR-09-2020,11BZ-EUR-09-2020-G01N-BMW-X3_20dX,X3 G01 LCI,G01N,X3 20dX,11BZ,SUV,EUR,2020-09,2024-07
11DP-EUR-09-2020,11DP-EUR-09-2020-G01N-BMW-X3_20i,X3 G01 LCI,G01N,X3 20i,11DP,SUV,EUR,2020-09,2024-07
12AW-EUR-09-2020,12AW-EUR-09-2020-G26-BMW-M440iX,4 Series G26 Gran Coupé,G26,M440iX,12AW,Gran Coupé,EUR,2020-09,2024-06
12DT-EUR-09-2020,12DT-EUR-09-2020-G02N-BMW-X4_20iX,X4 G02 LCI,G02N,X4 20iX,12DT,SAC,EUR,2020-09,2025-03
13AW-USA-09-2020,13AW-USA-09-2020-G26-BMW-M440iX,4 Series G26 Gran Coupé,G26,M440iX,13AW,Gran Coupé,USA,2020-09,2024-06
15BZ-EUR-09-2020,15BZ-EUR-09-2020-G01N-BMW-X3_20dX,X3 G01 LCI,G01N,X3 20dX,15BZ,SUV,EUR,2020-09,2024-08
15DP-EUR-09-2020,15DP-EUR-09-2020-G01N-BMW-X3_20i,X3 G01 LCI,G01N,X3 20i,15DP,SUV,EUR,2020-09,2024-08
16BZ-EUR-09-2020,16BZ-EUR-09-2020-G01N-BMW-X3_20dX,X3 G01 LCI,G01N,X3 20dX,16BZ,SUV,EUR,2020-09,2024-08
21AX-EUR-09-2020,21AX-EUR-09-2020-G26-BMW-420d,4 Series G26 Gran Coupé,G26,420d,21AX,Gran Coupé,EUR,2020-09,2024-05
22DN-EUR-09-2020,22DN-EUR-09-2020-G01N-BMW-X3_M40dX,X3 G01 LCI,G01N,X3 M40dX,22DN,SUV,EUR,2020-09,2023-03
25DP-EUR-09-2020,25DP-EUR-09-2020-G01N-BMW-X3_20iX,X3 G01 LCI,G01N,X3 20iX,25DP,SUV,EUR,2020-09,2024-08
26DP-EUR-09-2020,26DP-EUR-09-2020-G01N-BMW-X3_20iX,X3 G01 LCI,G01N,X3 20iX,26DP,SUV,EUR,2020-09,2024-08
27BE-IND-09-2020,27BE-IND-09-2020-G28-BMW-320Ld,3 Series G28 Sedan,G28,320Ld,27BE,Sedan,IND,2020-09,2022-08
31AV-EUR-09-2020,31AV-EUR-09-2020-G26-BMW-420i,4 Series G26 Gran Coupé,G26,420i,31AV,Gran Coupé,EUR,2020-09,2024-06
31AX-EUR-09-2020,31AX-EUR-09-2020-G26-BMW-420dX,4 Series G26 Gran Coupé,G26,420dX,31AX,Gran Coupé,EUR,2020-09,2024-05
32CA-EUR-09-2020,32CA-EUR-09-2020-G02N-BMW-X4_20dX,X4 G02 LCI,G02N,X4 20dX,32CA,SAC,EUR,2020-09,2025-02
37BL-IND-09-2020,37BL-IND-09-2020-G30N-BMW-520d,5 Series G30 LCI,G30N,520d,37BL,Sedan,IND,2020-09,2022-12
38DN-EUR-09-2020,38DN-EUR-09-2020-G01N-BMW-X3_20i_16,X3 G01 LCI,G01N,X3 20i 1.6,38DN,SUV,EUR,2020-09,2024-06
41AY-EUR-09-2020,41AY-EUR-09-2020-G80-BMW-M3_Comp_M_xDrive,3 Series G80 M3,G80,M3 Comp. M xDrive,41AY,Sedan,EUR,2020-09,2024-06
41DU-EUR-09-2020,41DU-EUR-09-2020-G08F-BMW-iX3_M_Sport,iX3 G08 BEV LCI,G08F,iX3 M Sport,41DU,SUV,EUR,2020-09,2025-03
42AS-EUR-09-2020,42AS-EUR-09-2020-G22-BMW-430dX,4 Series G22 Coupé,G22,430dX,42AS,Coupe,EUR,2020-09,2023-04
42AY-EUR-09-2020,42AY-EUR-09-2020-G80-BMW-M3_Comp_M_xDrive,3 Series G80 M3,G80,M3 Comp. M xDrive,42AY,Sedan,EUR,2020-09,2024-06
42DT-EUR-09-2020,42DT-EUR-09-2020-G02N-BMW-X4_M40iX,X4 G02 LCI,G02N,X4 M40iX,42DT,SAC,EUR,2020-09,2025-03
43AY-USA-09-2020,43AY-USA-09-2020-G80-BMW-M3_Comp_M_xDrive,3 Series G80 M3,G80,M3 Comp. M xDrive,43AY,Sedan,USA,2020-09,2024-06
51CA-EUR-09-2020,51CA-EUR-09-2020-G02N-BMW-X4_30dX,X4 G02 LCI,G02N,X4 30dX,51CA,SAC,EUR,2020-09,2022-03
52AS-EUR-09-2020,52AS-EUR-09-2020-G22-BMW-M440dX,4 Series G22 Coupé,G22,M440dX,52AS,Coupe,EUR,2020-09,2023-02
55BZ-EUR-09-2020,55BZ-EUR-09-2020-G01N-BMW-X3_18d,X3 G01 LCI,G01N,X3 18d,55BZ,SUV,EUR,2020-09,2024-08
55DP-EUR-09-2020,55DP-EUR-09-2020-G01N-BMW-X3_30iX,X3 G01 LCI,G01N,X3 30iX,55DP,SUV,EUR,2020-09,2024-08
56BH-IDN-09-2020,56BH-IDN-09-2020-G30N-BMW-530i,5 Series G30 LCI,G30N,530i,56BH,Sedan,IDN,2020-09,2023-03
61AV-EUR-09-2020,61AV-EUR-09-2020-G26-BMW-430i,4 Series G26 Gran Coupé,G26,430i,61AV,Gran Coupé,EUR,2020-09,2024-07
61CA-EUR-09-2020,61CA-EUR-09-2020-G02N-BMW-X4_30dX,X4 G02 LCI,G02N,X4 30dX,61CA,SAC,EUR,2020-09,2025-03
62DP-EUR-09-2020,62DP-EUR-09-2020-G01N-BMW-X3_30eX,X3 G01 LCI,G01N,X3 30eX,62DP,SUV,EUR,2020-09,2024-06
63AV-USA-09-2020,63AV-USA-09-2020-G26-BMW-430i,4 Series G26 Gran Coupé,G26,430i,63AV,Gran Coupé,USA,2020-09,2024-06
6P87-IND-09-2020,6P87-IND-09-2020-G28-BMW-330Li,3 Series G28 Sedan,G28,330Li,6P87,Sedan,IND,2020-09,2022-08
6P88-MYS-09-2020,6P88-MYS-09-2020-G28-BMW-330Li,3 Series G28 Sedan,G28,330Li,6P88,Sedan,MYS,2020-09,2022-08
71DP-EUR-09-2020,71DP-EUR-09-2020-G01N-BMW-X3_30eX,X3 G01 LCI,G01N,X3 30eX,71DP,SUV,EUR,2020-09,2024-06
76AG-IDN-09-2020,76AG-IDN-09-2020-G30N-BMW-520i,5 Series G30 LCI,G30N,520i,76AG,Sedan,IDN,2020-09,2023-05
81BZ-EUR-09-2020,81BZ-EUR-09-2020-G01N-BMW-X3_30dX,X3 G01 LCI,G01N,X3 30dX,81BZ,SUV,EUR,2020-09,2024-07
81CA-EUR-09-2020,81CA-EUR-09-2020-G02N-BMW-X4_M40dX,X4 G02 LCI,G02N,X4 M40dX,81CA,SAC,EUR,2020-09,2025-03
81DT-EUR-09-2020,81DT-EUR-09-2020-G02N-BMW-X4_30iX,X4 G02 LCI,G02N,X4 30iX,81DT,SAC,EUR,2020-09,2020-09
82CA-EUR-09-2020,82CA-EUR-09-2020-G02N-BMW-X4_M40dX,X4 G02 LCI,G02N,X4 M40dX,82CA,SAC,EUR,2020-09,2024-08
85DP-EUR-09-2020,85DP-EUR-09-2020-G01N-BMW-X3_M40iX,X3 G01 LCI,G01N,X3 M40iX,85DP,SUV,EUR,2020-09,2024-08
86BZ-EUR-09-2020,86BZ-EUR-09-2020-G01N-BMW-X3_30dX,X3 G01 LCI,G01N,X3 30dX,86BZ,SUV,EUR,2020-09,2024-05
GX01-EUR-09-2020,GX01-EUR-09-2020-G16-BMW-BMW_ALPINA_B8,8 Series G16 Gran Coupé,G16,BMW ALPINA B8,GX01,Gran Coupé,EUR,2020-09,2024-06
GX02-EUR-09-2020,GX02-EUR-09-2020-G16-BMW-BMW_ALPINA_B8,8 Series G16 Gran Coupé,G16,BMW ALPINA B8,GX02,Gran Coupé,EUR,2020-09,2024-10
GX03-USA-09-2020,GX03-USA-09-2020-G16-BMW-BMW_ALPINA_B8,8 Series G16 Gran Coupé,G16,BMW ALPINA B8,GX03,Gran Coupé,USA,2020-09,2025-02
YR56-IDN-09-2020,YR56-IDN-09-2020-G01-BMW-X3_30iX,X3 G01,G01,X3 30iX,YR56,SUV,IDN,2020-09,2021-07
18CV-MYS-10-2020,18CV-MYS-10-2020-G01-BMW-X3_20i,X3 G01,G01,X3 20i,18CV,SUV,MYS,2020-10,2021-04
22AX-EUR-10-2020,22AX-EUR-10-2020-G26-BMW-420d,4 Series G26 Gran Coupé,G26,420d,22AX,Gran Coupé,EUR,2020-10,2024-04
22DP-EUR-10-2020,22DP-EUR-10-2020-G01N-BMW-X3_20iX,X3 G01 LCI,G01N,X3 20iX,22DP,SUV,EUR,2020-10,2024-06
25DN-EUR-10-2020,25DN-EUR-10-2020-G01N-BMW-X3_M40dX,X3 G01 LCI,G01N,X3 M40dX,25DN,SUV,EUR,2020-10,2024-08
31AU-EUR-10-2020,31AU-EUR-10-2020-G23-BMW-M440dX,4 Series G23 Convertible,G23,M440dX,31AU,Convertible,EUR,2020-10,2024-02
32AU-EUR-10-2020,32AU-EUR-10-2020-G23-BMW-M440dX,4 Series G23 Convertible,G23,M440dX,32AU,Convertible,EUR,2020-10,2023-05
32AX-EUR-10-2020,32AX-EUR-10-2020-G26-BMW-420dX,4 Series G26 Gran Coupé,G26,420dX,32AX,Gran Coupé,EUR,2020-10,2024-04
32DT-EUR-10-2020,32DT-EUR-10-2020-G02N-BMW-X4_30iX,X4 G02 LCI,G02N,X4 30iX,32DT,SAC,EUR,2020-10,2025-03
41AT-EUR-10-2020,41AT-EUR-10-2020-G23-BMW-430iX,4 Series G23 Convertible,G23,430iX,41AT,Convertible,EUR,2020-10,2024-02
46BZ-EUR-10-2020,46BZ-EUR-10-2020-G01N-BMW-X3_18d,X3 G01 LCI,G01N,X3 18d,46BZ,SUV,EUR,2020-10,2024-01
47DP-USA-10-2020,47DP-USA-10-2020-G01N-BMW-X3_30i,X3 G01 LCI,G01N,X3 30i,47DP,SUV,USA,2020-10,2024-08
51AA-EUR-10-2020,51AA-EUR-10-2020-F48N-BMW-X1_20i,X1 F48 LCI,F48N,X1 20i,51AA,SUV,EUR,2020-10,2021-08
51AT-EUR-10-2020,51AT-EUR-10-2020-G23-BMW-M440i,4 Series G23 Convertible,G23,M440i,51AT,Convertible,EUR,2020-10,2024-02
52CH-EUR-10-2020,52CH-EUR-10-2020-G30N-BMW-BMW_ALPINA_B5,5 Series G30 LCI,G30N,BMW ALPINA B5,52CH,Sedan,EUR,2020-10,2023-05
56DP-EUR-10-2020,56DP-EUR-10-2020-G01N-BMW-X3_30iX,X3 G01 LCI,G01N,X3 30iX,56DP,SUV,EUR,2020-10,2024-05
57DP-USA-10-2020,57DP-USA-10-2020-G01N-BMW-X3_30iX,X3 G01 LCI,G01N,X3 30iX,57DP,SUV,USA,2020-10,2024-08
62AV-EUR-10-2020,62AV-EUR-10-2020-G26-BMW-430i,4 Series G26 Gran Coupé,G26,430i,62AV,Gran Coupé,EUR,2020-10,2024-05
82DP-EUR-10-2020,82DP-EUR-10-2020-G01N-BMW-X3_M40iX,X3 G01 LCI,G01N,X3 M40iX,82DP,SUV,EUR,2020-10,2024-07
85BZ-EUR-10-2020,85BZ-EUR-10-2020-G01N-BMW-X3_30dX,X3 G01 LCI,G01N,X3 30dX,85BZ,SUV,EUR,2020-10,2024-08
86DP-EUR-10-2020,86DP-EUR-10-2020-G01N-BMW-X3_M40iX,X3 G01 LCI,G01N,X3 M40iX,86DP,SUV,EUR,2020-10,2024-08
11DN-EUR-11-2020,11DN-EUR-11-2020-G01N-BMW-X3_M40dX,X3 G01 LCI,G01N,X3 M40dX,11DN,SUV,EUR,2020-11,2024-03
12AV-EUR-11-2020,12AV-EUR-11-2020-G26-BMW-420i,4 Series G26 Gran Coupé,G26,420i,12AV,Gran Coupé,EUR,2020-11,2024-06
21BX-EUR-11-2020,21BX-EUR-11-2020-U06-BMW-218i,2 Series U06 Active Tourer,U06,218i,21BX,Active Tourer,EUR,2020-11,2025-03
21BY-EUR-11-2020,21BY-EUR-11-2020-U06-BMW-218d,2 Series U06 Active Tourer,U06,218d,21BY,Active Tourer,EUR,2020-11,2025-03
21CA-EUR-11-2020,21CA-EUR-11-2020-G02N-BMW-X4_20dX,X4 G02 LCI,G02N,X4 20dX,21CA,SAC,EUR,2020-11,2025-02
21DT-EUR-11-2020,21DT-EUR-11-2020-G02N-BMW-X4_20iX,X4 G02 LCI,G02N,X4 20iX,21DT,SAC,EUR,2020-11,2025-03
22BX-EUR-11-2020,22BX-EUR-11-2020-U06-BMW-218i,2 Series U06 Active Tourer,U06,218i,22BX,Active Tourer,EUR,2020-11,2025-02
31AW-EUR-11-2020,31AW-EUR-11-2020-G26E-BMW_i-i4_M50,i4 G26 Gran Coupé,G26E,i4 M50,31AW,Gran Coupé,EUR,2020-11,2024-06
31BX-EUR-11-2020,31BX-EUR-11-2020-U06-BMW-223i,2 Series U06 Active Tourer,U06,223i,31BX,Active Tourer,EUR,2020-11,2025-02
31BZ-EUR-11-2020,31BZ-EUR-11-2020-G01N-BMW-X3_20dX,X3 G01 LCI,G01N,X3 20dX,31BZ,SUV,EUR,2020-11,2024-06
31DP-EUR-11-2020,31DP-EUR-11-2020-G01N-BMW-X3_20iX,X3 G01 LCI,G01N,X3 20iX,31DP,SUV,EUR,2020-11,2024-07
32BX-EUR-11-2020,32BX-EUR-11-2020-U06-BMW-223i,2 Series U06 Active Tourer,U06,223i,32BX,Active Tourer,EUR,2020-11,2025-03
32BZ-EUR-11-2020,32BZ-EUR-11-2020-G01N-BMW-X3_20dX,X3 G01 LCI,G01N,X3 20dX,32BZ,SUV,EUR,2020-11,2020-11
33AW-USA-11-2020,33AW-USA-11-2020-G26E-BMW_i-i4_M50,i4 G26 Gran Coupé,G26E,i4 M50,33AW,Gran Coupé,USA,2020-11,2024-06
33DT-USA-11-2020,33DT-USA-11-2020-G02N-BMW-X4_30iX,X4 G02 LCI,G02N,X4 30iX,33DT,SAC,USA,2020-11,2025-03
42BZ-EUR-11-2020,42BZ-EUR-11-2020-G01N-BMW-X3_18d,X3 G01 LCI,G01N,X3 18d,42BZ,SUV,EUR,2020-11,2020-11
52AL-EUR-11-2020,52AL-EUR-11-2020-F44-BMW-220iX,2 Series F44 Gran Coupé,F44,220iX,52AL,Gran Coupé,EUR,2020-11,2020-11
52CM-EUR-11-2020,52CM-EUR-11-2020-G42-BMW-M240iX,2 Series G42,G42,M240iX,52CM,Coupe,EUR,2020-11,2025-03
53DP-USA-11-2020,53DP-USA-11-2020-G01N-BMW-X3_30iX,X3 G01 LCI,G01N,X3 30iX,53DP,SUV,USA,2020-11,2024-07
5X90-EUR-11-2020,5X90-EUR-11-2020-G20-BMW-330d,3 Series G20 Sedan,G20,330d,5X90,Sedan,EUR,2020-11,2020-11
5X92-EUR-11-2020,5X92-EUR-11-2020-G20-BMW-330d,3 Series G20 Sedan,G20,330d,5X92,Sedan,EUR,2020-11,2022-06
5Z90-BRA-11-2020,5Z90-BRA-11-2020-G20-BMW-320i,3 Series G20 Sedan,G20,320i,5Z90,Sedan,BRA,2020-11,2022-06
61BX-EUR-11-2020,61BX-EUR-11-2020-U06-BMW-218i,2 Series U06 Active Tourer,U06,218i,61BX,Active Tourer,EUR,2020-11,2024-01
71AW-EUR-11-2020,71AW-EUR-11-2020-G26E-BMW_i-i4_eDrive40,i4 G26 Gran Coupé,G26E,i4 eDrive40,71AW,Gran Coupé,EUR,2020-11,2024-06
71BX-EUR-11-2020,71BX-EUR-11-2020-U06-BMW-220i,2 Series U06 Active Tourer,U06,220i,71BX,Active Tourer,EUR,2020-11,2025-03
71CA-EUR-11-2020,71CA-EUR-11-2020-G02N-BMW-X4_M40dX,X4 G02 LCI,G02N,X4 M40dX,71CA,SAC,EUR,2020-11,2022-11
72AW-EUR-11-2020,72AW-EUR-11-2020-G26E-BMW_i-i4_eDrive40,i4 G26 Gran Coupé,G26E,i4 eDrive40,72AW,Gran Coupé,EUR,2020-11,2024-06
72BX-EUR-11-2020,72BX-EUR-11-2020-U06-BMW-220i,2 Series U06 Active Tourer,U06,220i,72BX,Active Tourer,EUR,2020-11,2025-03
73AW-USA-11-2020,73AW-USA-11-2020-G26E-BMW_i-i4_eDrive40,i4 G26 Gran Coupé,G26E,i4 eDrive40,73AW,Gran Coupé,USA,2020-11,2024-06
12DN-EUR-12-2020,12DN-EUR-12-2020-G01N-BMW-X3_M40dX,X3 G01 LCI,G01N,X3 M40dX,12DN,SUV,EUR,2020-12,2020-12
17AH-IND-12-2020,17AH-IND-12-2020-G30N-BMW-530d,5 Series G30 LCI,G30N,530d,17AH,Sedan,IND,2020-12,2022-04
21AV-EUR-12-2020,21AV-EUR-12-2020-G26-BMW-420i_16,4 Series G26 Gran Coupé,G26,420i 1.6,21AV,Gran Coupé,EUR,2020-12,2024-04
22CA-EUR-12-2020,22CA-EUR-12-2020-G02N-BMW-X4_20dX,X4 G02 LCI,G02N,X4 20dX,22CA,SAC,EUR,2020-12,2025-03
31DN-EUR-12-2020,31DN-EUR-12-2020-G01N-BMW-X3_20i_16,X3 G01 LCI,G01N,X3 20i 1.6,31DN,SUV,EUR,2020-12,2021-03
32AW-EUR-12-2020,32AW-EUR-12-2020-G26E-BMW_i-i4_M50,i4 G26 Gran Coupé,G26E,i4 M50,32AW,Gran Coupé,EUR,2020-12,2024-06
41BZ-EUR-12-2020,41BZ-EUR-12-2020-G01N-BMW-X3_18d,X3 G01 LCI,G01N,X3 18d,41BZ,SUV,EUR,2020-12,2020-12
42DU-EUR-12-2020,42DU-EUR-12-2020-G08F-BMW-iX3_M_Sport,iX3 G08 BEV LCI,G08F,iX3 M Sport,42DU,SUV,EUR,2020-12,2025-03
52BZ-EUR-12-2020,52BZ-EUR-12-2020-G01N-BMW-X3_18d,X3 G01 LCI,G01N,X3 18d,52BZ,SUV,EUR,2020-12,2024-05
52CA-EUR-12-2020,52CA-EUR-12-2020-G02N-BMW-X4_30dX,X4 G02 LCI,G02N,X4 30dX,52CA,SAC,EUR,2020-12,2021-03
52DP-EUR-12-2020,52DP-EUR-12-2020-G01N-BMW-X3_30iX,X3 G01 LCI,G01N,X3 30iX,52DP,SUV,EUR,2020-12,2024-07
72CA-EUR-12-2020,72CA-EUR-12-2020-G02N-BMW-X4_M40dX,X4 G02 LCI,G02N,X4 M40dX,72CA,SAC,EUR,2020-12,2020-12
87CC-IND-12-2020,87CC-IND-12-2020-G32N-BMW-630d,6 Series G32 GT LCI,G32N,630d,87CC,Gran Turismo,IND,2020-12,2022-09
JY87-IND-12-2020,JY87-IND-12-2020-G32N-BMW-620d,6 Series G32 GT LCI,G32N,620d,JY87,Gran Turismo,IND,2020-12,2023-12
TB49-RUS-12-2020,TB49-RUS-12-2020-G07-BMW-X7_40dX,X7 G07,G07,X7 40dX,TB49,SUV,RUS,2020-12,2022-03
16DN-EUR-01-2021,16DN-EUR-01-2021-G01N-BMW-X3_M40dX,X3 G01 LCI,G01N,X3 M40dX,16DN,SUV,EUR,2021-01,2021-06
22BY-EUR-01-2021,22BY-EUR-01-2021-U06-BMW-218d,2 Series U06 Active Tourer,U06,218d,22BY,Active Tourer,EUR,2021-01,2025-03
28BP-MYS-01-2021,28BP-MYS-01-2021-G32N-BMW-630i,6 Series G32 GT LCI,G32N,630i,28BP,Gran Turismo,MYS,2021-01,2023-10
35BZ-EUR-01-2021,35BZ-EUR-01-2021-G01N-BMW-X3_20dX,X3 G01 LCI,G01N,X3 20dX,35BZ,SUV,EUR,2021-01,2023-03
36BZ-EUR-01-2021,36BZ-EUR-01-2021-G01N-BMW-X3_20dX,X3 G01 LCI,G01N,X3 20dX,36BZ,SUV,EUR,2021-01,2024-08
71AV-EUR-01-2021,71AV-EUR-01-2021-G26-BMW-430iX,4 Series G26 Gran Coupé,G26,430iX,71AV,Gran Coupé,EUR,2021-01,2024-06
73AV-USA-01-2021,73AV-USA-01-2021-G26-BMW-430iX,4 Series G26 Gran Coupé,G26,430iX,73AV,Gran Coupé,USA,2021-01,2024-06
76BZ-EUR-01-2021,76BZ-EUR-01-2021-G01N-BMW-X3_30dX,X3 G01 LCI,G01N,X3 30dX,76BZ,SUV,EUR,2021-01,2024-08
11CB-EUR-02-2021,11CB-EUR-02-2021-G31N-BMW-BMW_ALPINA_B5,5 Series G31 Touring LCI,G31N,BMW ALPINA B5,11CB,Touring,EUR,2021-02,2024-01
16DP-EUR-02-2021,16DP-EUR-02-2021-G01N-BMW-X3_20i,X3 G01 LCI,G01N,X3 20i,16DP,SUV,EUR,2021-02,2024-04
21CM-EUR-02-2021,21CM-EUR-02-2021-G42-BMW-230i,2 Series G42,G42,230i,21CM,Coupe,EUR,2021-02,2025-03
26DN-EUR-02-2021,26DN-EUR-02-2021-G01N-BMW-X3_M40dX,X3 G01 LCI,G01N,X3 M40dX,26DN,SUV,EUR,2021-02,2024-07
31CF-EUR-02-2021,31CF-EUR-02-2021-I20-BMW_i-iX_M60,iX I20,I20,iX M60,31CF,SUV,EUR,2021-02,2025-02
33CF-USA-02-2021,33CF-USA-02-2021-I20-BMW_i-iX_M60,iX I20,I20,iX M60,33CF,SUV,USA,2021-02,2025-01
51CH-EUR-02-2021,51CH-EUR-02-2021-G30N-BMW-BMW_ALPINA_B5,5 Series G30 LCI,G30N,BMW ALPINA B5,51CH,Sedan,EUR,2021-02,2023-05
51ES-EUR-02-2021,51ES-EUR-02-2021-G30N-BMW-BMW_ALPINA_D5s,5 Series G30 LCI,G30N,BMW ALPINA D5s,51ES,Sedan,EUR,2021-02,2023-05
52ES-EUR-02-2021,52ES-EUR-02-2021-G30N-BMW-BMW_ALPINA_D5s,5 Series G30 LCI,G30N,BMW ALPINA D5s,52ES,Sedan,EUR,2021-02,2023-05
56BZ-EUR-02-2021,56BZ-EUR-02-2021-G01N-BMW-X3_18d,X3 G01 LCI,G01N,X3 18d,56BZ,SUV,EUR,2021-02,2021-12
58EB-MYS-02-2021,58EB-MYS-02-2021-G20-BMW-330e,3 Series G20 Sedan,G20,330e,58EB,Sedan,MYS,2021-02,2022-06
6R48-MYS-02-2021,6R48-MYS-02-2021-G28-BMW-320Li,3 Series G28 Sedan,G28,320Li,6R48,Sedan,MYS,2021-02,2021-05
71CB-EUR-02-2021,71CB-EUR-02-2021-G31N-BMW-BMW_ALPINA_D5s,5 Series G31 Touring LCI,G31N,BMW ALPINA D5s,71CB,Touring,EUR,2021-02,2023-12
11FD-EUR-03-2021,11FD-EUR-03-2021-G01N-BMW-X3_M40iX,X3 G01 LCI,G01N,X3 M40iX,11FD,SUV,EUR,2021-03,2024-07
11GK-EUR-03-2021,11GK-EUR-03-2021-G20-BMW-320e,3 Series G20 Sedan,G20,320e,11GK,Sedan,EUR,2021-03,2022-04
41BX-EUR-03-2021,41BX-EUR-03-2021-U06-BMW-223iX,2 Series U06 Active Tourer,U06,223iX,41BX,Active Tourer,EUR,2021-03,2025-03
51DT-EUR-03-2021,51DT-EUR-03-2021-G02N-BMW-X4_M40iX,X4 G02 LCI,G02N,X4 M40iX,51DT,SAC,EUR,2021-03,2024-10
62BX-EUR-03-2021,62BX-EUR-03-2021-U06-BMW-218i,2 Series U06 Active Tourer,U06,218i,62BX,Active Tourer,EUR,2021-03,2025-03
62CA-EUR-03-2021,62CA-EUR-03-2021-G02N-BMW-X4_30dX,X4 G02 LCI,G02N,X4 30dX,62CA,SAC,EUR,2021-03,2024-11
72BZ-EUR-03-2021,72BZ-EUR-03-2021-G01N-BMW-X3_30dX,X3 G01 LCI,G01N,X3 30dX,72BZ,SUV,EUR,2021-03,2024-03
81BE-EUR-03-2021,81BE-EUR-03-2021-G28E-BMW_i-i3_eDrive35L,i3L G28 BEV Sedan,G28E,i3 eDrive35L,81BE,Sedan,EUR,2021-03,2025-03
82BZ-EUR-03-2021,82BZ-EUR-03-2021-G01N-BMW-X3_30dX,X3 G01 LCI,G01N,X3 30dX,82BZ,SUV,EUR,2021-03,2023-07
11EP-EUR-04-2021,11EP-EUR-04-2021-G18-BMW-X5_30LiX,X5L G18,G18,X5 30LiX,11EP,SUV,EUR,2021-04,2023-08
21EP-EUR-04-2021,21EP-EUR-04-2021-G18-BMW-X5_40LiX,X5L G18,G18,X5 40LiX,21EP,SUV,EUR,2021-04,2023-08
38DD-MYS-04-2021,38DD-MYS-04-2021-G30N-BMW-530i,5 Series G30 LCI,G30N,530i,38DD,Sedan,MYS,2021-04,2023-02
81AW-EUR-05-2021,81AW-EUR-05-2021-G26-BMW-BMW_ALPINA_B4,4 Series G26 Gran Coupé,G26,BMW ALPINA B4,81AW,Gran Coupé,EUR,2021-05,2024-04
11EE-EUR-06-2021,11EE-EUR-06-2021-U11-BMW-X1_18i,X1 U11,U11,X1 18i,11EE,SUV,EUR,2021-06,2025-03
12CB-EUR-06-2021,12CB-EUR-06-2021-G31N-BMW-BMW_ALPINA_B5,5 Series G31 Touring LCI,G31N,BMW ALPINA B5,12CB,Touring,EUR,2021-06,2023-12
22CM-EUR-06-2021,22CM-EUR-06-2021-G42-BMW-230i,2 Series G42,G42,230i,22CM,Coupe,EUR,2021-06,2025-03
32AN-EUR-06-2021,32AN-EUR-06-2021-F44-BMW-216i,2 Series F44 Gran Coupé,F44,216i,32AN,Gran Coupé,EUR,2021-06,2024-09
42BX-EUR-06-2021,42BX-EUR-06-2021-U06-BMW-223iX,2 Series U06 Active Tourer,U06,223iX,42BX,Active Tourer,EUR,2021-06,2023-09
11EG-EUR-07-2021,11EG-EUR-07-2021-U11-BMW-X1_18d,X1 U11,U11,X1 18d,11EG,SUV,EUR,2021-07,2025-03
11EH-EUR-07-2021,11EH-EUR-07-2021-G70-BMW-735i,7 Series G70,G70,735i,11EH,Sedan,EUR,2021-07,2025-03
11FS-EUR-07-2021,11FS-EUR-07-2021-G20N-BMW-320e,3 Series G20 Sedan LCI,G20N,320e,11FS,Sedan,EUR,2021-07,2024-04
11FY-EUR-07-2021,11FY-EUR-07-2021-G21N-BMW-318i,3 Series G21 Touring LCI,G21N,318i,11FY,Touring,EUR,2021-07,2025-03
11FZ-EUR-07-2021,11FZ-EUR-07-2021-G21N-BMW-318d,3 Series G21 Touring LCI,G21N,318d,11FZ,Touring,EUR,2021-07,2025-03
12EE-EUR-07-2021,12EE-EUR-07-2021-U11-BMW-X1_18i,X1 U11,U11,X1 18i,12EE,SUV,EUR,2021-07,2025-03
12EG-EUR-07-2021,12EG-EUR-07-2021-U11-BMW-X1_18d,X1 U11,U11,X1 18d,12EG,SUV,EUR,2021-07,2025-03
21EA-EUR-07-2021,21EA-EUR-07-2021-U06-BMW-225eX,2 Series U06 Active Tourer,U06,225eX,21EA,Active Tourer,EUR,2021-07,2025-03
21EE-EUR-07-2021,21EE-EUR-07-2021-U11-BMW-X1_18i,X1 U11,U11,X1 18i,21EE,SUV,EUR,2021-07,2025-03
21EH-EUR-07-2021,21EH-EUR-07-2021-G70-BMW-740i,7 Series G70,G70,740i,21EH,Sedan,EUR,2021-07,2025-03
21EM-EUR-07-2021,21EM-EUR-07-2021-G07N-BMW-X7_40iX,X7 G07 LCI,G07N,X7 40iX,21EM,SUV,EUR,2021-07,2025-03
21EN-EUR-07-2021,21EN-EUR-07-2021-G07N-BMW-X7_40dX,X7 G07 LCI,G07N,X7 40dX,21EN,SUV,EUR,2021-07,2025-03
21FF-EUR-07-2021,21FF-EUR-07-2021-G20N-BMW-318i,3 Series G20 Sedan LCI,G20N,318i,21FF,Sedan,EUR,2021-07,2025-02
21FH-EUR-07-2021,21FH-EUR-07-2021-G28N-BMW-330Li,3 Series G28 Sedan LCI,G28N,330Li,21FH,Sedan,EUR,2021-07,2025-03
21FS-EUR-07-2021,21FS-EUR-07-2021-G20N-BMW-330e,3 Series G20 Sedan LCI,G20N,330e,21FS,Sedan,EUR,2021-07,2024-06
21FU-EUR-07-2021,21FU-EUR-07-2021-G20N-BMW-318d,3 Series G20 Sedan LCI,G20N,318d,21FU,Sedan,EUR,2021-07,2025-02
21FY-EUR-07-2021,21FY-EUR-07-2021-G21N-BMW-320i,3 Series G21 Touring LCI,G21N,320i,21FY,Touring,EUR,2021-07,2025-03
21FZ-EUR-07-2021,21FZ-EUR-07-2021-G21N-BMW-320d,3 Series G21 Touring LCI,G21N,320d,21FZ,Touring,EUR,2021-07,2025-03
22EA-EUR-07-2021,22EA-EUR-07-2021-U06-BMW-225eX,2 Series U06 Active Tourer,U06,225eX,22EA,Active Tourer,EUR,2021-07,2025-03
22EE-EUR-07-2021,22EE-EUR-07-2021-U11-BMW-X1_18i,X1 U11,U11,X1 18i,22EE,SUV,EUR,2021-07,2025-03
22EH-EUR-07-2021,22EH-EUR-07-2021-G70-BMW-740i,7 Series G70,G70,740i,22EH,Sedan,EUR,2021-07,2025-03
22EN-EUR-07-2021,22EN-EUR-07-2021-G07N-BMW-X7_40dX,X7 G07 LCI,G07N,X7 40dX,22EN,SUV,EUR,2021-07,2025-03
22FH-EUR-07-2021,22FH-EUR-07-2021-G28N-BMW-330Li,3 Series G28 Sedan LCI,G28N,330Li,22FH,Sedan,EUR,2021-07,2024-05
23EH-USA-07-2021,23EH-USA-07-2021-G70-BMW-740i,7 Series G70,G70,740i,23EH,Sedan,USA,2021-07,2025-03
23EM-USA-07-2021,23EM-USA-07-2021-G07N-BMW-X7_40iX,X7 G07 LCI,G07N,X7 40iX,23EM,SUV,USA,2021-07,2025-03
31EJ-EUR-07-2021,31EJ-EUR-07-2021-G70-BMW-760iX,7 Series G70,G70,760iX,31EJ,Sedan,EUR,2021-07,2025-03
31EM-EUR-07-2021,31EM-EUR-07-2021-G07N-BMW-X7_M60iX,X7 G07 LCI,G07N,X7 M60iX,31EM,SUV,EUR,2021-07,2025-03
31FS-EUR-07-2021,31FS-EUR-07-2021-G20N-BMW-330eX,3 Series G20 Sedan LCI,G20N,330eX,31FS,Sedan,EUR,2021-07,2024-05
31FU-EUR-07-2021,31FU-EUR-07-2021-G20N-BMW-320d,3 Series G20 Sedan LCI,G20N,320d,31FU,Sedan,EUR,2021-07,2025-03
31FZ-EUR-07-2021,31FZ-EUR-07-2021-G21N-BMW-320dX,3 Series G21 Touring LCI,G21N,320dX,31FZ,Touring,EUR,2021-07,2025-03
32CF-EUR-07-2021,32CF-EUR-07-2021-I20-BMW_i-iX_M60,iX I20,I20,iX M60,32CF,SUV,EUR,2021-07,2025-02
32EM-EUR-07-2021,32EM-EUR-07-2021-G07N-BMW-X7_M60iX,X7 G07 LCI,G07N,X7 M60iX,32EM,SUV,EUR,2021-07,2025-03
33EJ-USA-07-2021,33EJ-USA-07-2021-G70-BMW-760iX,7 Series G70,G70,760iX,33EJ,Sedan,USA,2021-07,2025-03
33EM-USA-07-2021,33EM-USA-07-2021-G07N-BMW-X7_M60iX,X7 G07 LCI,G07N,X7 M60iX,33EM,SUV,USA,2021-07,2025-03
33FF-USA-07-2021,33FF-USA-07-2021-G20N-BMW-330e,3 Series G20 Sedan LCI,G20N,330e,33FF,Sedan,USA,2021-07,2022-11
33FS-USA-07-2021,33FS-USA-07-2021-G20N-BMW-330eX,3 Series G20 Sedan LCI,G20N,330eX,33FS,Sedan,USA,2021-07,2023-04
41EM-EUR-07-2021,41EM-EUR-07-2021-G07N-BMW-BMW_ALPINA_XB7,X7 G07 LCI,G07N,BMW ALPINA XB7,41EM,SUV,EUR,2021-07,2025-02
41FF-EUR-07-2021,41FF-EUR-07-2021-G20N-BMW-M340iX,3 Series G20 Sedan LCI,G20N,M340iX,41FF,Sedan,EUR,2021-07,2025-03
41FH-EUR-07-2021,41FH-EUR-07-2021-G28N-BMW-325LiX,3 Series G28 Sedan LCI,G28N,325LiX,41FH,Sedan,EUR,2021-07,2024-08
41FT-EUR-07-2021,41FT-EUR-07-2021-G20N-BMW-BMW_ALPINA_B3,3 Series G20 Sedan LCI,G20N,BMW ALPINA B3,41FT,Sedan,EUR,2021-07,2025-03
41FU-EUR-07-2021,41FU-EUR-07-2021-G20N-BMW-320dX,3 Series G20 Sedan LCI,G20N,320dX,41FU,Sedan,EUR,2021-07,2025-03
41FY-EUR-07-2021,41FY-EUR-07-2021-G21N-BMW-320e,3 Series G21 Touring LCI,G21N,320e,41FY,Touring,EUR,2021-07,2024-06
41FZ-EUR-07-2021,41FZ-EUR-07-2021-G21N-BMW-330d,3 Series G21 Touring LCI,G21N,330d,41FZ,Touring,EUR,2021-07,2024-05
43EM-USA-07-2021,43EM-USA-07-2021-G07N-BMW-BMW_ALPINA_XB7,X7 G07 LCI,G07N,BMW ALPINA XB7,43EM,SUV,USA,2021-07,2025-03
43FF-USA-07-2021,43FF-USA-07-2021-G20N-BMW-M340iX,3 Series G20 Sedan LCI,G20N,M340iX,43FF,Sedan,USA,2021-07,2024-06
51AX-EUR-07-2021,51AX-EUR-07-2021-G26-BMW-430dX,4 Series G26 Gran Coupé,G26,430dX,51AX,Gran Coupé,EUR,2021-07,2024-05
51BX-EUR-07-2021,51BX-EUR-07-2021-U06-BMW-230eX,2 Series U06 Active Tourer,U06,230eX,51BX,Active Tourer,EUR,2021-07,2025-03
51BY-EUR-07-2021,51BY-EUR-07-2021-U06-BMW-223dX,2 Series U06 Active Tourer,U06,223dX,51BY,Active Tourer,EUR,2021-07,2025-03
51CD-EUR-07-2021,51CD-EUR-07-2021-G20N-BMW-330d,3 Series G20 Sedan LCI,G20N,330d,51CD,Sedan,EUR,2021-07,2024-03
51EE-EUR-07-2021,51EE-EUR-07-2021-U11-BMW-X1_20iX,X1 U11,U11,X1 20iX,51EE,SUV,EUR,2021-07,2025-03
51EG-EUR-07-2021,51EG-EUR-07-2021-U11-BMW-X1_23dX,X1 U11,U11,X1 23dX,51EG,SUV,EUR,2021-07,2025-03
51EJ-EUR-07-2021,51EJ-EUR-07-2021-G70-BMW-i7_xDrive60,7 Series G70,G70,i7 xDrive60,51EJ,Sedan,EUR,2021-07,2025-03
51FF-EUR-07-2021,51FF-EUR-07-2021-G20N-BMW-320i,3 Series G20 Sedan LCI,G20N,320i,51FF,Sedan,EUR,2021-07,2025-02
51FU-EUR-07-2021,51FU-EUR-07-2021-G20N-BMW-330dX,3 Series G20 Sedan LCI,G20N,330dX,51FU,Sedan,EUR,2021-07,2025-02
51FZ-EUR-07-2021,51FZ-EUR-07-2021-G21N-BMW-330dX,3 Series G21 Touring LCI,G21N,330dX,51FZ,Touring,EUR,2021-07,2025-03
52EG-EUR-07-2021,52EG-EUR-07-2021-U11-BMW-X1_23dX,X1 U11,U11,X1 23dX,52EG,SUV,EUR,2021-07,2025-03
53EJ-USA-07-2021,53EJ-USA-07-2021-G70-BMW-i7_xDrive60,7 Series G70,G70,i7 xDrive60,53EJ,Sedan,USA,2021-07,2025-03
54FF-EUR-07-2021,54FF-EUR-07-2021-G20N-BMW-325i,3 Series G20 Sedan LCI,G20N,325i,54FF,Sedan,EUR,2021-07,2025-03
5Z15-VNM-07-2021,5Z15-VNM-07-2021-G20-BMW-320i,3 Series G20 Sedan,G20,320i,5Z15,Sedan,VNM,2021-07,2022-02
5Z35-VNM-07-2021,5Z35-VNM-07-2021-G20-BMW-330i,3 Series G20 Sedan,G20,330i,5Z35,Sedan,VNM,2021-07,2022-03
61AW-EUR-07-2021,61AW-EUR-07-2021-G26-BMW-M440i,4 Series G26 Gran Coupé,G26,M440i,61AW,Gran Coupé,EUR,2021-07,2024-06
61AZ-EUR-07-2021,61AZ-EUR-07-2021-G82-BMW-M4_CSL,4 Series G82 M4 Coupé,G82,M4 CSL,61AZ,Coupe,EUR,2021-07,2023-02
61EE-EUR-07-2021,61EE-EUR-07-2021-U11-BMW-X1_23iX,X1 U11,U11,X1 23iX,61EE,SUV,EUR,2021-07,2025-03
61FF-EUR-07-2021,61FF-EUR-07-2021-G20N-BMW-330i,3 Series G20 Sedan LCI,G20N,330i,61FF,Sedan,EUR,2021-07,2025-02
61FY-EUR-07-2021,61FY-EUR-07-2021-G21N-BMW-330i,3 Series G21 Touring LCI,G21N,330i,61FY,Touring,EUR,2021-07,2025-02
63AW-USA-07-2021,63AW-USA-07-2021-G26-BMW-M440i,4 Series G26 Gran Coupé,G26,M440i,63AW,Gran Coupé,USA,2021-07,2024-06
63AZ-USA-07-2021,63AZ-USA-07-2021-G82-BMW-M4_CSL,4 Series G82 M4 Coupé,G82,M4 CSL,63AZ,Coupe,USA,2021-07,2023-02
63FF-USA-07-2021,63FF-USA-07-2021-G20N-BMW-330i,3 Series G20 Sedan LCI,G20N,330i,63FF,Sedan,USA,2021-07,2022-02
71CY-EUR-07-2021,71CY-EUR-07-2021-G21N-BMW-330eX,3 Series G21 Touring LCI,G21N,330eX,71CY,Touring,EUR,2021-07,2024-06
71FF-EUR-07-2021,71FF-EUR-07-2021-G20N-BMW-320iX,3 Series G20 Sedan LCI,G20N,320iX,71FF,Sedan,EUR,2021-07,2025-03
71FY-EUR-07-2021,71FY-EUR-07-2021-G21N-BMW-330iX,3 Series G21 Touring LCI,G21N,330iX,71FY,Touring,EUR,2021-07,2025-03
71FZ-EUR-07-2021,71FZ-EUR-07-2021-G21N-BMW-BMW_ALPINA_D3s,3 Series G21 Touring LCI,G21N,BMW ALPINA D3s,71FZ,Touring,EUR,2021-07,2025-02
73EF-USA-07-2021,73EF-USA-07-2021-U11-BMW-X1_28iX,X1 U11,U11,X1 28iX,73EF,SUV,USA,2021-07,2025-03
81CE-EUR-07-2021,81CE-EUR-07-2021-G21N-BMW-316d,3 Series G21 Touring LCI,G21N,316d,81CE,Touring,EUR,2021-07,2024-02
81FF-EUR-07-2021,81FF-EUR-07-2021-G20N-BMW-330iX,3 Series G20 Sedan LCI,G20N,330iX,81FF,Sedan,EUR,2021-07,2025-03
81FU-EUR-07-2021,81FU-EUR-07-2021-G20N-BMW-BMW_ALPINA_D3s,3 Series G20 Sedan LCI,G20N,BMW ALPINA D3s,81FU,Sedan,EUR,2021-07,2025-01
81FY-EUR-07-2021,81FY-EUR-07-2021-G21N-BMW-M340iX,3 Series G21 Touring LCI,G21N,M340iX,81FY,Touring,EUR,2021-07,2025-03
83FF-USA-07-2021,83FF-USA-07-2021-G20N-BMW-330iX,3 Series G20 Sedan LCI,G20N,330iX,83FF,Sedan,USA,2021-07,2023-04
11FH-EUR-08-2021,11FH-EUR-08-2021-G28N-BMW-320Ld,3 Series G28 Sedan LCI,G28N,320Ld,11FH,Sedan,EUR,2021-08,2024-10
11FU-EUR-08-2021,11FU-EUR-08-2021-G20N-BMW-316d,3 Series G20 Sedan LCI,G20N,316d,11FU,Sedan,EUR,2021-08,2023-01
16AK-IDN-08-2021,16AK-IDN-08-2021-F44-BMW-218i,2 Series F44 Gran Coupé,F44,218i,16AK,Gran Coupé,IDN,2021-08,2024-09
18DS-MYS-08-2021,18DS-MYS-08-2021-G01N-BMW-X3_20i,X3 G01 LCI,G01N,X3 20i,18DS,SUV,MYS,2021-08,2024-03
20FS-EUR-08-2021,20FS-EUR-08-2021-G20N-BMW-330e,3 Series G20 Sedan LCI,G20N,330e,20FS,Sedan,EUR,2021-08,2024-07
22EM-EUR-08-2021,22EM-EUR-08-2021-G07N-BMW-X7_40iX,X7 G07 LCI,G07N,X7 40iX,22EM,SUV,EUR,2021-08,2025-03
22FS-EUR-08-2021,22FS-EUR-08-2021-G20N-BMW-330e,3 Series G20 Sedan LCI,G20N,330e,22FS,Sedan,EUR,2021-08,2024-06
24DR-THA-08-2021,24DR-THA-08-2021-G01N-BMW-X3_20dX,X3 G01 LCI,G01N,X3 20dX,24DR,SUV,THA,2021-08,2024-01
31FA-EUR-08-2021,31FA-EUR-08-2021-G42-BMW-M240i,2 Series G42,G42,M240i,31FA,Coupe,EUR,2021-08,2025-01
31FF-EUR-08-2021,31FF-EUR-08-2021-G20N-BMW-330e,3 Series G20 Sedan LCI,G20N,330e,31FF,Sedan,EUR,2021-08,2024-06
31FH-EUR-08-2021,31FH-EUR-08-2021-G28N-BMW-325Li,3 Series G28 Sedan LCI,G28N,325Li,31FH,Sedan,EUR,2021-08,2025-03
33CM-USA-08-2021,33CM-USA-08-2021-G42-BMW-230iX,2 Series G42,G42,230iX,33CM,Coupe,USA,2021-08,2025-03
38DR-MYS-08-2021,38DR-MYS-08-2021-G01N-BMW-X3_20dX,X3 G01 LCI,G01N,X3 20dX,38DR,SUV,MYS,2021-08,2024-03
38DT-MYS-08-2021,38DT-MYS-08-2021-G02N-BMW-X4_30iX,X4 G02 LCI,G02N,X4 30iX,38DT,SAC,MYS,2021-08,2025-04
38FU-EUR-08-2021,38FU-EUR-08-2021-G20N-BMW-320d,3 Series G20 Sedan LCI,G20N,320d,38FU,Sedan,EUR,2021-08,2025-03
39FS-USA-08-2021,39FS-USA-08-2021-G20N-BMW-330eX,3 Series G20 Sedan LCI,G20N,330eX,39FS,Sedan,USA,2021-08,2024-07
41CM-EUR-08-2021,41CM-EUR-08-2021-G42-BMW-M240i,2 Series G42,G42,M240i,41CM,Coupe,EUR,2021-08,2024-07
43CM-USA-08-2021,43CM-USA-08-2021-G42-BMW-M240i,2 Series G42,G42,M240i,43CM,Coupe,USA,2021-08,2025-03
43FS-USA-08-2021,43FS-USA-08-2021-G20N-BMW-M340i,3 Series G20 Sedan LCI,G20N,M340i,43FS,Sedan,USA,2021-08,2022-04
47DS-IND-08-2021,47DS-IND-08-2021-G01N-BMW-X3_30iX,X3 G01 LCI,G01N,X3 30iX,47DS,SUV,IND,2021-08,2022-09
48DS-MYS-08-2021,48DS-MYS-08-2021-G01N-BMW-X3_30iX,X3 G01 LCI,G01N,X3 30iX,48DS,SUV,MYS,2021-08,2023-09
48FU-EUR-08-2021,48FU-EUR-08-2021-G20N-BMW-320dX,3 Series G20 Sedan LCI,G20N,320dX,48FU,Sedan,EUR,2021-08,2025-03
49FF-USA-08-2021,49FF-USA-08-2021-G20N-BMW-M340iX,3 Series G20 Sedan LCI,G20N,M340iX,49FF,Sedan,USA,2021-08,2024-07
51FH-EUR-08-2021,51FH-EUR-08-2021-G28N-BMW-320Li,3 Series G28 Sedan LCI,G28N,320Li,51FH,Sedan,EUR,2021-08,2024-07
51FY-EUR-08-2021,51FY-EUR-08-2021-G21N-BMW-320eX,3 Series G21 Touring LCI,G21N,320eX,51FY,Touring,EUR,2021-08,2024-06
52EE-EUR-08-2021,52EE-EUR-08-2021-U11-BMW-X1_20iX,X1 U11,U11,X1 20iX,52EE,SUV,EUR,2021-08,2025-03
61CM-EUR-08-2021,61CM-EUR-08-2021-G42-BMW-218i,2 Series G42,G42,218i,61CM,Coupe,EUR,2021-08,2025-03
61FU-EUR-08-2021,61FU-EUR-08-2021-G20N-BMW-M340dX,3 Series G20 Sedan LCI,G20N,M340dX,61FU,Sedan,EUR,2021-08,2025-01
61FZ-EUR-08-2021,61FZ-EUR-08-2021-G21N-BMW-M340dX,3 Series G21 Touring LCI,G21N,M340dX,61FZ,Touring,EUR,2021-08,2025-03
68FF-EUR-08-2021,68FF-EUR-08-2021-G20N-BMW-330i,3 Series G20 Sedan LCI,G20N,330i,68FF,Sedan,EUR,2021-08,2025-02
68FS-EUR-08-2021,68FS-EUR-08-2021-G20N-BMW-320i,3 Series G20 Sedan LCI,G20N,320i,68FS,Sedan,EUR,2021-08,2023-10
71FS-EUR-08-2021,71FS-EUR-08-2021-G20N-BMW-320i,3 Series G20 Sedan LCI,G20N,320i,71FS,Sedan,EUR,2021-08,2023-07
71FU-EUR-08-2021,71FU-EUR-08-2021-G20N-BMW-330dX,3 Series G20 Sedan LCI,G20N,330dX,71FU,Sedan,EUR,2021-08,2021-11
80DT-BRA-08-2021,80DT-BRA-08-2021-G02N-BMW-X4_30iX,X4 G02 LCI,G02N,X4 30iX,80DT,SAC,BRA,2021-08,2024-07
81CY-EUR-08-2021,81CY-EUR-08-2021-G21N-BMW-330e,3 Series G21 Touring LCI,G21N,330e,81CY,Touring,EUR,2021-08,2024-06
88FF-EUR-08-2021,88FF-EUR-08-2021-G20N-BMW-330iX,3 Series G20 Sedan LCI,G20N,330iX,88FF,Sedan,EUR,2021-08,2025-03
89FF-USA-08-2021,89FF-USA-08-2021-G20N-BMW-330iX,3 Series G20 Sedan LCI,G20N,330iX,89FF,Sedan,USA,2021-08,2024-07
JU84-THA-08-2021,JU84-THA-08-2021-G05-BMW-X5_30dX,X5 G05,G05,X5 30dX,JU84,SUV,THA,2021-08,2023-03
TB44-THA-08-2021,TB44-THA-08-2021-G07-BMW-X7_40dX,X7 G07,G07,X7 40dX,TB44,SUV,THA,2021-08,2022-07
11DM-EUR-09-2021,11DM-EUR-09-2021-G87-BMW-M2,2 Series G87 M2,G87,M2,11DM,Coupe,EUR,2021-09,2024-07
11GB-EUR-09-2021,11GB-EUR-09-2021-G81-BMW-M3_Comp_M_xDrive,3 Series G81 M3 Touring,G81,M3 Comp. M xDrive,11GB,Touring,EUR,2021-09,2024-06
11GL-EUR-09-2021,11GL-EUR-09-2021-G21N-BMW-BMW_ALPINA_B3,3 Series G21 Touring LCI,G21N,BMW ALPINA B3,11GL,Touring,EUR,2021-09,2025-02
12EH-EUR-09-2021,12EH-EUR-09-2021-G70-BMW-735i,7 Series G70,G70,735i,12EH,Sedan,EUR,2021-09,2025-02
12GB-EUR-09-2021,12GB-EUR-09-2021-G81-BMW-M3_Comp_M_xDrive,3 Series G81 M3 Touring,G81,M3 Comp. M xDrive,12GB,Touring,EUR,2021-09,2024-06
13DM-USA-09-2021,13DM-USA-09-2021-G87-BMW-M2,2 Series G87 M2,G87,M2,13DM,Coupe,USA,2021-09,2024-07
21FR-EUR-09-2021,21FR-EUR-09-2021-G26-BMW-BMW_ALPINA_D4s,4 Series G26 Gran Coupé,G26,BMW ALPINA D4s,21FR,Gran Coupé,EUR,2021-09,2024-03
23CS-USA-09-2021,23CS-USA-09-2021-G09-BMW-XM,XM G09,G09,XM,23CS,SAC,USA,2021-09,2025-03
27DR-IND-09-2021,27DR-IND-09-2021-G01N-BMW-X3_20dX,X3 G01 LCI,G01N,X3 20dX,27DR,SUV,IND,2021-09,2024-06
28CA-MYS-09-2021,28CA-MYS-09-2021-G02N-BMW-X4_20dX,X4 G02 LCI,G02N,X4 20dX,28CA,SAC,MYS,2021-09,2025-04
30FS-EUR-09-2021,30FS-EUR-09-2021-G20N-BMW-330eX,3 Series G20 Sedan LCI,G20N,330eX,30FS,Sedan,EUR,2021-09,2024-06
30FU-EUR-09-2021,30FU-EUR-09-2021-G20N-BMW-320d,3 Series G20 Sedan LCI,G20N,320d,30FU,Sedan,EUR,2021-09,2025-03
31EE-EUR-09-2021,31EE-EUR-09-2021-U11-BMW-X1_20i,X1 U11,U11,X1 20i,31EE,SUV,EUR,2021-09,2025-03
31EF-EUR-09-2021,31EF-EUR-09-2021-U11-BMW-X1_30eX,X1 U11,U11,X1 30eX,31EF,SUV,EUR,2021-09,2025-03
32EE-EUR-09-2021,32EE-EUR-09-2021-U11-BMW-X1_20i,X1 U11,U11,X1 20i,32EE,SUV,EUR,2021-09,2025-03
38FS-EUR-09-2021,38FS-EUR-09-2021-G20N-BMW-330eX,3 Series G20 Sedan LCI,G20N,330eX,38FS,Sedan,EUR,2021-09,2024-07
39FF-USA-09-2021,39FF-USA-09-2021-G20N-BMW-330e,3 Series G20 Sedan LCI,G20N,330e,39FF,Sedan,USA,2021-09,2024-07
41AW-EUR-09-2021,41AW-EUR-09-2021-G26E-BMW_i-i4_eDrive35,i4 G26 Gran Coupé,G26E,i4 eDrive35,41AW,Gran Coupé,EUR,2021-09,2024-06
41EE-EUR-09-2021,41EE-EUR-09-2021-U11-BMW-X1_20i,X1 U11,U11,X1 20i,41EE,SUV,EUR,2021-09,2025-03
41EG-EUR-09-2021,41EG-EUR-09-2021-U11-BMW-X1_20dX,X1 U11,U11,X1 20dX,41EG,SUV,EUR,2021-09,2025-03
42AW-EUR-09-2021,42AW-EUR-09-2021-G26E-BMW_i-i4_eDrive35,i4 G26 Gran Coupé,G26E,i4 eDrive35,42AW,Gran Coupé,EUR,2021-09,2024-06
43AW-USA-09-2021,43AW-USA-09-2021-G26E-BMW_i-i4_eDrive35,i4 G26 Gran Coupé,G26E,i4 eDrive35,43AW,Gran Coupé,USA,2021-09,2024-06
51FS-EUR-09-2021,51FS-EUR-09-2021-G20N-BMW-320i_16,3 Series G20 Sedan LCI,G20N,320i 1.6,51FS,Sedan,EUR,2021-09,2025-03
52AX-EUR-09-2021,52AX-EUR-09-2021-G26-BMW-430dX,4 Series G26 Gran Coupé,G26,430dX,52AX,Gran Coupé,EUR,2021-09,2023-02
52BX-EUR-09-2021,52BX-EUR-09-2021-U06-BMW-230eX,2 Series U06 Active Tourer,U06,230eX,52BX,Active Tourer,EUR,2021-09,2025-03
52BY-EUR-09-2021,52BY-EUR-09-2021-U06-BMW-223dX,2 Series U06 Active Tourer,U06,223dX,52BY,Active Tourer,EUR,2021-09,2022-04
55DS-VNM-09-2021,55DS-VNM-09-2021-G01N-BMW-X3_30iX,X3 G01 LCI,G01N,X3 30iX,55DS,SUV,VNM,2021-09,2024-07
60DS-BRA-09-2021,60DS-BRA-09-2021-G01N-BMW-X3_M40iX,X3 G01 LCI,G01N,X3 M40iX,60DS,SUV,BRA,2021-09,2024-06
61EF-EUR-09-2021,61EF-EUR-09-2021-U11-BMW-iX1_xDrive30,X1 U11,U11,iX1 xDrive30,61EF,SUV,EUR,2021-09,2025-03
62EE-EUR-09-2021,62EE-EUR-09-2021-U11-BMW-X1_23iX,X1 U11,U11,X1 23iX,62EE,SUV,EUR,2021-09,2025-03
68FU-EUR-09-2021,68FU-EUR-09-2021-G20N-BMW-M340dX,3 Series G20 Sedan LCI,G20N,M340dX,68FU,Sedan,EUR,2021-09,2025-03
74DS-THA-09-2021,74DS-THA-09-2021-G01N-BMW-X3_30eX,X3 G01 LCI,G01N,X3 30eX,74DS,SUV,THA,2021-09,2024-01
82AW-EUR-09-2021,82AW-EUR-09-2021-G26-BMW-BMW_ALPINA_B4,4 Series G26 Gran Coupé,G26,BMW ALPINA B4,82AW,Gran Coupé,EUR,2021-09,2024-03
12FY-EUR-10-2021,12FY-EUR-10-2021-G21N-BMW-318i,3 Series G21 Touring LCI,G21N,318i,12FY,Touring,EUR,2021-10,2025-03
15DS-VNM-10-2021,15DS-VNM-10-2021-G01N-BMW-X3_20i,X3 G01 LCI,G01N,X3 20i,15DS,SUV,VNM,2021-10,2024-07
16DS-IDN-10-2021,16DS-IDN-10-2021-G01N-BMW-X3_20i,X3 G01 LCI,G01N,X3 20i,16DS,SUV,IDN,2021-10,2024-07
21CS-EUR-10-2021,21CS-EUR-10-2021-G09-BMW-XM,XM G09,G09,XM,21CS,SAC,EUR,2021-10,2025-03
21EJ-EUR-10-2021,21EJ-EUR-10-2021-G70-BMW-740dX,7 Series G70,G70,740dX,21EJ,Sedan,EUR,2021-10,2025-03
22CS-EUR-10-2021,22CS-EUR-10-2021-G09-BMW-XM,XM G09,G09,XM,22CS,SAC,EUR,2021-10,2025-03
22FF-EUR-10-2021,22FF-EUR-10-2021-G20N-BMW-318i,3 Series G20 Sedan LCI,G20N,318i,22FF,Sedan,EUR,2021-10,2025-02
22FY-EUR-10-2021,22FY-EUR-10-2021-G21N-BMW-320i,3 Series G21 Touring LCI,G21N,320i,22FY,Touring,EUR,2021-10,2025-03
24FF-EUR-10-2021,24FF-EUR-10-2021-G20N-BMW-320i,3 Series G20 Sedan LCI,G20N,320i,24FF,Sedan,EUR,2021-10,2024-07
31FT-EUR-10-2021,31FT-EUR-10-2021-G20N-BMW-320e,3 Series G20 Sedan LCI,G20N,320e,31FT,Sedan,EUR,2021-10,2021-10
31FY-EUR-10-2021,31FY-EUR-10-2021-G21N-BMW-320i,3 Series G21 Touring LCI,G21N,320i,31FY,Touring,EUR,2021-10,2024-06
32EF-EUR-10-2021,32EF-EUR-10-2021-U11-BMW-X1_30eX,X1 U11,U11,X1 30eX,32EF,SUV,EUR,2021-10,2025-03
32FH-EUR-10-2021,32FH-EUR-10-2021-G28N-BMW-320Li,3 Series G28 Sedan LCI,G28N,320Li,32FH,Sedan,EUR,2021-10,2024-08
32FU-EUR-10-2021,32FU-EUR-10-2021-G20N-BMW-320d,3 Series G20 Sedan LCI,G20N,320d,32FU,Sedan,EUR,2021-10,2025-02
32FZ-EUR-10-2021,32FZ-EUR-10-2021-G21N-BMW-320dX,3 Series G21 Touring LCI,G21N,320dX,32FZ,Touring,EUR,2021-10,2025-03
37DT-IND-10-2021,37DT-IND-10-2021-G02N-BMW-X4_30iX,X4 G02 LCI,G02N,X4 30iX,37DT,SAC,IND,2021-10,2022-07
40DT-BRA-10-2021,40DT-BRA-10-2021-G02N-BMW-X4_M40iX,X4 G02 LCI,G02N,X4 M40iX,40DT,SAC,BRA,2021-10,2024-06
41EH-EUR-10-2021,41EH-EUR-10-2021-G70-BMW-750eX,7 Series G70,G70,750eX,41EH,Sedan,EUR,2021-10,2025-03
41FS-EUR-10-2021,41FS-EUR-10-2021-G20N-BMW-M340i,3 Series G20 Sedan LCI,G20N,M340i,41FS,Sedan,EUR,2021-10,2024-06
42FF-EUR-10-2021,42FF-EUR-10-2021-G20N-BMW-M340iX,3 Series G20 Sedan LCI,G20N,M340iX,42FF,Sedan,EUR,2021-10,2025-03
42FU-EUR-10-2021,42FU-EUR-10-2021-G20N-BMW-320dX,3 Series G20 Sedan LCI,G20N,320dX,42FU,Sedan,EUR,2021-10,2025-03
46DS-IDN-10-2021,46DS-IDN-10-2021-G01N-BMW-X3_30iX,X3 G01 LCI,G01N,X3 30iX,46DS,SUV,IDN,2021-10,2024-07
51EH-EUR-10-2021,51EH-EUR-10-2021-G70-BMW-M760eX,7 Series G70,G70,M760eX,51EH,Sedan,EUR,2021-10,2025-03
52EJ-EUR-10-2021,52EJ-EUR-10-2021-G70-BMW-i7_xDrive60,7 Series G70,G70,i7 xDrive60,52EJ,Sedan,EUR,2021-10,2025-03
52FF-EUR-10-2021,52FF-EUR-10-2021-G20N-BMW-320i,3 Series G20 Sedan LCI,G20N,320i,52FF,Sedan,EUR,2021-10,2025-03
57CA-IND-10-2021,57CA-IND-10-2021-G02N-BMW-X4_30dX,X4 G02 LCI,G02N,X4 30dX,57CA,SAC,IND,2021-10,2022-07
61FS-EUR-10-2021,61FS-EUR-10-2021-G20N-BMW-320i,3 Series G20 Sedan LCI,G20N,320i,61FS,Sedan,EUR,2021-10,2024-06
62AZ-EUR-10-2021,62AZ-EUR-10-2021-G82-BMW-M4_CSL,4 Series G82 M4 Coupé,G82,M4 CSL,62AZ,Coupe,EUR,2021-10,2023-02
62EF-EUR-10-2021,62EF-EUR-10-2021-U11-BMW-iX1_xDrive30,X1 U11,U11,iX1 xDrive30,62EF,SUV,EUR,2021-10,2025-03
62FF-EUR-10-2021,62FF-EUR-10-2021-G20N-BMW-330i,3 Series G20 Sedan LCI,G20N,330i,62FF,Sedan,EUR,2021-10,2024-10
64FF-EUR-10-2021,64FF-EUR-10-2021-G20N-BMW-330i,3 Series G20 Sedan LCI,G20N,330i,64FF,Sedan,EUR,2021-10,2025-03
78DS-MYS-10-2021,78DS-MYS-10-2021-G01N-BMW-X3_30eX,X3 G01 LCI,G01N,X3 30eX,78DS,SUV,MYS,2021-10,2024-01
82FY-EUR-10-2021,82FY-EUR-10-2021-G21N-BMW-M340iX,3 Series G21 Touring LCI,G21N,M340iX,82FY,Touring,EUR,2021-10,2025-03
11BX-EUR-11-2021,11BX-EUR-11-2021-U06-BMW-216i,2 Series U06 Active Tourer,U06,216i,11BX,Active Tourer,EUR,2021-11,2025-03
11FX-EUR-11-2021,11FX-EUR-11-2021-U12-BMW-X1_20Li,X1L U12,U12,X1 20Li,11FX,SUV,EUR,2021-11,2024-07
12BX-EUR-11-2021,12BX-EUR-11-2021-U06-BMW-216i,2 Series U06 Active Tourer,U06,216i,12BX,Active Tourer,EUR,2021-11,2025-03
12DM-EUR-11-2021,12DM-EUR-11-2021-G87-BMW-M2,2 Series G87 M2,G87,M2,12DM,Coupe,EUR,2021-11,2024-07
22EJ-EUR-11-2021,22EJ-EUR-11-2021-G70-BMW-740dX,7 Series G70,G70,740dX,22EJ,Sedan,EUR,2021-11,2025-02
22FZ-EUR-11-2021,22FZ-EUR-11-2021-G21N-BMW-320d,3 Series G21 Touring LCI,G21N,320d,22FZ,Touring,EUR,2021-11,2024-06
31FX-EUR-11-2021,31FX-EUR-11-2021-U12-BMW-X1_25Li,X1L U12,U12,X1 25Li,31FX,SUV,EUR,2021-11,2025-03
40FF-EUR-11-2021,40FF-EUR-11-2021-G20N-BMW-M340iX,3 Series G20 Sedan LCI,G20N,M340iX,40FF,Sedan,EUR,2021-11,2025-03
41FX-EUR-11-2021,41FX-EUR-11-2021-U12-BMW-X1_25LiX,X1L U12,U12,X1 25LiX,41FX,SUV,EUR,2021-11,2025-03
42EH-EUR-11-2021,42EH-EUR-11-2021-G70-BMW-750eX,7 Series G70,G70,750eX,42EH,Sedan,EUR,2021-11,2025-02
43EH-USA-11-2021,43EH-USA-11-2021-G70-BMW-750eX,7 Series G70,G70,750eX,43EH,Sedan,USA,2021-11,2025-03
48FF-EUR-11-2021,48FF-EUR-11-2021-G20N-BMW-M340iX,3 Series G20 Sedan LCI,G20N,M340iX,48FF,Sedan,EUR,2021-11,2025-03
51EK-EUR-11-2021,51EK-EUR-11-2021-G73-BMW-760iX_Protection,7 Series G73,G73,760iX Protection,51EK,Sedan,EUR,2021-11,2025-02
58CD-EUR-11-2021,58CD-EUR-11-2021-G20N-BMW-330d,3 Series G20 Sedan LCI,G20N,330d,58CD,Sedan,EUR,2021-11,2024-05
62EG-EUR-11-2021,62EG-EUR-11-2021-U11-BMW-X1_16i,X1 U11,U11,X1 16i,62EG,SUV,EUR,2021-11,2025-03
81BX-EUR-11-2021,81BX-EUR-11-2021-U06-BMW-220i,2 Series U06 Active Tourer,U06,220i,81BX,Active Tourer,EUR,2021-11,2025-03
15DD-VNM-12-2021,15DD-VNM-12-2021-G30N-BMW-520i,5 Series G30 LCI,G30N,520i,15DD,Sedan,VNM,2021-12,2023-05
40FU-EUR-12-2021,40FU-EUR-12-2021-G20N-BMW-320dX,3 Series G20 Sedan LCI,G20N,320dX,40FU,Sedan,EUR,2021-12,2025-03
69FF-USA-12-2021,69FF-USA-12-2021-G20N-BMW-330i,3 Series G20 Sedan LCI,G20N,330i,69FF,Sedan,USA,2021-12,2024-07
81CZ-EUR-12-2021,81CZ-EUR-12-2021-G28E-BMW_i-i3_eDrive40L,i3L G28 BEV Sedan,G28E,i3 eDrive40L,81CZ,Sedan,EUR,2021-12,2025-03
CY64-THA-12-2021,CY64-THA-12-2021-G06-BMW-X6_40iX,X6 G06,G06,X6 40iX,CY64,SAC,THA,2021-12,2023-03
22FR-EUR-01-2022,22FR-EUR-01-2022-G26-BMW-BMW_ALPINA_D4s,4 Series G26 Gran Coupé,G26,BMW ALPINA D4s,22FR,Gran Coupé,EUR,2022-01,2024-02
23EU-USA-01-2022,23EU-USA-01-2022-G05N-BMW-X5_40iX,X5 G05 LCI,G05N,X5 40iX,23EU,SUV,USA,2022-01,2025-03
32FS-EUR-01-2022,32FS-EUR-01-2022-G20N-BMW-330eX,3 Series G20 Sedan LCI,G20N,330eX,32FS,Sedan,EUR,2022-01,2022-01
41EX-EUR-01-2022,41EX-EUR-01-2022-G06N-BMW-X6_M60iX,X6 G06 LCI,G06N,X6 M60iX,41EX,SAC,EUR,2022-01,2025-03
43EU-USA-01-2022,43EU-USA-01-2022-G05N-BMW-X5_50eX,X5 G05 LCI,G05N,X5 50eX,43EU,SUV,USA,2022-01,2025-03
62FZ-EUR-01-2022,62FZ-EUR-01-2022-G21N-BMW-M340dX,3 Series G21 Touring LCI,G21N,M340dX,62FZ,Touring,EUR,2022-01,2024-05
72CY-EUR-01-2022,72CY-EUR-01-2022-G21N-BMW-330eX,3 Series G21 Touring LCI,G21N,330eX,72CY,Touring,EUR,2022-01,2024-06
TA85-VNM-01-2022,TA85-VNM-01-2022-G05-BMW-X5_40iX,X5 G05,G05,X5 40iX,TA85,SUV,VNM,2022-01,2022-11
11ET-EUR-02-2022,11ET-EUR-02-2022-F95N-BMW-X5_M_Comp,X5 M F95 LCI,F95N,X5 M Comp.,11ET,SUV,EUR,2022-02,2025-03
11EV-EUR-02-2022,11EV-EUR-02-2022-G05N-BMW-X5_30dX,X5 G05 LCI,G05N,X5 30dX,11EV,SUV,EUR,2022-02,2025-03
11EX-EUR-02-2022,11EX-EUR-02-2022-G06N-BMW-X6_30iX,X6 G06 LCI,G06N,X6 30iX,11EX,SAC,EUR,2022-02,2025-02
11EY-EUR-02-2022,11EY-EUR-02-2022-G06N-BMW-X6_30dX,X6 G06 LCI,G06N,X6 30dX,11EY,SAC,EUR,2022-02,2025-03
13ET-USA-02-2022,13ET-USA-02-2022-F95N-BMW-X5_M_Comp,X5 M F95 LCI,F95N,X5 M Comp.,13ET,SUV,USA,2022-02,2025-03
13EU-USA-02-2022,13EU-USA-02-2022-G05N-BMW-X5_40i,X5 G05 LCI,G05N,X5 40i,13EU,SUV,USA,2022-02,2025-03
21ET-EUR-02-2022,21ET-EUR-02-2022-F96N-BMW-X6_M_Comp,X6 M F96 LCI,F96N,X6 M Comp.,21ET,SAC,EUR,2022-02,2025-03
21EU-EUR-02-2022,21EU-EUR-02-2022-G05N-BMW-X5_40iX,X5 G05 LCI,G05N,X5 40iX,21EU,SUV,EUR,2022-02,2025-03
23ET-USA-02-2022,23ET-USA-02-2022-F96N-BMW-X6_M_Comp,X6 M F96 LCI,F96N,X6 M Comp.,23ET,SAC,USA,2022-02,2025-03
31EU-EUR-02-2022,31EU-EUR-02-2022-G05N-BMW-X5_M60iX,X5 G05 LCI,G05N,X5 M60iX,31EU,SUV,EUR,2022-02,2025-03
32EU-EUR-02-2022,32EU-EUR-02-2022-G05N-BMW-X5_M60iX,X5 G05 LCI,G05N,X5 M60iX,32EU,SUV,EUR,2022-02,2025-03
33EU-USA-02-2022,33EU-USA-02-2022-G05N-BMW-X5_M60iX,X5 G05 LCI,G05N,X5 M60iX,33EU,SUV,USA,2022-02,2025-03
33EX-USA-02-2022,33EX-USA-02-2022-G06N-BMW-X6_40iX,X6 G06 LCI,G06N,X6 40iX,33EX,SAC,USA,2022-02,2025-03
41EJ-EUR-02-2022,41EJ-EUR-02-2022-G70-BMW-i7_eDrive50,7 Series G70,G70,i7 eDrive50,41EJ,Sedan,EUR,2022-02,2025-03
41EU-EUR-02-2022,41EU-EUR-02-2022-G05N-BMW-X5_50eX,X5 G05 LCI,G05N,X5 50eX,41EU,SUV,EUR,2022-02,2025-03
42EM-EUR-02-2022,42EM-EUR-02-2022-G07N-BMW-BMW_ALPINA_XB7,X7 G07 LCI,G07N,BMW ALPINA XB7,42EM,SUV,EUR,2022-02,2025-02
49FS-USA-02-2022,49FS-USA-02-2022-G20N-BMW-M340i,3 Series G20 Sedan LCI,G20N,M340i,49FS,Sedan,USA,2022-02,2024-07
58FU-EUR-02-2022,58FU-EUR-02-2022-G20N-BMW-330dX,3 Series G20 Sedan LCI,G20N,330dX,58FU,Sedan,EUR,2022-02,2025-03
61AY-EUR-02-2022,61AY-EUR-02-2022-G80-BMW-M3_CS,3 Series G80 M3,G80,M3 CS,61AY,Sedan,EUR,2022-02,2024-02
63AY-USA-02-2022,63AY-USA-02-2022-G80-BMW-M3_CS,3 Series G80 M3,G80,M3 CS,63AY,Sedan,USA,2022-02,2024-02
12ET-EUR-03-2022,12ET-EUR-03-2022-F95N-BMW-X5_M_Comp,X5 M F95 LCI,F95N,X5 M Comp.,12ET,SUV,EUR,2022-03,2025-03
12EV-EUR-03-2022,12EV-EUR-03-2022-G05N-BMW-X5_30dX,X5 G05 LCI,G05N,X5 30dX,12EV,SUV,EUR,2022-03,2025-03
21EF-EUR-03-2022,21EF-EUR-03-2022-U11-BMW-X1_25eX,X1 U11,U11,X1 25eX,21EF,SUV,EUR,2022-03,2025-03
22ET-EUR-03-2022,22ET-EUR-03-2022-F96N-BMW-X6_M_Comp,X6 M F96 LCI,F96N,X6 M Comp.,22ET,SAC,EUR,2022-03,2025-03
22EU-EUR-03-2022,22EU-EUR-03-2022-G05N-BMW-X5_40iX,X5 G05 LCI,G05N,X5 40iX,22EU,SUV,EUR,2022-03,2025-03
42EG-EUR-03-2022,42EG-EUR-03-2022-U11-BMW-X1_20dX,X1 U11,U11,X1 20dX,42EG,SUV,EUR,2022-03,2025-03
42FT-EUR-03-2022,42FT-EUR-03-2022-G20N-BMW-BMW_ALPINA_B3,3 Series G20 Sedan LCI,G20N,BMW ALPINA B3,42FT,Sedan,EUR,2022-03,2025-03
52EH-EUR-03-2022,52EH-EUR-03-2022-G70-BMW-M760eX,7 Series G70,G70,M760eX,52EH,Sedan,EUR,2022-03,2025-02
62AY-EUR-03-2022,62AY-EUR-03-2022-G80-BMW-M3_CS,3 Series G80 M3,G80,M3 CS,62AY,Sedan,EUR,2022-03,2024-01
62CM-EUR-03-2022,62CM-EUR-03-2022-G42-BMW-218i,2 Series G42,G42,218i,62CM,Coupe,EUR,2022-03,2024-09
82FU-EUR-03-2022,82FU-EUR-03-2022-G20N-BMW-BMW_ALPINA_D3s,3 Series G20 Sedan LCI,G20N,BMW ALPINA D3s,82FU,Sedan,EUR,2022-03,2025-02
18FU-EUR-04-2022,18FU-EUR-04-2022-G20N-BMW-316d,3 Series G20 Sedan LCI,G20N,316d,18FU,Sedan,EUR,2022-04,2024-03
20FF-EUR-04-2022,20FF-EUR-04-2022-G20N-BMW-318i,3 Series G20 Sedan LCI,G20N,318i,20FF,Sedan,EUR,2022-04,2025-03
28FF-EUR-04-2022,28FF-EUR-04-2022-G20N-BMW-318i,3 Series G20 Sedan LCI,G20N,318i,28FF,Sedan,EUR,2022-04,2025-03
31EX-EUR-04-2022,31EX-EUR-04-2022-G06N-BMW-X6_40iX,X6 G06 LCI,G06N,X6 40iX,31EX,SAC,EUR,2022-04,2025-03
42EU-EUR-04-2022,42EU-EUR-04-2022-G05N-BMW-X5_50eX,X5 G05 LCI,G05N,X5 50eX,42EU,SUV,EUR,2022-04,2025-03
43EX-USA-04-2022,43EX-USA-04-2022-G06N-BMW-X6_M60iX,X6 G06 LCI,G06N,X6 M60iX,43EX,SAC,USA,2022-04,2025-03
51FX-EUR-04-2022,51FX-EUR-04-2022-U12-BMW-iX1_xDrive30L,X1L U12,U12,iX1 xDrive30L,51FX,SUV,EUR,2022-04,2025-03
11EF-EUR-05-2022,11EF-EUR-05-2022-U11-BMW-X1_M35iX,X1 U11,U11,X1 M35iX,11EF,SUV,EUR,2022-05,2025-03
11EJ-EUR-05-2022,11EJ-EUR-05-2022-G70-BMW-740d,7 Series G70,G70,740d,11EJ,Sedan,EUR,2022-05,2023-05
13EF-USA-05-2022,13EF-USA-05-2022-U11-BMW-X1_M35iX,X1 U11,U11,X1 M35iX,13EF,SUV,USA,2022-05,2025-03
31EH-EUR-05-2022,31EH-EUR-05-2022-G70-BMW-740iX,7 Series G70,G70,740iX,31EH,Sedan,EUR,2022-05,2025-03
33EH-USA-05-2022,33EH-USA-05-2022-G70-BMW-740iX,7 Series G70,G70,740iX,33EH,Sedan,USA,2022-05,2025-03
43EJ-USA-05-2022,43EJ-USA-05-2022-G70-BMW-i7_eDrive50,7 Series G70,G70,i7 eDrive50,43EJ,Sedan,USA,2022-05,2025-03
81AZ-EUR-05-2022,81AZ-EUR-05-2022-G82-BMW-30_CSL,4 Series G82 M4 Coupé,G82,3.0 CSL,81AZ,Coupe,EUR,2022-05,2023-02
81EH-EUR-05-2022,81EH-EUR-05-2022-G70-BMW-i7_M70_xDrive,7 Series G70,G70,i7 M70 xDrive,81EH,Sedan,EUR,2022-05,2025-02
83EH-USA-05-2022,83EH-USA-05-2022-G70-BMW-i7_M70_xDrive,7 Series G70,G70,i7 M70 xDrive,83EH,Sedan,USA,2022-05,2025-02
11CS-EUR-06-2022,11CS-EUR-06-2022-G09-BMW-XM_50e,XM G09,G09,XM 50e,11CS,SAC,EUR,2022-06,2025-03
11FJ-EUR-06-2022,11FJ-EUR-06-2022-G60-BMW-520i,5 Series G60 Sedan,G60,520i,11FJ,Sedan,EUR,2022-06,2025-03
12CS-EUR-06-2022,12CS-EUR-06-2022-G09-BMW-XM_50e,XM G09,G09,XM 50e,12CS,SAC,EUR,2022-06,2025-03
12GL-EUR-06-2022,12GL-EUR-06-2022-G21N-BMW-BMW_ALPINA_B3,3 Series G21 Touring LCI,G21N,BMW ALPINA B3,12GL,Touring,EUR,2022-06,2025-03
18FS-EUR-06-2022,18FS-EUR-06-2022-G20N-BMW-320e,3 Series G20 Sedan LCI,G20N,320e,18FS,Sedan,EUR,2022-06,2024-07
21EV-EUR-06-2022,21EV-EUR-06-2022-G05N-BMW-X5_40dX,X5 G05 LCI,G05N,X5 40dX,21EV,SUV,EUR,2022-06,2025-03
21EY-EUR-06-2022,21EY-EUR-06-2022-G06N-BMW-X6_40dX,X6 G06 LCI,G06N,X6 40dX,21EY,SAC,EUR,2022-06,2025-03
21FL-EUR-06-2022,21FL-EUR-06-2022-G60-BMW-520dX,5 Series G60 Sedan,G60,520dX,21FL,Sedan,EUR,2022-06,2025-03
28FU-EUR-06-2022,28FU-EUR-06-2022-G20N-BMW-318d,3 Series G20 Sedan LCI,G20N,318d,28FU,Sedan,EUR,2022-06,2025-03
31CS-EUR-06-2022,31CS-EUR-06-2022-G09-BMW-XM_Label,XM G09,G09,XM Label,31CS,SAC,EUR,2022-06,2025-03
31EP-EUR-06-2022,31EP-EUR-06-2022-G18N-BMW-X5_30LiX,X5L G18 LCI,G18N,X5 30LiX,31EP,SUV,EUR,2022-06,2025-03
31FK-EUR-06-2022,31FK-EUR-06-2022-G60-BMW-i5_eDrive40,5 Series G60 Sedan,G60,i5 eDrive40,31FK,Sedan,EUR,2022-06,2025-02
32FK-EUR-06-2022,32FK-EUR-06-2022-G60-BMW-i5_eDrive40,5 Series G60 Sedan,G60,i5 eDrive40,32FK,Sedan,EUR,2022-06,2025-02
33CS-USA-06-2022,33CS-USA-06-2022-G09-BMW-XM_Label,XM G09,G09,XM Label,33CS,SAC,USA,2022-06,2025-03
41EP-EUR-06-2022,41EP-EUR-06-2022-G18N-BMW-X5_40LiX,X5L G18 LCI,G18N,X5 40LiX,41EP,SUV,EUR,2022-06,2025-03
43FJ-USA-06-2022,43FJ-USA-06-2022-G60-BMW-530i,5 Series G60 Sedan,G60,530i,43FJ,Sedan,USA,2022-06,2025-03
53FJ-USA-06-2022,53FJ-USA-06-2022-G60-BMW-530iX,5 Series G60 Sedan,G60,530iX,53FJ,Sedan,USA,2022-06,2025-03
60FF-EUR-06-2022,60FF-EUR-06-2022-G20N-BMW-330i,3 Series G20 Sedan LCI,G20N,330i,60FF,Sedan,EUR,2022-06,2025-03
62FY-EUR-06-2022,62FY-EUR-06-2022-G21N-BMW-330i,3 Series G21 Touring LCI,G21N,330i,62FY,Touring,EUR,2022-06,2025-03
70FF-EUR-06-2022,70FF-EUR-06-2022-G20N-BMW-320iX,3 Series G20 Sedan LCI,G20N,320iX,70FF,Sedan,EUR,2022-06,2024-05
82CY-EUR-06-2022,82CY-EUR-06-2022-G21N-BMW-330e,3 Series G21 Touring LCI,G21N,330e,82CY,Touring,EUR,2022-06,2024-07
11FL-EUR-07-2022,11FL-EUR-07-2022-G60-BMW-520d,5 Series G60 Sedan,G60,520d,11FL,Sedan,EUR,2022-07,2025-03
12FJ-EUR-07-2022,12FJ-EUR-07-2022-G60-BMW-520i,5 Series G60 Sedan,G60,520i,12FJ,Sedan,EUR,2022-07,2025-03
21FJ-EUR-07-2022,21FJ-EUR-07-2022-G60-BMW-520i,5 Series G60 Sedan,G60,520i,21FJ,Sedan,EUR,2022-07,2025-03
22EF-EUR-07-2022,22EF-EUR-07-2022-U11-BMW-X1_25eX,X1 U11,U11,X1 25eX,22EF,SUV,EUR,2022-07,2025-03
24EE-THA-07-2022,24EE-THA-07-2022-U11-BMW-X1_18i,X1 U11,U11,X1 18i,24EE,SUV,THA,2022-07,2023-02
30FV-BRA-07-2022,30FV-BRA-07-2022-G20N-BMW-320i,3 Series G20 Sedan LCI,G20N,320i,30FV,Sedan,BRA,2022-07,2025-04
32EX-EUR-07-2022,32EX-EUR-07-2022-G06N-BMW-X6_40iX,X6 G06 LCI,G06N,X6 40iX,32EX,SAC,EUR,2022-07,2025-03
33FK-USA-07-2022,33FK-USA-07-2022-G60-BMW-i5_eDrive40,5 Series G60 Sedan,G60,i5 eDrive40,33FK,Sedan,USA,2022-07,2025-02
36FV-IDN-07-2022,36FV-IDN-07-2022-G20N-BMW-320i,3 Series G20 Sedan LCI,G20N,320i,36FV,Sedan,IDN,2022-07,2025-04
41FK-EUR-07-2022,41FK-EUR-07-2022-G60-BMW-i5_M60_xDrive,5 Series G60 Sedan,G60,i5 M60 xDrive,41FK,Sedan,EUR,2022-07,2025-02
41FL-EUR-07-2022,41FL-EUR-07-2022-G60-BMW-523d,5 Series G60 Sedan,G60,523d,41FL,Sedan,EUR,2022-07,2025-02
42EX-EUR-07-2022,42EX-EUR-07-2022-G06N-BMW-X6_M60iX,X6 G06 LCI,G06N,X6 M60iX,42EX,SAC,EUR,2022-07,2025-03
43FK-USA-07-2022,43FK-USA-07-2022-G60-BMW-i5_M60_xDrive,5 Series G60 Sedan,G60,i5 M60 xDrive,43FK,Sedan,USA,2022-07,2025-03
51FJ-EUR-07-2022,51FJ-EUR-07-2022-G60-BMW-530iX,5 Series G60 Sedan,G60,530iX,51FJ,Sedan,EUR,2022-07,2025-02
56FV-IDN-07-2022,56FV-IDN-07-2022-G20N-BMW-330i,3 Series G20 Sedan LCI,G20N,330i,56FV,Sedan,IDN,2022-07,2025-04
62FU-EUR-07-2022,62FU-EUR-07-2022-G20N-BMW-M340dX,3 Series G20 Sedan LCI,G20N,M340dX,62FU,Sedan,EUR,2022-07,2024-04
72FZ-EUR-07-2022,72FZ-EUR-07-2022-G21N-BMW-BMW_ALPINA_D3s,3 Series G21 Touring LCI,G21N,BMW ALPINA D3s,72FZ,Touring,EUR,2022-07,2025-03
74FV-THA-07-2022,74FV-THA-07-2022-G20N-BMW-330e,3 Series G20 Sedan LCI,G20N,330e,74FV,Sedan,THA,2022-07,2024-06
78FV-MYS-07-2022,78FV-MYS-07-2022-G20N-BMW-330e,3 Series G20 Sedan LCI,G20N,330e,78FV,Sedan,MYS,2022-07,2022-11
83FB-USA-07-2022,83FB-USA-07-2022-G26E-BMW_i-i4_xDrive40,i4 G26 Gran Coupé,G26E,i4 xDrive40,83FB,Gran Coupé,USA,2022-07,2024-06
87FV-IND-07-2022,87FV-IND-07-2022-G20N-BMW-M340iX,3 Series G20 Sedan LCI,G20N,M340iX,87FV,Sedan,IND,2022-07,2025-04
12EF-EUR-08-2022,12EF-EUR-08-2022-U11-BMW-X1_M35iX,X1 U11,U11,X1 M35iX,12EF,SUV,EUR,2022-08,2025-03
12EY-EUR-08-2022,12EY-EUR-08-2022-G06N-BMW-X6_30dX,X6 G06 LCI,G06N,X6 30dX,12EY,SAC,EUR,2022-08,2025-03
24EN-THA-08-2022,24EN-THA-08-2022-G07N-BMW-X7_40dX,X7 G07 LCI,G07N,X7 40dX,24EN,SUV,THA,2022-08,2024-03
24FW-THA-08-2022,24FW-THA-08-2022-G20N-BMW-320d,3 Series G20 Sedan LCI,G20N,320d,24FW,Sedan,THA,2022-08,2025-04
28EM-MYS-08-2022,28EM-MYS-08-2022-G07N-BMW-X7_40iX,X7 G07 LCI,G07N,X7 40iX,28EM,SUV,MYS,2022-08,2025-04
28FS-EUR-08-2022,28FS-EUR-08-2022-G20N-BMW-330e,3 Series G20 Sedan LCI,G20N,330e,28FS,Sedan,EUR,2022-08,2024-07
38FV-MYS-08-2022,38FV-MYS-08-2022-G20N-BMW-320i,3 Series G20 Sedan LCI,G20N,320i,38FV,Sedan,MYS,2022-08,2025-03
50FF-EUR-08-2022,50FF-EUR-08-2022-G20N-BMW-320i,3 Series G20 Sedan LCI,G20N,320i,50FF,Sedan,EUR,2022-08,2025-03
58FF-EUR-08-2022,58FF-EUR-08-2022-G20N-BMW-320i,3 Series G20 Sedan LCI,G20N,320i,58FF,Sedan,EUR,2022-08,2025-03
58FV-MYS-08-2022,58FV-MYS-08-2022-G20N-BMW-330i,3 Series G20 Sedan LCI,G20N,330i,58FV,Sedan,MYS,2022-08,2025-04
78FF-EUR-08-2022,78FF-EUR-08-2022-G20N-BMW-320iX,3 Series G20 Sedan LCI,G20N,320iX,78FF,Sedan,EUR,2022-08,2025-03
11FM-EUR-09-2022,11FM-EUR-09-2022-G68-BMW-525Li,5 Series G68 Sedan,G68,525Li,11FM,Sedan,EUR,2022-09,2025-03
11GM-EUR-09-2022,11GM-EUR-09-2022-U10-BMW-X2_18i,X2 U10,U10,X2 18i,11GM,SAC,EUR,2022-09,2025-03
12FL-EUR-09-2022,12FL-EUR-09-2022-G60-BMW-520d,5 Series G60 Sedan,G60,520d,12FL,Sedan,EUR,2022-09,2025-02
17FH-IND-09-2022,17FH-IND-09-2022-G28N-BMW-320Ld,3 Series G28 Sedan LCI,G28N,320Ld,17FH,Sedan,IND,2022-09,2025-04
20EE-BRA-09-2022,20EE-BRA-09-2022-U11-BMW-X1_18i,X1 U11,U11,X1 18i,20EE,SUV,BRA,2022-09,2024-06
21FM-EUR-09-2022,21FM-EUR-09-2022-G68-BMW-530Li,5 Series G68 Sedan,G68,530Li,21FM,Sedan,EUR,2022-09,2025-03
21GM-EUR-09-2022,21GM-EUR-09-2022-U10-BMW-X2_20i,X2 U10,U10,X2 20i,21GM,SAC,EUR,2022-09,2025-03
22FL-EUR-09-2022,22FL-EUR-09-2022-G60-BMW-520dX,5 Series G60 Sedan,G60,520dX,22FL,Sedan,EUR,2022-09,2025-02
26EM-IDN-09-2022,26EM-IDN-09-2022-G07N-BMW-X7_40iX,X7 G07 LCI,G07N,X7 40iX,26EM,SUV,IDN,2022-09,2024-10
27FH-IND-09-2022,27FH-IND-09-2022-G28N-BMW-330Li,3 Series G28 Sedan LCI,G28N,330Li,27FH,Sedan,IND,2022-09,2025-04
28FH-MYS-09-2022,28FH-MYS-09-2022-G28N-BMW-330Li,3 Series G28 Sedan LCI,G28N,330Li,28FH,Sedan,MYS,2022-09,2025-02
28FV-MYS-09-2022,28FV-MYS-09-2022-G20N-BMW-318i,3 Series G20 Sedan LCI,G20N,318i,28FV,Sedan,MYS,2022-09,2024-11
31GN-EUR-09-2022,31GN-EUR-09-2022-U10-BMW-X2_18d,X2 U10,U10,X2 18d,31GN,SAC,EUR,2022-09,2025-03
32CS-EUR-09-2022,32CS-EUR-09-2022-G09-BMW-XM_Label,XM G09,G09,XM Label,32CS,SAC,EUR,2022-09,2025-03
32GM-EUR-09-2022,32GM-EUR-09-2022-U10-BMW-X2_16i,X2 U10,U10,X2 16i,32GM,SAC,EUR,2022-09,2025-03
38FH-MYS-09-2022,38FH-MYS-09-2022-G28N-BMW-320Li,3 Series G28 Sedan LCI,G28N,320Li,38FH,Sedan,MYS,2022-09,2024-11
41GM-EUR-09-2022,41GM-EUR-09-2022-U10-BMW-X2_20iX,X2 U10,U10,X2 20iX,41GM,SAC,EUR,2022-09,2025-03
42FK-EUR-09-2022,42FK-EUR-09-2022-G60-BMW-i5_M60_xDrive,5 Series G60 Sedan,G60,i5 M60 xDrive,42FK,Sedan,EUR,2022-09,2025-02
51FL-EUR-09-2022,51FL-EUR-09-2022-G60-BMW-523dX,5 Series G60 Sedan,G60,523dX,51FL,Sedan,EUR,2022-09,2025-03
51FM-EUR-09-2022,51FM-EUR-09-2022-G68-BMW-i5_eDrive35L,5 Series G68 Sedan,G68,i5 eDrive35L,51FM,Sedan,EUR,2022-09,2024-12
52EK-EUR-09-2022,52EK-EUR-09-2022-G73-BMW-760iX_Protection,7 Series G73,G73,760iX Protection,52EK,Sedan,EUR,2022-09,2025-01
61GN-EUR-09-2022,61GN-EUR-09-2022-U10-BMW-X2_25i,X2 U10,U10,X2 25i,61GN,SAC,EUR,2022-09,2024-12
63GM-USA-09-2022,63GM-USA-09-2022-U10-BMW-X2_28iX,X2 U10,U10,X2 28iX,63GM,SAC,USA,2022-09,2025-03
71GM-EUR-09-2022,71GM-EUR-09-2022-U10-BMW-iX2_xDrive30,X2 U10,U10,iX2 xDrive30,71GM,SAC,EUR,2022-09,2025-03
72GM-EUR-09-2022,72GM-EUR-09-2022-U10-BMW-iX2_xDrive30,X2 U10,U10,iX2 xDrive30,72GM,SAC,EUR,2022-09,2025-03
81GM-EUR-09-2022,81GM-EUR-09-2022-U10-BMW-X2_M35iX,X2 U10,U10,X2 M35iX,81GM,SAC,EUR,2022-09,2025-03
82EH-EUR-09-2022,82EH-EUR-09-2022-G70-BMW-i7_M70_xDrive,7 Series G70,G70,i7 M70 xDrive,82EH,Sedan,EUR,2022-09,2025-02
83GM-USA-09-2022,83GM-USA-09-2022-U10-BMW-X2_M35iX,X2 U10,U10,X2 M35iX,83GM,SAC,USA,2022-09,2025-03
84FV-THA-09-2022,84FV-THA-09-2022-G20N-BMW-M340iX,3 Series G20 Sedan LCI,G20N,M340iX,84FV,Sedan,THA,2022-09,2024-09
11FK-EUR-10-2022,11FK-EUR-10-2022-G60-BMW-550eX,5 Series G60 Sedan,G60,550eX,11FK,Sedan,EUR,2022-10,2025-03
12EJ-EUR-10-2022,12EJ-EUR-10-2022-G70-BMW-740d,7 Series G70,G70,740d,12EJ,Sedan,EUR,2022-10,2022-10
22GM-EUR-10-2022,22GM-EUR-10-2022-U10-BMW-X2_20i,X2 U10,U10,X2 20i,22GM,SAC,EUR,2022-10,2025-03
42EJ-EUR-10-2022,42EJ-EUR-10-2022-G70-BMW-i7_eDrive50,7 Series G70,G70,i7 eDrive50,42EJ,Sedan,EUR,2022-10,2025-03
58FS-EUR-10-2022,58FS-EUR-10-2022-G20N-BMW-320i_16,3 Series G20 Sedan LCI,G20N,320i 1.6,58FS,Sedan,EUR,2022-10,2024-11
63FJ-USA-10-2022,63FJ-USA-10-2022-G60-BMW-540iX,5 Series G60 Sedan,G60,540iX,63FJ,Sedan,USA,2022-10,2025-03
71EG-EUR-10-2022,71EG-EUR-10-2022-U11-BMW-iX1_eDrive20,X1 U11,U11,iX1 eDrive20,71EG,SUV,EUR,2022-10,2025-03
71FJ-EUR-10-2022,71FJ-EUR-10-2022-G60-BMW-530e,5 Series G60 Sedan,G60,530e,71FJ,Sedan,EUR,2022-10,2025-03
73AZ-USA-10-2022,73AZ-USA-10-2022-MOSP-BMW-G82_M4_GT4,MS BMW Motorsport,MOSP,G82 M4 GT4,73AZ,Coupe,USA,2022-10,2025-03
78FU-EUR-10-2022,78FU-EUR-10-2022-G20N-BMW-330dX,3 Series G20 Sedan LCI,G20N,330dX,78FU,Sedan,EUR,2022-10,2023-02
88FV-MYS-10-2022,88FV-MYS-10-2022-G20N-BMW-M340iX,3 Series G20 Sedan LCI,G20N,M340iX,88FV,Sedan,MYS,2022-10,2025-04
11HH-EUR-11-2022,11HH-EUR-11-2022-G61-BMW-i5_eDrive40,5 Series G61 Touring,G61,i5 eDrive40,11HH,Touring,EUR,2022-11,2025-02
12FK-EUR-11-2022,12FK-EUR-11-2022-G60-BMW-550eX,5 Series G60 Sedan,G60,550eX,12FK,Sedan,EUR,2022-11,2025-03
21GW-EUR-11-2022,21GW-EUR-11-2022-G61-BMW-520dX,5 Series G61 Touring,G61,520dX,21GW,Touring,EUR,2022-11,2025-03
27EM-IND-11-2022,27EM-IND-11-2022-G07N-BMW-X7_40iX,X7 G07 LCI,G07N,X7 40iX,27EM,SUV,IND,2022-11,2025-02
31FM-EUR-11-2022,31FM-EUR-11-2022-G68-BMW-530LiX,5 Series G68 Sedan,G68,530LiX,31FM,Sedan,EUR,2022-11,2025-03
31HH-EUR-11-2022,31HH-EUR-11-2022-G61-BMW-i5_M60_xDrive,5 Series G61 Touring,G61,i5 M60 xDrive,31HH,Touring,EUR,2022-11,2025-02
32GN-EUR-11-2022,32GN-EUR-11-2022-U10-BMW-X2_18d,X2 U10,U10,X2 18d,32GN,SAC,EUR,2022-11,2025-01
35DT-EGY-11-2022,35DT-EGY-11-2022-G02N-BMW-X4_30iX,X4 G02 LCI,G02N,X4 30iX,35DT,SAC,EGY,2022-11,2025-04
35FV-VNM-11-2022,35FV-VNM-11-2022-G20N-BMW-320i,3 Series G20 Sedan LCI,G20N,320i,35FV,Sedan,VNM,2022-11,2025-04
40EE-BRA-11-2022,40EE-BRA-11-2022-U11-BMW-X1_20i,X1 U11,U11,X1 20i,40EE,SUV,BRA,2022-11,2025-04
44EH-THA-11-2022,44EH-THA-11-2022-G70-BMW-750eX,7 Series G70,G70,750eX,44EH,Sedan,THA,2022-11,2024-03
45DS-EGY-11-2022,45DS-EGY-11-2022-G01N-BMW-X3_30iX,X3 G01 LCI,G01N,X3 30iX,45DS,SUV,EGY,2022-11,2024-07
48EH-MYS-11-2022,48EH-MYS-11-2022-G70-BMW-750eX,7 Series G70,G70,750eX,48EH,Sedan,MYS,2022-11,2025-04
51GM-EUR-11-2022,51GM-EUR-11-2022-U10-BMW-iX2_eDrive20,X2 U10,U10,iX2 eDrive20,51GM,SAC,EUR,2022-11,2025-03
51GN-EUR-11-2022,51GN-EUR-11-2022-U10-BMW-X2_20dX,X2 U10,U10,X2 20dX,51GN,SAC,EUR,2022-11,2025-03
55FV-VNM-11-2022,55FV-VNM-11-2022-G20N-BMW-330i,3 Series G20 Sedan LCI,G20N,330i,55FV,Sedan,VNM,2022-11,2025-01
61FX-EUR-11-2022,61FX-EUR-11-2022-U12-BMW-iX1_eDrive25L,X1L U12,U12,iX1 eDrive25L,61FX,SUV,EUR,2022-11,2025-03
72FJ-EUR-11-2022,72FJ-EUR-11-2022-G60-BMW-530e,5 Series G60 Sedan,G60,530e,72FJ,Sedan,EUR,2022-11,2025-03
81FK-EUR-11-2022,81FK-EUR-11-2022-G90-BMW-M5,5 Series G90 M5,G90,M5,81FK,Sedan,EUR,2022-11,2025-03
82AZ-EUR-11-2022,82AZ-EUR-11-2022-G82-BMW-30_CSL,4 Series G82 M4 Coupé,G82,3.0 CSL,82AZ,Coupe,EUR,2022-11,2023-02
83FK-USA-11-2022,83FK-USA-11-2022-G90-BMW-M5,5 Series G90 M5,G90,M5,83FK,Sedan,USA,2022-11,2025-02
11GW-EUR-12-2022,11GW-EUR-12-2022-G61-BMW-520d,5 Series G61 Touring,G61,520d,11GW,Touring,EUR,2022-12,2025-03
12HH-EUR-12-2022,12HH-EUR-12-2022-G61-BMW-i5_eDrive40,5 Series G61 Touring,G61,i5 eDrive40,12HH,Touring,EUR,2022-12,2025-02
17EG-IND-12-2022,17EG-IND-12-2022-U11-BMW-X1_18d,X1 U11,U11,X1 18d,17EG,SUV,IND,2022-12,2025-04
22FM-EUR-12-2022,22FM-EUR-12-2022-G68-BMW-530Li,5 Series G68 Sedan,G68,530Li,22FM,Sedan,EUR,2022-12,2024-12
27EH-IND-12-2022,27EH-IND-12-2022-G70-BMW-740i,7 Series G70,G70,740i,27EH,Sedan,IND,2022-12,2025-04
27EN-IND-12-2022,27EN-IND-12-2022-G07N-BMW-X7_40dX,X7 G07 LCI,G07N,X7 40dX,27EN,SUV,IND,2022-12,2025-02
42EE-EUR-12-2022,42EE-EUR-12-2022-U11-BMW-X1_20i,X1 U11,U11,X1 20i,42EE,SUV,EUR,2022-12,2023-09
60FU-EUR-12-2022,60FU-EUR-12-2022-G20N-BMW-M340dX,3 Series G20 Sedan LCI,G20N,M340dX,60FU,Sedan,EUR,2022-12,2024-05
82FK-EUR-12-2022,82FK-EUR-12-2022-G90-BMW-M5,5 Series G90 M5,G90,M5,82FK,Sedan,EUR,2022-12,2025-02
16EH-IDN-01-2023,16EH-IDN-01-2023-G70-BMW-735i,7 Series G70,G70,735i,16EH,Sedan,IDN,2023-01,2025-01
26EE-IDN-01-2023,26EE-IDN-01-2023-U11-BMW-X1_18i,X1 U11,U11,X1 18i,26EE,SUV,IDN,2023-01,2025-04
35EM-EGY-01-2023,35EM-EGY-01-2023-G07N-BMW-X7_M60iX,X7 G07 LCI,G07N,X7 M60iX,35EM,SUV,EGY,2023-01,2025-04
64EF-THA-01-2023,64EF-THA-01-2023-U11-BMW-X1_30eX,X1 U11,U11,X1 30eX,64EF,SUV,THA,2023-01,2024-08
71HB-EUR-01-2023,71HB-EUR-01-2023-G22N-BMW-M440iX,4 Series G22 Coupé LCI,G22N,M440iX,71HB,Coupe,EUR,2023-01,2025-03
72EG-EUR-01-2023,72EG-EUR-01-2023-U11-BMW-iX1_eDrive20,X1 U11,U11,iX1 eDrive20,72EG,SUV,EUR,2023-01,2025-03
11HG-EUR-02-2023,11HG-EUR-02-2023-G60-BMW-i5_xDrive40,5 Series G60 Sedan,G60,i5 xDrive40,11HG,Sedan,EUR,2023-02,2025-02
13HG-USA-02-2023,13HG-USA-02-2023-G60-BMW-i5_xDrive40,5 Series G60 Sedan,G60,i5 xDrive40,13HG,Sedan,USA,2023-02,2025-02
21DA-EUR-02-2023,21DA-EUR-02-2023-G22N-BMW-420i,4 Series G22 Coupé LCI,G22N,420i,21DA,Coupe,EUR,2023-02,2025-03
21DB-EUR-02-2023,21DB-EUR-02-2023-G23N-BMW-420i,4 Series G23 Convertible LCI,G23N,420i,21DB,Convertible,EUR,2023-02,2025-03
22EV-EUR-02-2023,22EV-EUR-02-2023-G05N-BMW-X5_40dX,X5 G05 LCI,G05N,X5 40dX,22EV,SUV,EUR,2023-02,2025-03
22EY-EUR-02-2023,22EY-EUR-02-2023-G06N-BMW-X6_40dX,X6 G06 LCI,G06N,X6 40dX,22EY,SAC,EUR,2023-02,2025-02
31FP-EUR-02-2023,31FP-EUR-02-2023-G23N-BMW-430i,4 Series G23 Convertible LCI,G23N,430i,31FP,Convertible,EUR,2023-02,2025-03
31HK-EUR-02-2023,31HK-EUR-02-2023-G82N-BMW-M4_Comp_M_xDrive,4 Series G82 M4 Coupé LCI,G82N,M4 Comp. M xDrive,31HK,Coupe,EUR,2023-02,2025-03
33DB-USA-02-2023,33DB-USA-02-2023-G23N-BMW-430i,4 Series G23 Convertible LCI,G23N,430i,33DB,Convertible,USA,2023-02,2025-03
41BA-EUR-02-2023,41BA-EUR-02-2023-G83N-BMW-M4_Comp_M_xDrive,4 Series G83 M4 Convertible LCI,G83N,M4 Comp. M xDrive,41BA,Convertible,EUR,2023-02,2025-03
41FP-EUR-02-2023,41FP-EUR-02-2023-G23N-BMW-430iX,4 Series G23 Convertible LCI,G23N,430iX,41FP,Convertible,EUR,2023-02,2025-03
41HB-EUR-02-2023,41HB-EUR-02-2023-G22N-BMW-430i,4 Series G22 Coupé LCI,G22N,430i,41HB,Coupe,EUR,2023-02,2025-03
43DA-USA-02-2023,43DA-USA-02-2023-G22N-BMW-430i,4 Series G22 Coupé LCI,G22N,430i,43DA,Coupe,USA,2023-02,2025-03
51AU-EUR-02-2023,51AU-EUR-02-2023-G23N-BMW-420d,4 Series G23 Convertible LCI,G23N,420d,51AU,Convertible,EUR,2023-02,2025-03
51FN-EUR-02-2023,51FN-EUR-02-2023-G22N-BMW-420dX,4 Series G22 Coupé LCI,G22N,420dX,51FN,Coupe,EUR,2023-02,2025-03
52CD-EUR-02-2023,52CD-EUR-02-2023-G20N-BMW-330d,3 Series G20 Sedan LCI,G20N,330d,52CD,Sedan,EUR,2023-02,2024-04
53DB-USA-02-2023,53DB-USA-02-2023-G23N-BMW-430iX,4 Series G23 Convertible LCI,G23N,430iX,53DB,Convertible,USA,2023-02,2025-03
63DA-USA-02-2023,63DA-USA-02-2023-G22N-BMW-430iX,4 Series G22 Coupé LCI,G22N,430iX,63DA,Coupe,USA,2023-02,2025-03
63DB-USA-02-2023,63DB-USA-02-2023-G23N-BMW-M440i,4 Series G23 Convertible LCI,G23N,M440i,63DB,Convertible,USA,2023-02,2025-03
73DA-USA-02-2023,73DA-USA-02-2023-G22N-BMW-M440i,4 Series G22 Coupé LCI,G22N,M440i,73DA,Coupe,USA,2023-02,2025-03
73DB-USA-02-2023,73DB-USA-02-2023-G23N-BMW-M440iX,4 Series G23 Convertible LCI,G23N,M440iX,73DB,Convertible,USA,2023-02,2025-03
81DB-EUR-02-2023,81DB-EUR-02-2023-G23N-BMW-420i,4 Series G23 Convertible LCI,G23N,420i,81DB,Convertible,EUR,2023-02,2025-03
83DA-USA-02-2023,83DA-USA-02-2023-G22N-BMW-M440iX,4 Series G22 Coupé LCI,G22N,M440iX,83DA,Coupe,USA,2023-02,2025-03
11GE-EUR-03-2023,11GE-EUR-03-2023-F70-BMW-118,1 Series F70,F70,118,11GE,5 doors,EUR,2023-03,2025-03
11GF-EUR-03-2023,11GF-EUR-03-2023-F70-BMW-118d,1 Series F70,F70,118d,11GF,5 doors,EUR,2023-03,2025-03
11HK-EUR-03-2023,11HK-EUR-03-2023-G82N-BMW-M4,4 Series G82 M4 Coupé LCI,G82N,M4,11HK,Coupe,EUR,2023-03,2025-02
12GE-EUR-03-2023,12GE-EUR-03-2023-F70-BMW-118,1 Series F70,F70,118,12GE,5 doors,EUR,2023-03,2025-03
12GF-EUR-03-2023,12GF-EUR-03-2023-F70-BMW-118d,1 Series F70,F70,118d,12GF,5 doors,EUR,2023-03,2024-01
12GM-EUR-03-2023,12GM-EUR-03-2023-U10-BMW-X2_18i,X2 U10,U10,X2 18i,12GM,SAC,EUR,2023-03,2025-03
17EE-IND-03-2023,17EE-IND-03-2023-U11-BMW-X1_18i,X1 U11,U11,X1 18i,17EE,SUV,IND,2023-03,2025-04
21GE-EUR-03-2023,21GE-EUR-03-2023-F70-BMW-M135_xDrive,1 Series F70,F70,M135 xDrive,21GE,5 doors,EUR,2023-03,2025-03
21GF-EUR-03-2023,21GF-EUR-03-2023-F70-BMW-120d,1 Series F70,F70,120d,21GF,5 doors,EUR,2023-03,2025-03
21HB-EUR-03-2023,21HB-EUR-03-2023-G22N-BMW-420i_16,4 Series G22 Coupé LCI,G22N,420i 1.6,21HB,Coupe,EUR,2023-03,2025-03
21HK-EUR-03-2023,21HK-EUR-03-2023-G82N-BMW-M4_Competition,4 Series G82 M4 Coupé LCI,G82N,M4 Competition,21HK,Coupe,EUR,2023-03,2025-03
22GE-EUR-03-2023,22GE-EUR-03-2023-F70-BMW-M135_xDrive,1 Series F70,F70,M135 xDrive,22GE,5 doors,EUR,2023-03,2025-03
22HK-EUR-03-2023,22HK-EUR-03-2023-G82N-BMW-M4_Competition,4 Series G82 M4 Coupé LCI,G82N,M4 Competition,22HK,Coupe,EUR,2023-03,2023-03
32HH-EUR-03-2023,32HH-EUR-03-2023-G61-BMW-i5_M60_xDrive,5 Series G61 Touring,G61,i5 M60 xDrive,32HH,Touring,EUR,2023-03,2025-02
32HK-EUR-03-2023,32HK-EUR-03-2023-G82N-BMW-M4_Comp_M_xDrive,4 Series G82 M4 Coupé LCI,G82N,M4 Comp. M xDrive,32HK,Coupe,EUR,2023-03,2025-03
41FN-EUR-03-2023,41FN-EUR-03-2023-G22N-BMW-420d,4 Series G22 Coupé LCI,G22N,420d,41FN,Coupe,EUR,2023-03,2025-03
42BA-EUR-03-2023,42BA-EUR-03-2023-G83N-BMW-M4_Comp_M_xDrive,4 Series G83 M4 Convertible LCI,G83N,M4 Comp. M xDrive,42BA,Convertible,EUR,2023-03,2025-03
42GM-EUR-03-2023,42GM-EUR-03-2023-U10-BMW-X2_20iX,X2 U10,U10,X2 20iX,42GM,SAC,EUR,2023-03,2025-03
43BA-USA-03-2023,43BA-USA-03-2023-G83N-BMW-M4_Comp_M_xDrive,4 Series G83 M4 Convertible LCI,G83N,M4 Comp. M xDrive,43BA,Convertible,USA,2023-03,2025-03
44EE-THA-03-2023,44EE-THA-03-2023-U11-BMW-X1_20i,X1 U11,U11,X1 20i,44EE,SUV,THA,2023-03,2025-03
61AU-EUR-03-2023,61AU-EUR-03-2023-G23N-BMW-430d,4 Series G23 Convertible LCI,G23N,430d,61AU,Convertible,EUR,2023-03,2025-02
61FN-EUR-03-2023,61FN-EUR-03-2023-G22N-BMW-430dX,4 Series G22 Coupé LCI,G22N,430dX,61FN,Coupe,EUR,2023-03,2025-03
61FP-EUR-03-2023,61FP-EUR-03-2023-G23N-BMW-M440iX,4 Series G23 Convertible LCI,G23N,M440iX,61FP,Convertible,EUR,2023-03,2025-03
71AU-EUR-03-2023,71AU-EUR-03-2023-G23N-BMW-M440dX,4 Series G23 Convertible LCI,G23N,M440dX,71AU,Convertible,EUR,2023-03,2025-03
71FN-EUR-03-2023,71FN-EUR-03-2023-G22N-BMW-M440dX,4 Series G22 Coupé LCI,G22N,M440dX,71FN,Coupe,EUR,2023-03,2025-03
71FP-EUR-03-2023,71FP-EUR-03-2023-G23N-BMW-420i,4 Series G23 Convertible LCI,G23N,420i,71FP,Convertible,EUR,2023-03,2025-03
81GE-EUR-03-2023,81GE-EUR-03-2023-F70-BMW-120,1 Series F70,F70,120,81GE,5 doors,EUR,2023-03,2025-03
82GE-EUR-03-2023,82GE-EUR-03-2023-F70-BMW-120,1 Series F70,F70,120,82GE,5 doors,EUR,2023-03,2025-03
12GW-EUR-04-2023,12GW-EUR-04-2023-G61-BMW-520d,5 Series G61 Touring,G61,520d,12GW,Touring,EUR,2023-04,2023-12
12HG-EUR-04-2023,12HG-EUR-04-2023-G60-BMW-i5_xDrive40,5 Series G60 Sedan,G60,i5 xDrive40,12HG,Sedan,EUR,2023-04,2023-10
14EZ-THA-04-2023,14EZ-THA-04-2023-G06N-BMW-X6_40iX,X6 G06 LCI,G06N,X6 40iX,14EZ,SAC,THA,2023-04,2024-11
17EV-IND-04-2023,17EV-IND-04-2023-G05N-BMW-X5_30dX,X5 G05 LCI,G05N,X5 30dX,17EV,SUV,IND,2023-04,2025-04
22GF-EUR-04-2023,22GF-EUR-04-2023-F70-BMW-120d,1 Series F70,F70,120d,22GF,5 doors,EUR,2023-04,2025-03
22GW-EUR-04-2023,22GW-EUR-04-2023-G61-BMW-520dX,5 Series G61 Touring,G61,520dX,22GW,Touring,EUR,2023-04,2025-02
26EU-IDN-04-2023,26EU-IDN-04-2023-G05N-BMW-X5_40iX,X5 G05 LCI,G05N,X5 40iX,26EU,SUV,IDN,2023-04,2025-04
27EU-IND-04-2023,27EU-IND-04-2023-G05N-BMW-X5_40iX,X5 G05 LCI,G05N,X5 40iX,27EU,SUV,IND,2023-04,2025-04
34EX-THA-04-2023,34EX-THA-04-2023-G06N-BMW-X6_40iX,X6 G06 LCI,G06N,X6 40iX,34EX,SAC,THA,2023-04,2024-03
48EE-MYS-04-2023,48EE-MYS-04-2023-U11-BMW-X1_20i,X1 U11,U11,X1 20i,48EE,SUV,MYS,2023-04,2025-04
48EU-MYS-04-2023,48EU-MYS-04-2023-G05N-BMW-X5_50eX,X5 G05 LCI,G05N,X5 50eX,48EU,SUV,MYS,2023-04,2024-11
54EH-THA-04-2023,54EH-THA-04-2023-G70-BMW-M760eX,7 Series G70,G70,M760eX,54EH,Sedan,THA,2023-04,2024-09
71BY-EUR-04-2023,71BY-EUR-04-2023-U06-BMW-220d,2 Series U06 Active Tourer,U06,220d,71BY,Active Tourer,EUR,2023-04,2025-03
71FX-EUR-04-2023,71FX-EUR-04-2023-U12-BMW-X1_M35LiX,X1L U12,U12,X1 M35LiX,71FX,SUV,EUR,2023-04,2025-03
11HB-EUR-05-2023,11HB-EUR-05-2023-G22N-BMW-420i,4 Series G22 Coupé LCI,G22N,420i,11HB,Coupe,EUR,2023-05,2025-03
12HB-EUR-05-2023,12HB-EUR-05-2023-G22N-BMW-420i,4 Series G22 Coupé LCI,G22N,420i,12HB,Coupe,EUR,2023-05,2025-02
13FK-USA-05-2023,13FK-USA-05-2023-G60-BMW-550eX,5 Series G60 Sedan,G60,550eX,13FK,Sedan,USA,2023-05,2025-02
14EV-THA-05-2023,14EV-THA-05-2023-G05N-BMW-X5_30dX,X5 G05 LCI,G05N,X5 30dX,14EV,SUV,THA,2023-05,2025-03
15EW-VNM-05-2023,15EW-VNM-05-2023-G05N-BMW-X5_40iX,X5 G05 LCI,G05N,X5 40iX,15EW,SUV,VNM,2023-05,2025-04
21GB-EUR-05-2023,21GB-EUR-05-2023-G81N-BMW-M3_Comp_M_xDrive,3 Series G81 M3 Touring LCI,G81N,M3 Comp. M xDrive,21GB,Touring,EUR,2023-05,2025-03
21GV-EUR-05-2023,21GV-EUR-05-2023-G61-BMW-530e,5 Series G61 Touring,G61,530e,21GV,Touring,EUR,2023-05,2025-03
31EG-EUR-05-2023,31EG-EUR-05-2023-U11-BMW-X1_18d,X1 U11,U11,X1 18d,31EG,SUV,EUR,2023-05,2025-03
31FJ-EUR-05-2023,31FJ-EUR-05-2023-G60-BMW-520i_16,5 Series G60 Sedan,G60,520i 1.6,31FJ,Sedan,EUR,2023-05,2025-03
31FL-EUR-05-2023,31FL-EUR-05-2023-G60-BMW-540dX,5 Series G60 Sedan,G60,540dX,31FL,Sedan,EUR,2023-05,2025-03
31GG-EUR-05-2023,31GG-EUR-05-2023-F74-BMW-M235_xDrive,2 Series F74 Gran Coupé,F74,M235 xDrive,31GG,Gran Coupé,EUR,2023-05,2025-03
31GV-EUR-05-2023,31GV-EUR-05-2023-G61-BMW-530eX,5 Series G61 Touring,G61,530eX,31GV,Touring,EUR,2023-05,2025-03
31GW-EUR-05-2023,31GW-EUR-05-2023-G61-BMW-540dX,5 Series G61 Touring,G61,540dX,31GW,Touring,EUR,2023-05,2025-03
35EU-EGY-05-2023,35EU-EGY-05-2023-G05N-BMW-X5_M60iX,X5 G05 LCI,G05N,X5 M60iX,35EU,SUV,EGY,2023-05,2025-04
41HK-EUR-05-2023,41HK-EUR-05-2023-G82N-BMW-M4_CS,4 Series G82 M4 Coupé LCI,G82N,M4 CS,41HK,Coupe,EUR,2023-05,2025-03
43HK-USA-05-2023,43HK-USA-05-2023-G82N-BMW-M4_CS,4 Series G82 M4 Coupé LCI,G82N,M4 CS,43HK,Coupe,USA,2023-05,2025-03
71DB-EUR-05-2023,71DB-EUR-05-2023-G23N-BMW-M440iX,4 Series G23 Convertible LCI,G23N,M440iX,71DB,Convertible,EUR,2023-05,2025-02
72HB-EUR-05-2023,72HB-EUR-05-2023-G22N-BMW-M440iX,4 Series G22 Coupé LCI,G22N,M440iX,72HB,Coupe,EUR,2023-05,2025-02
81DA-EUR-05-2023,81DA-EUR-05-2023-G22N-BMW-M440iX,4 Series G22 Coupé LCI,G22N,M440iX,81DA,Coupe,EUR,2023-05,2025-02
81FJ-EUR-05-2023,81FJ-EUR-05-2023-G60-BMW-530eX,5 Series G60 Sedan,G60,530eX,81FJ,Sedan,EUR,2023-05,2025-03
82GM-EUR-05-2023,82GM-EUR-05-2023-U10-BMW-X2_M35iX,X2 U10,U10,X2 M35iX,82GM,SAC,EUR,2023-05,2025-03
11FF-EUR-06-2023,11FF-EUR-06-2023-G20N-BMW-320i,3 Series G20 Sedan LCI,G20N,320i,11FF,Sedan,EUR,2023-06,2025-03
11GG-EUR-06-2023,11GG-EUR-06-2023-F74-BMW-218,2 Series F74 Gran Coupé,F74,218,11GG,Gran Coupé,EUR,2023-06,2025-03
11GH-EUR-06-2023,11GH-EUR-06-2023-F74-BMW-218d,2 Series F74 Gran Coupé,F74,218d,11GH,Gran Coupé,EUR,2023-06,2025-03
11GR-EUR-06-2023,11GR-EUR-06-2023-G45-BMW-X3_20d_xDrive,X3 G45,G45,X3 20d xDrive,11GR,SUV,EUR,2023-06,2025-03
11HC-EUR-06-2023,11HC-EUR-06-2023-G26N-BMW-420i,4 Series G26 Gran Coupé LCI,G26N,420i,11HC,Gran Coupé,EUR,2023-06,2025-03
11HD-EUR-06-2023,11HD-EUR-06-2023-G26F-BMW_i-i4_eDrive35,i4 G26 Gran Coupé LCI,G26F,i4 eDrive35,11HD,Gran Coupé,EUR,2023-06,2025-03
11HJ-EUR-06-2023,11HJ-EUR-06-2023-G80N-BMW-M3,3 Series G80 M3 LCI,G80N,M3,11HJ,Sedan,EUR,2023-06,2025-03
12GG-EUR-06-2023,12GG-EUR-06-2023-F74-BMW-218,2 Series F74 Gran Coupé,F74,218,12GG,Gran Coupé,EUR,2023-06,2025-03
12GR-EUR-06-2023,12GR-EUR-06-2023-G45-BMW-X3_20d_xDrive,X3 G45,G45,X3 20d xDrive,12GR,SUV,EUR,2023-06,2025-03
21DM-EUR-06-2023,21DM-EUR-06-2023-G87-BMW-M2,2 Series G87 M2,G87,M2,21DM,Coupe,EUR,2023-06,2025-03
21GH-EUR-06-2023,21GH-EUR-06-2023-F74-BMW-220d,2 Series F74 Gran Coupé,F74,220d,21GH,Gran Coupé,EUR,2023-06,2025-03
21GL-EUR-06-2023,21GL-EUR-06-2023-G21N-BMW-M340iX,3 Series G21 Touring LCI,G21N,M340iX,21GL,Touring,EUR,2023-06,2025-03
21HD-EUR-06-2023,21HD-EUR-06-2023-G26F-BMW_i-i4_eDrive40,i4 G26 Gran Coupé LCI,G26F,i4 eDrive40,21HD,Gran Coupé,EUR,2023-06,2025-03
22DM-EUR-06-2023,22DM-EUR-06-2023-G87-BMW-M2,2 Series G87 M2,G87,M2,22DM,Coupe,EUR,2023-06,2025-03
23DM-USA-06-2023,23DM-USA-06-2023-G87-BMW-M2,2 Series G87 M2,G87,M2,23DM,Coupe,USA,2023-06,2025-03
23FB-USA-06-2023,23FB-USA-06-2023-G26N-BMW-430i,4 Series G26 Gran Coupé LCI,G26N,430i,23FB,Gran Coupé,USA,2023-06,2025-03
23GG-USA-06-2023,23GG-USA-06-2023-F74-BMW-228_xDrive,2 Series F74 Gran Coupé,F74,228 xDrive,23GG,Gran Coupé,USA,2023-06,2025-03
23HJ-USA-06-2023,23HJ-USA-06-2023-G80N-BMW-M3_Competition,3 Series G80 M3 LCI,G80N,M3 Competition,23HJ,Sedan,USA,2023-06,2025-03
25EU-EGY-06-2023,25EU-EGY-06-2023-G05N-BMW-X5_40iX,X5 G05 LCI,G05N,X5 40iX,25EU,SUV,EGY,2023-06,2025-04
31GE-EUR-06-2023,31GE-EUR-06-2023-F70-BMW-116,1 Series F70,F70,116,31GE,5 doors,EUR,2023-06,2025-03
31GH-EUR-06-2023,31GH-EUR-06-2023-F74-BMW-220,2 Series F74 Gran Coupé,F74,220,31GH,Gran Coupé,EUR,2023-06,2025-03
31GP-EUR-06-2023,31GP-EUR-06-2023-G45-BMW-X3_20_xDrive,X3 G45,G45,X3 20 xDrive,31GP,SUV,EUR,2023-06,2025-03
31HC-EUR-06-2023,31HC-EUR-06-2023-G26N-BMW-430i,4 Series G26 Gran Coupé LCI,G26N,430i,31HC,Gran Coupé,EUR,2023-06,2025-03
31HD-EUR-06-2023,31HD-EUR-06-2023-G26F-BMW_i-i4_M50_xDrive,i4 G26 Gran Coupé LCI,G26F,i4 M50 xDrive,31HD,Gran Coupé,EUR,2023-06,2025-03
31HJ-EUR-06-2023,31HJ-EUR-06-2023-G80N-BMW-M3_Comp_M_xDrive,3 Series G80 M3 LCI,G80N,M3 Comp. M xDrive,31HJ,Sedan,EUR,2023-06,2025-03
32GH-EUR-06-2023,32GH-EUR-06-2023-F74-BMW-220,2 Series F74 Gran Coupé,F74,220,32GH,Gran Coupé,EUR,2023-06,2025-03
32GP-EUR-06-2023,32GP-EUR-06-2023-G45-BMW-X3_20_xDrive,X3 G45,G45,X3 20 xDrive,32GP,SUV,EUR,2023-06,2025-03
32HD-EUR-06-2023,32HD-EUR-06-2023-G26F-BMW_i-i4_M50_xDrive,i4 G26 Gran Coupé LCI,G26F,i4 M50 xDrive,32HD,Gran Coupé,EUR,2023-06,2025-03
33FB-USA-06-2023,33FB-USA-06-2023-G26N-BMW-430iX,4 Series G26 Gran Coupé LCI,G26N,430iX,33FB,Gran Coupé,USA,2023-06,2025-03
33GG-USA-06-2023,33GG-USA-06-2023-F74-BMW-M235_xDrive,2 Series F74 Gran Coupé,F74,M235 xDrive,33GG,Gran Coupé,USA,2023-06,2025-03
33HD-USA-06-2023,33HD-USA-06-2023-G26F-BMW_i-i4_M50_xDrive,i4 G26 Gran Coupé LCI,G26F,i4 M50 xDrive,33HD,Gran Coupé,USA,2023-06,2025-03
33HJ-USA-06-2023,33HJ-USA-06-2023-G80N-BMW-M3_Comp_M_xDrive,3 Series G80 M3 LCI,G80N,M3 Comp. M xDrive,33HJ,Sedan,USA,2023-06,2025-03
41FJ-EUR-06-2023,41FJ-EUR-06-2023-G60-BMW-530i,5 Series G60 Sedan,G60,530i,41FJ,Sedan,EUR,2023-06,2025-03
41FR-EUR-06-2023,41FR-EUR-06-2023-G26N-BMW-420d,4 Series G26 Gran Coupé LCI,G26N,420d,41FR,Gran Coupé,EUR,2023-06,2025-03
41GK-EUR-06-2023,41GK-EUR-06-2023-G20N-BMW-330e,3 Series G20 Sedan LCI,G20N,330e,41GK,Sedan,EUR,2023-06,2025-03
41GL-EUR-06-2023,41GL-EUR-06-2023-G21N-BMW-330e,3 Series G21 Touring LCI,G21N,330e,41GL,Touring,EUR,2023-06,2025-03
41GP-EUR-06-2023,41GP-EUR-06-2023-G45-BMW-X3_20_xDrive,X3 G45,G45,X3 20 xDrive,41GP,SUV,EUR,2023-06,2025-03
41HD-EUR-06-2023,41HD-EUR-06-2023-G26F-BMW_i-i4_xDrive40,i4 G26 Gran Coupé LCI,G26F,i4 xDrive40,41HD,Gran Coupé,EUR,2023-06,2025-03
42GK-EUR-06-2023,42GK-EUR-06-2023-G20N-BMW-330e,3 Series G20 Sedan LCI,G20N,330e,42GK,Sedan,EUR,2023-06,2025-02
42HK-EUR-06-2023,42HK-EUR-06-2023-G82N-BMW-M4_CS,4 Series G82 M4 Coupé LCI,G82N,M4 CS,42HK,Coupe,EUR,2023-06,2025-02
45EX-EGY-06-2023,45EX-EGY-06-2023-G06N-BMW-X6_M60iX,X6 G06 LCI,G06N,X6 M60iX,45EX,SAC,EGY,2023-06,2025-04
48GK-EUR-06-2023,48GK-EUR-06-2023-G20N-BMW-330e,3 Series G20 Sedan LCI,G20N,330e,48GK,Sedan,EUR,2023-06,2025-03
50GK-EUR-06-2023,50GK-EUR-06-2023-G20N-BMW-330eX,3 Series G20 Sedan LCI,G20N,330eX,50GK,Sedan,EUR,2023-06,2024-04
51GK-EUR-06-2023,51GK-EUR-06-2023-G20N-BMW-330eX,3 Series G20 Sedan LCI,G20N,330eX,51GK,Sedan,EUR,2023-06,2025-02
51GL-EUR-06-2023,51GL-EUR-06-2023-G21N-BMW-330eX,3 Series G21 Touring LCI,G21N,330eX,51GL,Touring,EUR,2023-06,2025-03
51HB-EUR-06-2023,51HB-EUR-06-2023-G22N-BMW-430iX,4 Series G22 Coupé LCI,G22N,430iX,51HB,Coupe,EUR,2023-06,2025-03
53FB-USA-06-2023,53FB-USA-06-2023-G26N-BMW-M440i,4 Series G26 Gran Coupé LCI,G26N,M440i,53FB,Gran Coupé,USA,2023-06,2025-03
53FT-USA-06-2023,53FT-USA-06-2023-G20N-BMW-M340i,3 Series G20 Sedan LCI,G20N,M340i,53FT,Sedan,USA,2023-06,2023-10
53GP-USA-06-2023,53GP-USA-06-2023-G45-BMW-X3_30_xDrive,X3 G45,G45,X3 30 xDrive,53GP,SUV,USA,2023-06,2025-03
58GK-EUR-06-2023,58GK-EUR-06-2023-G20N-BMW-330eX,3 Series G20 Sedan LCI,G20N,330eX,58GK,Sedan,EUR,2023-06,2025-03
61CY-EUR-06-2023,61CY-EUR-06-2023-G21N-BMW-320i,3 Series G21 Touring LCI,G21N,320i,61CY,Touring,EUR,2023-06,2025-03
61GE-EUR-06-2023,61GE-EUR-06-2023-F70-BMW-123_xDrive,1 Series F70,F70,123 xDrive,61GE,5 doors,EUR,2023-06,2025-03
61HC-EUR-06-2023,61HC-EUR-06-2023-G26N-BMW-M440iX,4 Series G26 Gran Coupé LCI,G26N,M440iX,61HC,Gran Coupé,EUR,2023-06,2025-03
62FP-EUR-06-2023,62FP-EUR-06-2023-G23N-BMW-M440iX,4 Series G23 Convertible LCI,G23N,M440iX,62FP,Convertible,EUR,2023-06,2025-03
62GE-EUR-06-2023,62GE-EUR-06-2023-F70-BMW-123_xDrive,1 Series F70,F70,123 xDrive,62GE,5 doors,EUR,2023-06,2025-03
63FB-USA-06-2023,63FB-USA-06-2023-G26N-BMW-M440iX,4 Series G26 Gran Coupé LCI,G26N,M440iX,63FB,Gran Coupé,USA,2023-06,2025-03
63FT-USA-06-2023,63FT-USA-06-2023-G20N-BMW-M340iX,3 Series G20 Sedan LCI,G20N,M340iX,63FT,Sedan,USA,2023-06,2025-03
69CW-USA-06-2023,69CW-USA-06-2023-G20N-BMW-330i,3 Series G20 Sedan LCI,G20N,330i,69CW,Sedan,USA,2023-06,2025-03
69FT-USA-06-2023,69FT-USA-06-2023-G20N-BMW-M340iX,3 Series G20 Sedan LCI,G20N,M340iX,69FT,Sedan,USA,2023-06,2025-03
71GP-EUR-06-2023,71GP-EUR-06-2023-G45-BMW-X3_M50_xDrive,X3 G45,G45,X3 M50 xDrive,71GP,SUV,EUR,2023-06,2025-03
73GP-USA-06-2023,73GP-USA-06-2023-G45-BMW-X3_M50_xDrive,X3 G45,G45,X3 M50 xDrive,73GP,SUV,USA,2023-06,2025-03
81FM-EUR-06-2023,81FM-EUR-06-2023-G68-BMW-i5_eDrive40L,5 Series G68 Sedan,G68,i5 eDrive40L,81FM,Sedan,EUR,2023-06,2025-03
81GV-EUR-06-2023,81GV-EUR-06-2023-G99-BMW-M5,5 Series G99 M5 Touring,G99,M5,81GV,Touring,EUR,2023-06,2025-03
82DB-EUR-06-2023,82DB-EUR-06-2023-G23N-BMW-420i,4 Series G23 Convertible LCI,G23N,420i,82DB,Convertible,EUR,2023-06,2025-02
83GV-USA-06-2023,83GV-USA-06-2023-G99-BMW-M5,5 Series G99 M5 Touring,G99,M5,83GV,Touring,USA,2023-06,2025-02
89CW-USA-06-2023,89CW-USA-06-2023-G20N-BMW-330iX,3 Series G20 Sedan LCI,G20N,330iX,89CW,Sedan,USA,2023-06,2025-03
12GH-EUR-07-2023,12GH-EUR-07-2023-F74-BMW-218d,2 Series F74 Gran Coupé,F74,218d,12GH,Gran Coupé,EUR,2023-07,2023-07
14EJ-THA-07-2023,14EJ-THA-07-2023-G70-BMW-740d,7 Series G70,G70,740d,14EJ,Sedan,THA,2023-07,2024-04
17EJ-IND-07-2023,17EJ-IND-07-2023-G70-BMW-740d,7 Series G70,G70,740d,17EJ,Sedan,IND,2023-07,2025-04
21HJ-EUR-07-2023,21HJ-EUR-07-2023-G80N-BMW-M3_Competition,3 Series G80 M3 LCI,G80N,M3 Competition,21HJ,Sedan,EUR,2023-07,2025-03
22GB-EUR-07-2023,22GB-EUR-07-2023-G81N-BMW-M3_Comp_M_xDrive,3 Series G81 M3 Touring LCI,G81N,M3 Comp. M xDrive,22GB,Touring,EUR,2023-07,2025-03
32HJ-EUR-07-2023,32HJ-EUR-07-2023-G80N-BMW-M3_Comp_M_xDrive,3 Series G80 M3 LCI,G80N,M3 Comp. M xDrive,32HJ,Sedan,EUR,2023-07,2025-03
51FR-EUR-07-2023,51FR-EUR-07-2023-G26N-BMW-420dX,4 Series G26 Gran Coupé LCI,G26N,420dX,51FR,Gran Coupé,EUR,2023-07,2025-03
52GM-EUR-07-2023,52GM-EUR-07-2023-U10-BMW-iX2_eDrive20,X2 U10,U10,iX2 eDrive20,52GM,SAC,EUR,2023-07,2025-03
61FR-EUR-07-2023,61FR-EUR-07-2023-G26N-BMW-430dX,4 Series G26 Gran Coupé LCI,G26N,430dX,61FR,Gran Coupé,EUR,2023-07,2025-03
62FX-EUR-07-2023,62FX-EUR-07-2023-U12-BMW-iX1_eDrive25L,X1L U12,U12,iX1 eDrive25L,62FX,SUV,EUR,2023-07,2024-12
65GP-EUR-07-2023,65GP-EUR-07-2023-G45-BMW-X3_30e_xDrive,X3 G45,G45,X3 30e xDrive,65GP,SUV,EUR,2023-07,2025-03
66GP-EUR-07-2023,66GP-EUR-07-2023-G45-BMW-X3_30e_xDrive,X3 G45,G45,X3 30e xDrive,66GP,SUV,EUR,2023-07,2025-03
72GP-EUR-07-2023,72GP-EUR-07-2023-G45-BMW-X3_M50_xDrive,X3 G45,G45,X3 M50 xDrive,72GP,SUV,EUR,2023-07,2025-03
14FL-THA-08-2023,14FL-THA-08-2023-G60-BMW-520d,5 Series G60 Sedan,G60,520d,14FL,Sedan,THA,2023-08,2025-04
21GJ-EUR-08-2023,21GJ-EUR-08-2023-F78-BMW-225L,2 Series F78 Gran Coupé,F78,225L,21GJ,Gran Coupé,EUR,2023-08,2025-03
31GJ-EUR-08-2023,31GJ-EUR-08-2023-F78-BMW-M235L_xDrive,2 Series F78 Gran Coupé,F78,M235L xDrive,31GJ,Gran Coupé,EUR,2023-08,2025-03
11HS-EUR-09-2023,11HS-EUR-09-2023-G68-BMW-i5_xDrive50L,5 Series G68 Sedan,G68,i5 xDrive50L,11HS,Sedan,EUR,2023-09,2025-03
12FM-EUR-09-2023,12FM-EUR-09-2023-G68-BMW-525Li,5 Series G68 Sedan,G68,525Li,12FM,Sedan,EUR,2023-09,2025-03
21GT-EUR-09-2023,21GT-EUR-09-2023-G48-BMW-X3_xDrive30L,X3L G48,G48,X3 xDrive30L,21GT,SUV,EUR,2023-09,2025-03
41GN-EUR-09-2023,41GN-EUR-09-2023-U10-BMW-X2_18d,X2 U10,U10,X2 18d,41GN,SAC,EUR,2023-09,2025-03
71FM-EUR-09-2023,71FM-EUR-09-2023-G68-BMW-i5_eDrive35L,5 Series G68 Sedan,G68,i5 eDrive35L,71FM,Sedan,EUR,2023-09,2025-03
11GV-EUR-10-2023,11GV-EUR-10-2023-G61-BMW-520i,5 Series G61 Touring,G61,520i,11GV,Touring,EUR,2023-10,2025-03
12HC-EUR-10-2023,12HC-EUR-10-2023-G26N-BMW-420i,4 Series G26 Gran Coupé LCI,G26N,420i,12HC,Gran Coupé,EUR,2023-10,2025-03
12HD-EUR-10-2023,12HD-EUR-10-2023-G26F-BMW_i-i4_eDrive35,i4 G26 Gran Coupé LCI,G26F,i4 eDrive35,12HD,Gran Coupé,EUR,2023-10,2025-03
12HK-EUR-10-2023,12HK-EUR-10-2023-G82N-BMW-M4,4 Series G82 M4 Coupé LCI,G82N,M4,12HK,Coupe,EUR,2023-10,2025-02
13HK-USA-10-2023,13HK-USA-10-2023-G82N-BMW-M4,4 Series G82 M4 Coupé LCI,G82N,M4,13HK,Coupe,USA,2023-10,2025-02
15GR-EUR-10-2023,15GR-EUR-10-2023-G45-BMW-X3_20d_xDrive,X3 G45,G45,X3 20d xDrive,15GR,SUV,EUR,2023-10,2025-03
16GR-EUR-10-2023,16GR-EUR-10-2023-G45-BMW-X3_20d_xDrive,X3 G45,G45,X3 20d xDrive,16GR,SUV,EUR,2023-10,2025-03
18FF-EUR-10-2023,18FF-EUR-10-2023-G20N-BMW-320i,3 Series G20 Sedan LCI,G20N,320i,18FF,Sedan,EUR,2023-10,2024-11
21HH-EUR-10-2023,21HH-EUR-10-2023-G61-BMW-i5_xDrive40,5 Series G61 Touring,G61,i5 xDrive40,21HH,Touring,EUR,2023-10,2025-02
22HD-EUR-10-2023,22HD-EUR-10-2023-G26F-BMW_i-i4_eDrive40,i4 G26 Gran Coupé LCI,G26F,i4 eDrive40,22HD,Gran Coupé,EUR,2023-10,2025-03
23HK-USA-10-2023,23HK-USA-10-2023-G82N-BMW-M4_Competition,4 Series G82 M4 Coupé LCI,G82N,M4 Competition,23HK,Coupe,USA,2023-10,2025-03
32FP-EUR-10-2023,32FP-EUR-10-2023-G23N-BMW-430i,4 Series G23 Convertible LCI,G23N,430i,32FP,Convertible,EUR,2023-10,2025-03
33HK-USA-10-2023,33HK-USA-10-2023-G82N-BMW-M4_Comp_M_xDrive,4 Series G82 M4 Coupé LCI,G82N,M4 Comp. M xDrive,33HK,Coupe,USA,2023-10,2025-03
35GP-EUR-10-2023,35GP-EUR-10-2023-G45-BMW-X3_20_xDrive,X3 G45,G45,X3 20 xDrive,35GP,SUV,EUR,2023-10,2025-03
36GP-EUR-10-2023,36GP-EUR-10-2023-G45-BMW-X3_20_xDrive,X3 G45,G45,X3 20 xDrive,36GP,SUV,EUR,2023-10,2025-03
40GK-EUR-10-2023,40GK-EUR-10-2023-G20N-BMW-330e,3 Series G20 Sedan LCI,G20N,330e,40GK,Sedan,EUR,2023-10,2025-03
41FB-EUR-10-2023,41FB-EUR-10-2023-G26N-BMW-420i,4 Series G26 Gran Coupé LCI,G26N,420i,41FB,Gran Coupé,EUR,2023-10,2025-03
41GV-EUR-10-2023,41GV-EUR-10-2023-G61-BMW-550eX,5 Series G61 Touring,G61,550eX,41GV,Touring,EUR,2023-10,2025-03
41HC-EUR-10-2023,41HC-EUR-10-2023-G26N-BMW-430iX,4 Series G26 Gran Coupé LCI,G26N,430iX,41HC,Gran Coupé,EUR,2023-10,2025-03
42FN-EUR-10-2023,42FN-EUR-10-2023-G22N-BMW-420d,4 Series G22 Coupé LCI,G22N,420d,42FN,Coupe,EUR,2023-10,2025-02
42GN-EUR-10-2023,42GN-EUR-10-2023-U10-BMW-X2_18d,X2 U10,U10,X2 18d,42GN,SAC,EUR,2023-10,2024-01
42HB-EUR-10-2023,42HB-EUR-10-2023-G22N-BMW-430i,4 Series G22 Coupé LCI,G22N,430i,42HB,Coupe,EUR,2023-10,2025-03
43HD-USA-10-2023,43HD-USA-10-2023-G26F-BMW_i-i4_xDrive40,i4 G26 Gran Coupé LCI,G26F,i4 xDrive40,43HD,Gran Coupé,USA,2023-10,2025-03
51FT-EUR-10-2023,51FT-EUR-10-2023-G20N-BMW-M340i,3 Series G20 Sedan LCI,G20N,M340i,51FT,Sedan,EUR,2023-10,2025-03
51GE-EUR-10-2023,51GE-EUR-10-2023-F70-BMW-120,1 Series F70,F70,120,51GE,5 doors,EUR,2023-10,2025-03
52FR-EUR-10-2023,52FR-EUR-10-2023-G26N-BMW-420dX,4 Series G26 Gran Coupé LCI,G26N,420dX,52FR,Gran Coupé,EUR,2023-10,2025-03
61GG-EUR-10-2023,61GG-EUR-10-2023-F74-BMW-220,2 Series F74 Gran Coupé,F74,220,61GG,Gran Coupé,EUR,2023-10,2025-03
62HC-EUR-10-2023,62HC-EUR-10-2023-G26N-BMW-M440iX,4 Series G26 Gran Coupé LCI,G26N,M440iX,62HC,Gran Coupé,EUR,2023-10,2025-03
71GG-EUR-10-2023,71GG-EUR-10-2023-F74-BMW-223_xDrive,2 Series F74 Gran Coupé,F74,223 xDrive,71GG,Gran Coupé,EUR,2023-10,2025-03
71HC-EUR-10-2023,71HC-EUR-10-2023-G26N-BMW-BMW_ALPINA_B4,4 Series G26 Gran Coupé LCI,G26N,BMW ALPINA B4,71HC,Gran Coupé,EUR,2023-10,2025-02
83GG-USA-10-2023,83GG-USA-10-2023-F74-BMW-228,2 Series F74 Gran Coupé,F74,228,83GG,Gran Coupé,USA,2023-10,2025-03
12GV-EUR-11-2023,12GV-EUR-11-2023-G61-BMW-520i,5 Series G61 Touring,G61,520i,12GV,Touring,EUR,2023-11,2025-03
13HD-USA-11-2023,13HD-USA-11-2023-G26F-BMW_i-i4_eDrive35,i4 G26 Gran Coupé LCI,G26F,i4 eDrive35,13HD,Gran Coupé,USA,2023-11,2025-03
13HJ-USA-11-2023,13HJ-USA-11-2023-G80N-BMW-M3,3 Series G80 M3 LCI,G80N,M3,13HJ,Sedan,USA,2023-11,2025-03
23HD-USA-11-2023,23HD-USA-11-2023-G26F-BMW_i-i4_eDrive40,i4 G26 Gran Coupé LCI,G26F,i4 eDrive40,23HD,Gran Coupé,USA,2023-11,2025-03
52GN-EUR-11-2023,52GN-EUR-11-2023-U10-BMW-X2_20dX,X2 U10,U10,X2 20dX,52GN,SAC,EUR,2023-11,2025-03
59FT-USA-11-2023,59FT-USA-11-2023-G20N-BMW-M340i,3 Series G20 Sedan LCI,G20N,M340i,59FT,Sedan,USA,2023-11,2025-03
61FA-EUR-11-2023,61FA-EUR-11-2023-G42-BMW-M240iX,2 Series G42,G42,M240iX,61FA,Coupe,EUR,2023-11,2025-03
82GV-EUR-11-2023,82GV-EUR-11-2023-G99-BMW-M5,5 Series G99 M5 Touring,G99,M5,82GV,Touring,EUR,2023-11,2025-02
18FJ-MYS-12-2023,18FJ-MYS-12-2023-G60-BMW-520i,5 Series G60 Sedan,G60,520i,18FJ,Sedan,MYS,2023-12,2025-03
74FJ-THA-12-2023,74FJ-THA-12-2023-G60-BMW-530e,5 Series G60 Sedan,G60,530e,74FJ,Sedan,THA,2023-12,2025-01
16FJ-IDN-01-2024,16FJ-IDN-01-2024-G60-BMW-520i,5 Series G60 Sedan,G60,520i,16FJ,Sedan,IDN,2024-01,2025-04
21GG-EUR-01-2024,21GG-EUR-01-2024-F74-BMW-228_xDrive,2 Series F74 Gran Coupé,F74,228 xDrive,21GG,Gran Coupé,EUR,2024-01,2025-02
22GH-EUR-01-2024,22GH-EUR-01-2024-F74-BMW-220d,2 Series F74 Gran Coupé,F74,220d,22GH,Gran Coupé,EUR,2024-01,2025-03
32GG-EUR-01-2024,32GG-EUR-01-2024-F74-BMW-M235_xDrive,2 Series F74 Gran Coupé,F74,M235 xDrive,32GG,Gran Coupé,EUR,2024-01,2025-03
72BY-EUR-01-2024,72BY-EUR-01-2024-U06-BMW-220d,2 Series U06 Active Tourer,U06,220d,72BY,Active Tourer,EUR,2024-01,2024-01
11GP-EUR-02-2024,11GP-EUR-02-2024-G45-BMW-X3_20,X3 G45,G45,X3 20,11GP,SUV,EUR,2024-02,2024-12
15HL-VNM-02-2024,15HL-VNM-02-2024-G60-BMW-520i,5 Series G60 Sedan,G60,520i,15HL,Sedan,VNM,2024-02,2024-12
71FR-EUR-02-2024,71FR-EUR-02-2024-G26N-BMW-BMW_ALPINA_D4s,4 Series G26 Gran Coupé LCI,G26N,BMW ALPINA D4s,71FR,Gran Coupé,EUR,2024-02,2025-02
72HC-EUR-02-2024,72HC-EUR-02-2024-G26N-BMW-BMW_ALPINA_B4,4 Series G26 Gran Coupé LCI,G26N,BMW ALPINA B4,72HC,Gran Coupé,EUR,2024-02,2025-02
18HL-MYS-03-2024,18HL-MYS-03-2024-G60-BMW-520i,5 Series G60 Sedan,G60,520i,18HL,Sedan,MYS,2024-03,2024-09
31GB-EUR-03-2024,31GB-EUR-03-2024-G81N-BMW-M3_CS,3 Series G81 M3 Touring LCI,G81N,M3 CS,31GB,Touring,EUR,2024-03,2025-03
31HG-EUR-03-2024,31HG-EUR-03-2024-G60-BMW-i5_xDrive40,5 Series G60 Sedan,G60,i5 xDrive40,31HG,Sedan,EUR,2024-03,2024-06
32GE-EUR-03-2024,32GE-EUR-03-2024-F70-BMW-116,1 Series F70,F70,116,32GE,5 doors,EUR,2024-03,2025-03
33HG-USA-03-2024,33HG-USA-03-2024-G60-BMW-i5_xDrive40,5 Series G60 Sedan,G60,i5 xDrive40,33HG,Sedan,USA,2024-03,2024-06
41HG-EUR-03-2024,41HG-EUR-03-2024-G60-BMW-i5_M60_xDrive,5 Series G60 Sedan,G60,i5 M60 xDrive,41HG,Sedan,EUR,2024-03,2024-10
51HH-EUR-03-2024,51HH-EUR-03-2024-G61-BMW-i5_xDrive40,5 Series G61 Touring,G61,i5 xDrive40,51HH,Touring,EUR,2024-03,2024-06
61HH-EUR-03-2024,61HH-EUR-03-2024-G61-BMW-i5_M60_xDrive,5 Series G61 Touring,G61,i5 M60 xDrive,61HH,Touring,EUR,2024-03,2024-10
22GV-EUR-04-2024,22GV-EUR-04-2024-G61-BMW-530e,5 Series G61 Touring,G61,530e,22GV,Touring,EUR,2024-04,2025-03
32EG-EUR-04-2024,32EG-EUR-04-2024-U11-BMW-X1_18d,X1 U11,U11,X1 18d,32EG,SUV,EUR,2024-04,2024-04
32FL-EUR-04-2024,32FL-EUR-04-2024-G60-BMW-540dX,5 Series G60 Sedan,G60,540dX,32FL,Sedan,EUR,2024-04,2025-02
35EX-EGY-04-2024,35EX-EGY-04-2024-G06N-BMW-X6_40iX,X6 G06 LCI,G06N,X6 40iX,35EX,SAC,EGY,2024-04,2025-04
52GL-EUR-04-2024,52GL-EUR-04-2024-G21N-BMW-330eX,3 Series G21 Touring LCI,G21N,330eX,52GL,Touring,EUR,2024-04,2024-04
27FM-IND-05-2024,27FM-IND-05-2024-G68-BMW-530Li,5 Series G68 Sedan,G68,530Li,27FM,Sedan,IND,2024-05,2025-04
41GG-EUR-05-2024,41GG-EUR-05-2024-F74-BMW-216,2 Series F74 Gran Coupé,F74,216,41GG,Gran Coupé,EUR,2024-05,2025-03
12HJ-EUR-06-2024,12HJ-EUR-06-2024-G80N-BMW-M3,3 Series G80 M3 LCI,G80N,M3,12HJ,Sedan,EUR,2024-06,2025-02
21HC-EUR-06-2024,21HC-EUR-06-2024-G26N-BMW-420i_16,4 Series G26 Gran Coupé LCI,G26N,420i 1.6,21HC,Gran Coupé,EUR,2024-06,2025-03
22HH-EUR-06-2024,22HH-EUR-06-2024-G61-BMW-i5_xDrive40,5 Series G61 Touring,G61,i5 xDrive40,22HH,Touring,EUR,2024-06,2024-06
32GB-EUR-06-2024,32GB-EUR-06-2024-G81N-BMW-M3_CS,3 Series G81 M3 Touring LCI,G81N,M3 CS,32GB,Touring,EUR,2024-06,2024-06
42FJ-EUR-06-2024,42FJ-EUR-06-2024-G60-BMW-530i,5 Series G60 Sedan,G60,530i,42FJ,Sedan,EUR,2024-06,2025-03
42FR-EUR-06-2024,42FR-EUR-06-2024-G26N-BMW-420d,4 Series G26 Gran Coupé LCI,G26N,420d,42FR,Gran Coupé,EUR,2024-06,2025-03
42GV-EUR-06-2024,42GV-EUR-06-2024-G61-BMW-550eX,5 Series G61 Touring,G61,550eX,42GV,Touring,EUR,2024-06,2025-02
42HG-EUR-06-2024,42HG-EUR-06-2024-G60-BMW-i5_M60_xDrive,5 Series G60 Sedan,G60,i5 M60 xDrive,42HG,Sedan,EUR,2024-06,2024-06
61HG-EUR-06-2024,61HG-EUR-06-2024-G60-BMW-i5_eDrive40,5 Series G60 Sedan,G60,i5 eDrive40,61HG,Sedan,EUR,2024-06,2024-10
62HG-EUR-06-2024,62HG-EUR-06-2024-G60-BMW-i5_eDrive40,5 Series G60 Sedan,G60,i5 eDrive40,62HG,Sedan,EUR,2024-06,2024-10
62HH-EUR-06-2024,62HH-EUR-06-2024-G61-BMW-i5_M60_xDrive,5 Series G61 Touring,G61,i5 M60 xDrive,62HH,Touring,EUR,2024-06,2024-06
63HG-USA-06-2024,63HG-USA-06-2024-G60-BMW-i5_eDrive40,5 Series G60 Sedan,G60,i5 eDrive40,63HG,Sedan,USA,2024-06,2024-12
71HH-EUR-06-2024,71HH-EUR-06-2024-G61-BMW-i5_eDrive40,5 Series G61 Touring,G61,i5 eDrive40,71HH,Touring,EUR,2024-06,2024-10
72FR-EUR-06-2024,72FR-EUR-06-2024-G26N-BMW-BMW_ALPINA_D4s,4 Series G26 Gran Coupé LCI,G26N,BMW ALPINA D4s,72FR,Gran Coupé,EUR,2024-06,2025-03
72HH-EUR-06-2024,72HH-EUR-06-2024-G61-BMW-i5_eDrive40,5 Series G61 Touring,G61,i5 eDrive40,72HH,Touring,EUR,2024-06,2024-10
20DT-BRA-08-2024,20DT-BRA-08-2024-G02N-BMW-X4_20iX,X4 G02 LCI,G02N,X4 20iX,20DT,SAC,BRA,2024-08,2025-04
25HL-VNM-08-2024,25HL-VNM-08-2024-G60-BMW-530i,5 Series G60 Sedan,G60,530i,25HL,Sedan,VNM,2024-08,2024-11
40EU-BRA-08-2024,40EU-BRA-08-2024-G05N-BMW-X5_50eX,X5 G05 LCI,G05N,X5 50eX,40EU,SUV,BRA,2024-08,2025-04
42GL-EUR-08-2024,42GL-EUR-08-2024-G21N-BMW-330e,3 Series G21 Touring LCI,G21N,330e,42GL,Touring,EUR,2024-08,2025-03
48FJ-MYS-08-2024,48FJ-MYS-08-2024-G60-BMW-530i,5 Series G60 Sedan,G60,530i,48FJ,Sedan,MYS,2024-08,2025-04
12GP-EUR-09-2024,12GP-EUR-09-2024-G45-BMW-X3_20,X3 G45,G45,X3 20,12GP,SUV,EUR,2024-09,2024-09
52GE-EUR-09-2024,52GE-EUR-09-2024-F70-BMW-120,1 Series F70,F70,120,52GE,5 doors,EUR,2024-09,2025-02
62GG-EUR-09-2024,62GG-EUR-09-2024-F74-BMW-220,2 Series F74 Gran Coupé,F74,220,62GG,Gran Coupé,EUR,2024-09,2025-03
67FX-IND-09-2024,67FX-IND-09-2024-U12-BMW-iX1_eDrive25L,X1L U12,U12,iX1 eDrive25L,67FX,SUV,IND,2024-09,2025-04
72GG-EUR-09-2024,72GG-EUR-09-2024-F74-BMW-223_xDrive,2 Series F74 Gran Coupé,F74,223 xDrive,72GG,Gran Coupé,EUR,2024-09,2025-03
84BW-THA-09-2024,84BW-THA-09-2024-G20N-BMW-330e,3 Series G20 Sedan LCI,G20N,330e,84BW,Sedan,THA,2024-09,2024-10
32HC-EUR-10-2024,32HC-EUR-10-2024-G26N-BMW-430i,4 Series G26 Gran Coupé LCI,G26N,430i,32HC,Gran Coupé,EUR,2024-10,2025-01
32HG-EUR-10-2024,32HG-EUR-10-2024-G60-BMW-i5_xDrive40,5 Series G60 Sedan,G60,i5 xDrive40,32HG,Sedan,EUR,2024-10,2024-10
52HH-EUR-10-2024,52HH-EUR-10-2024-G61-BMW-i5_xDrive40,5 Series G61 Touring,G61,i5 xDrive40,52HH,Touring,EUR,2024-10,2024-10
34JA-THA-11-2024,34JA-THA-11-2024-G45-BMW-X3_M50_xDrive,X3 G45,G45,X3 M50 xDrive,34JA,SUV,THA,2024-11,2024-11
42HD-EUR-11-2024,42HD-EUR-11-2024-G26F-BMW_i-i4_xDrive40,i4 G26 Gran Coupé LCI,G26F,i4 xDrive40,42HD,Gran Coupé,EUR,2024-11,2024-11
44JA-THA-11-2024,44JA-THA-11-2024-G45-BMW-X3_20d_xDrive,X3 G45,G45,X3 20d xDrive,44JA,SUV,THA,2024-11,2025-04
28EU-MYS-12-2024,28EU-MYS-12-2024-G05N-BMW-X5_40iX,X5 G05 LCI,G05N,X5 40iX,28EU,SUV,MYS,2024-12,2025-03
77JA-IND-12-2024,77JA-IND-12-2024-G45-BMW-X3_20_xDrive,X3 G45,G45,X3 20 xDrive,77JA,SUV,IND,2024-12,2025-04
85JA-VNM-12-2024,85JA-VNM-12-2024-G45-BMW-X3_20_xDrive,X3 G45,G45,X3 20 xDrive,85JA,SUV,VNM,2024-12,2025-04
47JA-IND-01-2025,47JA-IND-01-2025-G45-BMW-X3_20d_xDrive,X3 G45,G45,X3 20d xDrive,47JA,SUV,IND,2025-01,2025-04
78JA-MYS-01-2025,78JA-MYS-01-2025-G45-BMW-X3_20_xDrive,X3 G45,G45,X3 20 xDrive,78JA,SUV,MYS,2025-01,2025-03
18GG-MYS-02-2025,18GG-MYS-02-2025-F74-BMW-218,2 Series F74 Gran Coupé,F74,218,18GG,Gran Coupé,MYS,2025-02,2025-04
42GG-EUR-02-2025,42GG-EUR-02-2025-F74-BMW-216,2 Series F74 Gran Coupé,F74,216,42GG,Gran Coupé,EUR,2025-02,2025-03
76JA-IDN-02-2025,76JA-IDN-02-2025-G45-BMW-X3_20_xDrive,X3 G45,G45,X3 20 xDrive,76JA,SUV,IDN,2025-02,2025-04
16GG-IDN-03-2025,16GG-IDN-03-2025-F74-BMW-218,2 Series F74 Gran Coupé,F74,218,16GG,Gran Coupé,IDN,2025-03,2025-04
17GG-IND-03-2025,17GG-IND-03-2025-F74-BMW-218,2 Series F74 Gran Coupé,F74,218,17GG,Gran Coupé,IND,2025-03,2025-04
64GG-THA-03-2025,64GG-THA-03-2025-F74-BMW-220,2 Series F74 Gran Coupé,F74,220,64GG,Gran Coupé,THA,2025-03,2025-04
